player,player_norm,team,source,pass_att,pass_yds,pass_td,int,rush_att,rush_yds,rush_td,fpts
Jalen Hurts,jalen hurts,PHI,ESPN_CBS,26.0,219.1,1.8,0.5,9.4,43.7,0.9,24.3
Lamar Jackson,lamar jackson,BAL,ESPN_CBS,28.5,243.8,1.9,0.4,8.0,51.6,0.2,22.8
Jayden Daniels,jayden daniels,WAS,ESPN_CBS,30.8,230.7,1.8,0.6,8.7,50.9,0.4,22.8
Joe Burrow,joe burrow,CIN,ESPN_CBS,36.4,280.7,2.2,0.6,2.7,11.5,0.1,21.0
Josh Allen,josh allen,BUF,ESPN_CBS,31.5,227.9,1.6,0.6,6.8,29.7,0.6,21.0
Baker Mayfield,baker mayfield,TB,ESPN_CBS,32.6,256.3,2.2,0.8,3.7,19.8,0.2,20.6
Bo Nix,bo nix,DEN,ESPN_CBS,32.8,225.7,1.9,0.6,5.2,26.9,0.3,20.2
Kyler Murray,kyler murray,MIN,ESPN_CBS,32.2,236.3,1.4,0.7,5.1,36.8,0.3,19.6
Patrick Mahomes II,patrick mahomes,KC,ESPN_CBS,35.5,257.0,1.7,0.7,4.3,22.3,0.2,19.1
Drake Maye,drake maye,NE,ESPN_CBS,31.0,215.6,1.7,0.8,5.0,38.3,0.2,19.1
Trevor Lawrence,trevor lawrence,JAC,ESPN_CBS,33.0,250.5,1.7,0.8,3.5,18.0,0.3,19.0
Brock Purdy,brock purdy,SF,ESPN_CBS,31.2,256.3,1.4,0.7,3.6,16.0,0.2,17.4
Daniel Jones,daniel jones,IND,ESPN_CBS,27.8,196.4,1.4,0.7,7.0,31.8,0.3,17.1
Tua Tagovailoa,tua tagovailoa,ATL,ESPN_CBS,35.1,265.9,1.7,0.7,2.0,5.7,0.0,16.9
J.J. McCarthy,jj mccarthy,MIN,ESPN_CBS,32.6,245.7,1.6,1.0,3.3,15.2,0.1,16.9
Dak Prescott,dak prescott,DAL,ESPN_CBS,37.3,247.8,1.5,0.9,2.7,11.3,0.1,16.5
Bryce Young,bryce young,CAR,ESPN_CBS,33.2,225.6,1.4,0.7,2.8,17.0,0.2,16.5
Jordan Love,jordan love,GB,ESPN_CBS,31.1,238.3,1.6,0.8,2.5,9.2,0.1,16.4
Justin Herbert,justin herbert,LAC,ESPN_CBS,32.0,227.0,1.4,0.6,3.7,15.5,0.1,15.9
Justin Fields,justin fields,KC,ESPN_CBS,29.1,185.2,1.0,0.7,7.3,37.5,0.3,15.9
C.J. Stroud,cj stroud,HOU,ESPN_CBS,33.1,248.7,1.3,0.6,3.1,14.5,0.0,15.7
Michael Penix Jr.,michael penix,ATL,ESPN_CBS,32.3,238.2,1.4,0.9,2.9,10.9,0.1,15.6
Geno Smith,geno smith,NYJ,ESPN_CBS,34.0,235.9,1.3,0.8,3.1,14.0,0.1,15.6
Matthew Stafford,matthew stafford,LAR,ESPN_CBS,32.6,246.6,1.6,0.7,1.8,2.8,0.0,15.6
Sam Darnold,sam darnold,SEA,ESPN_CBS,32.5,230.9,1.5,1.0,3.4,11.5,0.1,15.5
Jared Goff,jared goff,DET,ESPN_CBS,32.0,247.9,1.5,0.7,2.0,3.3,0.0,15.3
Caleb Williams,caleb williams,CHI,ESPN_CBS,30.6,204.1,1.3,0.6,4.4,24.6,0.0,15.0
Joe Flacco,joe flacco,CIN,ESPN_CBS,35.9,242.6,1.3,1.1,2.0,6.4,0.1,14.3
Cam Ward,cam ward,TEN,ESPN_CBS,30.7,204.1,1.2,0.8,3.7,15.4,0.1,13.8
Spencer Rattler,spencer rattler,NO,ESPN_CBS,31.6,191.0,1.1,0.7,3.5,20.8,0.0,13.0
Jalen Milroe,jalen milroe,SEA,ESPN_CBS,0.7,4.5,0.1,0.0,1.8,8.7,0.1,1.9
Jake Browning,jake browning,TB,ESPN_CBS,0.9,7.2,0.1,0.0,0.1,0.5,0.0,0.6
Marcus Mariota,marcus mariota,WAS,ESPN_CBS,0.8,5.9,0.1,0.0,0.2,0.9,0.0,0.6
Nick Mullens,nick mullens,JAC,ESPN_CBS,0.8,6.4,0.1,0.0,0.2,0.6,0.0,0.6
Zach Wilson,zach wilson,NO,ESPN_CBS,0.9,6.5,0.1,0.0,0.2,0.8,0.0,0.6
Gardner Minshew II,gardner minshew,ARI,ESPN_CBS,0.9,6.3,0.1,0.0,0.2,0.6,0.0,0.5
Jacoby Brissett,jacoby brissett,ARI,ESPN_CBS,0.8,6.0,0.1,0.0,0.2,0.8,0.0,0.5
Carson Wentz,carson wentz,MIN,ESPN_CBS,0.9,6.7,0.1,0.1,0.2,0.7,0.0,0.5
Jarrett Stidham,jarrett stidham,DEN,ESPN_CBS,0.9,5.6,0.1,0.0,0.2,0.6,0.0,0.5
Mac Jones,mac jones,SF,ESPN_CBS,0.8,5.9,0.1,0.0,0.2,0.6,0.0,0.5
Sam Howell,sam howell,DAL,ESPN_CBS,0.6,5.1,0.1,0.0,0.2,0.9,0.0,0.5
Malik Willis,malik willis,MIA,ESPN_CBS,0.8,5.5,0.1,0.0,0.2,0.8,0.0,0.5
Jimmy Garoppolo,jimmy garoppolo,LAR,ESPN_CBS,0.8,6.3,0.1,0.0,0.1,0.2,0.0,0.5
Joe Milton III,joe milton,DAL,ESPN_CBS,0.9,6.0,0.1,0.0,0.1,0.5,0.0,0.5
Mason Rudolph,mason rudolph,PIT,ESPN_CBS,0.8,5.5,0.1,0.0,0.2,0.6,0.0,0.5
Andy Dalton,andy dalton,PHI,ESPN_CBS,0.8,5.8,0.1,0.0,0.1,0.5,0.0,0.5
Davis Mills,davis mills,HOU,ESPN_CBS,0.8,5.5,0.1,0.0,0.2,0.6,0.0,0.5
Mitchell Trubisky,mitchell trubisky,TEN,ESPN_CBS,0.8,5.5,0.1,0.0,0.2,0.6,0.0,0.5
Kenny Pickett,kenny pickett,CAR,ESPN_CBS,0.9,5.7,0.1,0.0,0.1,0.5,0.0,0.5
Kirk Cousins,kirk cousins,LV,ESPN_CBS,0.8,6.2,0.1,0.0,0.2,0.3,0.0,0.5
Jaxson Dart,jaxson dart,NYG,ESPN_CBS,0.9,5.6,0.1,0.0,0.1,0.5,0.0,0.5
Tyrod Taylor,tyrod taylor,GB,ESPN_CBS,0.8,5.0,0.1,0.0,0.1,0.5,0.0,0.5
Tyson Bagent,tyson bagent,CHI,ESPN_CBS,0.8,4.8,0.1,0.0,0.1,0.5,0.0,0.5
Teddy Bridgewater,teddy bridgewater,DET,ESPN_CBS,0.6,4.7,0.1,0.0,0.1,0.3,0.0,0.5
Tyler Shough,tyler shough,NO,ESPN_CBS,0.8,4.9,0.1,0.0,0.1,0.5,0.0,0.4
Brandon Allen,brandon allen,NYG,ESPN_CBS,0.7,4.8,0.1,0.0,0.1,0.3,0.0,0.4
Anthony Richardson Sr.,anthony richardson,IND,ESPN_CBS,0.6,4.3,0.1,0.0,0.2,0.7,0.0,0.4
Drew Lock,drew lock,SEA,ESPN_CBS,0.7,4.6,0.1,0.1,0.1,0.5,0.0,0.4
Dillon Gabriel,dillon gabriel,CLE,ESPN_CBS,0.6,3.7,0.1,0.0,0.1,0.3,0.0,0.4
Trey Lance,trey lance,LAC,ESPN_CBS,0.8,5.0,0.0,0.0,0.2,0.6,0.0,0.3
Kyle Allen,kyle allen,BUF,ESPN_CBS,0.5,4.8,0.0,0.0,0.1,0.1,0.0,0.2
Trevor Siemian,trevor siemian,ATL,ESPN_CBS,0.0,0.0,0.0,0.0,0.0,0.0,0.0,0.0
Jeff Driskel,jeff driskel,WAS,ESPN_CBS,0.0,0.0,0.0,0.0,0.0,0.0,0.0,0.0
Nathan Peterman,nathan peterman,DEN,ESPN_CBS,0.0,0.0,0.0,0.0,0.0,0.0,0.0,0.0
Tyler Huntley,tyler huntley,BAL,ESPN_CBS,0.0,0.0,0.0,0.0,0.0,0.0,0.0,0.0
Shane Buechele,shane buechele,BUF,ESPN_CBS,0.0,0.0,0.0,0.0,0.0,0.0,0.0,0.0
Sean Clifford,sean clifford,CIN,ESPN_CBS,0.0,0.0,0.0,0.0,0.0,0.0,0.0,0.0
Kyle McCord,kyle mccord,GB,ESPN_CBS,0.0,0.0,0.0,0.0,0.0,0.0,0.0,0.0
Bailey Zappe,bailey zappe,NYJ,ESPN_CBS,0.0,0.0,0.0,0.0,0.0,0.0,0.0,0.0
Skylar Thompson,skylar thompson,BAL,ESPN_CBS,0.0,0.0,0.0,0.0,0.0,0.0,0.0,0.0
Hendon Hooker,hendon hooker,TEN,ESPN_CBS,0.0,0.0,0.0,0.0,0.0,0.0,0.0,0.0
Chris Oladokun,chris oladokun,KC,ESPN_CBS,0.0,0.0,0.0,0.0,0.0,0.0,0.0,0.0
Clayton Tune,clayton tune,HOU,ESPN_CBS,0.0,0.0,0.0,0.0,0.0,0.0,0.0,0.0
Kurtis Rourke,kurtis rourke,SF,ESPN_CBS,0.0,0.0,0.0,0.0,0.0,0.0,0.0,0.0
Cam Miller,cam miller,MIA,ESPN_CBS,0.0,0.0,0.0,0.0,0.0,0.0,0.0,0.0
Jalen Hurts,jalen hurts,PHI,FantasyPros,27.6,218.4,1.6,0.5,8.9,40.9,0.8,23.1
Lamar Jackson,lamar jackson,BAL,FantasyPros,29.2,235.9,1.8,0.4,7.9,51.3,0.2,22.4
Jayden Daniels,jayden daniels,WAS,FantasyPros,30.8,227.3,1.6,0.5,8.5,48.1,0.4,21.8
Josh Allen,josh allen,BUF,FantasyPros,32.5,240.7,1.6,0.5,7.3,33.8,0.5,21.6
Joe Burrow,joe burrow,CIN,FantasyPros,36.1,278.3,2.2,0.7,3.0,11.5,0.1,20.5
Baker Mayfield,baker mayfield,TB,FantasyPros,33.4,254.2,2.0,0.9,4.1,18.2,0.1,19.5
Patrick Mahomes II,patrick mahomes,KC,FantasyPros,35.7,254.0,1.7,0.6,4.5,22.6,0.1,19.4
Bo Nix,bo nix,DEN,FantasyPros,33.5,227.8,1.7,0.5,5.5,26.4,0.2,19.1
Kyler Murray,kyler murray,MIN,FantasyPros,32.4,234.4,1.4,0.8,5.5,35.7,0.3,18.9
Trevor Lawrence,trevor lawrence,JAC,FantasyPros,30.8,237.0,1.5,0.8,3.5,17.5,0.2,17.5
Drake Maye,drake maye,NE,FantasyPros,31.0,215.8,1.5,0.8,4.4,30.2,0.2,17.2
Brock Purdy,brock purdy,SF,FantasyPros,31.4,253.1,1.4,0.8,3.4,14.7,0.2,17.2
Dak Prescott,dak prescott,DAL,FantasyPros,36.7,251.0,1.6,0.9,2.5,10.2,0.1,16.7
Jordan Love,jordan love,GB,FantasyPros,31.3,235.5,1.6,0.8,2.5,10.7,0.1,16.5
Justin Fields,justin fields,KC,FantasyPros,28.9,194.8,1.0,0.8,7.4,39.9,0.4,16.5
Justin Herbert,justin herbert,LAC,FantasyPros,31.8,231.8,1.4,0.4,3.9,16.8,0.1,16.5
J.J. McCarthy,jj mccarthy,MIN,FantasyPros,33.1,242.2,1.4,0.9,3.3,15.0,0.1,16.2
Tua Tagovailoa,tua tagovailoa,ATL,FantasyPros,34.5,255.8,1.6,0.8,1.8,5.8,0.0,16.1
Jared Goff,jared goff,DET,FantasyPros,32.9,253.4,1.6,0.8,1.7,4.0,0.0,16.0
C.J. Stroud,cj stroud,HOU,FantasyPros,34.0,250.1,1.3,0.7,3.2,14.3,0.1,16.0
Caleb Williams,caleb williams,CHI,FantasyPros,31.8,217.8,1.3,0.7,5.0,25.9,0.1,15.8
Geno Smith,geno smith,NYJ,FantasyPros,34.0,247.0,1.3,0.8,3.0,12.7,0.1,15.8
Daniel Jones,daniel jones,IND,FantasyPros,30.1,204.0,1.2,0.7,5.8,27.2,0.2,15.8
Bryce Young,bryce young,CAR,FantasyPros,31.5,216.8,1.3,0.7,3.4,18.4,0.2,15.6
Michael Penix Jr.,michael penix,ATL,FantasyPros,32.1,234.7,1.3,0.8,3.2,11.1,0.2,15.5
Matthew Stafford,matthew stafford,LAR,FantasyPros,32.4,238.5,1.5,0.6,1.8,4.2,0.0,15.4
Sam Darnold,sam darnold,SEA,FantasyPros,32.6,229.5,1.3,1.0,3.6,12.5,0.1,14.9
Joe Flacco,joe flacco,CIN,FantasyPros,35.0,250.0,1.5,1.0,1.3,4.1,0.0,14.8
Cam Ward,cam ward,TEN,FantasyPros,31.0,211.9,1.1,0.8,4.1,17.1,0.1,14.1
Spencer Rattler,spencer rattler,NO,FantasyPros,31.5,209.9,1.1,0.8,3.7,19.4,0.1,13.6
Jalen Milroe,jalen milroe,SEA,FantasyPros,0.7,4.5,0.1,0.0,1.8,8.7,0.1,1.9
Mason Rudolph,mason rudolph,PIT,FantasyPros,0.7,5.1,0.0,0.0,1.4,6.3,0.1,1.3
Jaxson Dart,jaxson dart,NYG,FantasyPros,0.9,5.1,0.0,0.0,0.1,1.7,0.0,0.6
Jake Browning,jake browning,TB,FantasyPros,0.9,7.2,0.1,0.0,0.1,0.5,0.0,0.6
Marcus Mariota,marcus mariota,WAS,FantasyPros,0.8,5.9,0.1,0.0,0.2,0.9,0.0,0.6
Nick Mullens,nick mullens,JAC,FantasyPros,0.8,6.4,0.1,0.0,0.2,0.6,0.0,0.6
Zach Wilson,zach wilson,NO,FantasyPros,0.9,6.5,0.1,0.0,0.2,0.8,0.0,0.6
Gardner Minshew II,gardner minshew,ARI,FantasyPros,0.9,6.3,0.1,0.0,0.2,0.6,0.0,0.5
Jacoby Brissett,jacoby brissett,ARI,FantasyPros,0.8,6.0,0.1,0.0,0.2,0.8,0.0,0.5
Carson Wentz,carson wentz,MIN,FantasyPros,0.9,6.7,0.1,0.1,0.2,0.7,0.0,0.5
Jarrett Stidham,jarrett stidham,DEN,FantasyPros,0.9,5.6,0.1,0.0,0.2,0.6,0.0,0.5
Mac Jones,mac jones,SF,FantasyPros,0.8,5.9,0.1,0.0,0.2,0.6,0.0,0.5
Sam Howell,sam howell,DAL,FantasyPros,0.6,5.1,0.1,0.0,0.2,0.9,0.0,0.5
Malik Willis,malik willis,MIA,FantasyPros,0.8,5.5,0.1,0.0,0.2,0.8,0.0,0.5
Jimmy Garoppolo,jimmy garoppolo,LAR,FantasyPros,0.8,6.3,0.1,0.0,0.1,0.2,0.0,0.5
Joe Milton III,joe milton,DAL,FantasyPros,0.9,6.0,0.1,0.0,0.1,0.5,0.0,0.5
Andy Dalton,andy dalton,PHI,FantasyPros,0.8,5.8,0.1,0.0,0.1,0.5,0.0,0.5
Davis Mills,davis mills,HOU,FantasyPros,0.8,5.5,0.1,0.0,0.2,0.6,0.0,0.5
Mitchell Trubisky,mitchell trubisky,TEN,FantasyPros,0.8,5.5,0.1,0.0,0.2,0.6,0.0,0.5
Kenny Pickett,kenny pickett,CAR,FantasyPros,0.9,5.7,0.1,0.0,0.1,0.5,0.0,0.5
Kirk Cousins,kirk cousins,LV,FantasyPros,0.8,6.2,0.1,0.0,0.2,0.3,0.0,0.5
Tyrod Taylor,tyrod taylor,GB,FantasyPros,0.8,5.0,0.1,0.0,0.1,0.5,0.0,0.5
Tyson Bagent,tyson bagent,CHI,FantasyPros,0.8,4.8,0.1,0.0,0.1,0.5,0.0,0.5
Teddy Bridgewater,teddy bridgewater,DET,FantasyPros,0.6,4.7,0.1,0.0,0.1,0.3,0.0,0.5
Tyler Shough,tyler shough,NO,FantasyPros,0.8,4.9,0.1,0.0,0.1,0.5,0.0,0.4
Brandon Allen,brandon allen,NYG,FantasyPros,0.7,4.8,0.1,0.0,0.1,0.3,0.0,0.4
Anthony Richardson Sr.,anthony richardson,IND,FantasyPros,0.6,4.3,0.1,0.0,0.2,0.7,0.0,0.4
Drew Lock,drew lock,SEA,FantasyPros,0.7,4.6,0.1,0.1,0.1,0.5,0.0,0.4
Dillon Gabriel,dillon gabriel,CLE,FantasyPros,0.6,3.7,0.1,0.0,0.1,0.3,0.0,0.4
Trey Lance,trey lance,LAC,FantasyPros,0.8,5.0,0.0,0.0,0.2,0.6,0.0,0.3
Kyle Allen,kyle allen,BUF,FantasyPros,0.5,4.8,0.0,0.0,0.1,0.1,0.0,0.2
Josh Johnson,josh johnson,CIN,FantasyPros,0.0,0.0,0.0,0.0,0.0,0.0,0.0,0.0
Case Keenum,case keenum,CHI,FantasyPros,0.0,0.0,0.0,0.0,0.0,0.0,0.0,0.0
Jameis Winston,jameis winston,NYG,FantasyPros,0.0,0.0,0.0,0.0,0.0,0.0,0.0,0.0
Trevor Siemian,trevor siemian,ATL,FantasyPros,0.0,0.0,0.0,0.0,0.0,0.0,0.0,0.0
Jeff Driskel,jeff driskel,WAS,FantasyPros,0.0,0.0,0.0,0.0,0.0,0.0,0.0,0.0
Deshaun Watson,deshaun watson,CLE,FantasyPros,0.0,0.0,0.0,0.0,0.0,0.0,0.0,0.0
Nathan Peterman,nathan peterman,DEN,FantasyPros,0.0,0.0,0.0,0.0,0.0,0.0,0.0,0.0
Tyler Huntley,tyler huntley,BAL,FantasyPros,0.0,0.0,0.0,0.0,0.0,0.0,0.0,0.0
Shane Buechele,shane buechele,BUF,FantasyPros,0.0,0.0,0.0,0.0,0.0,0.0,0.0,0.0
Sam Ehlinger,sam ehlinger,DEN,FantasyPros,0.0,0.0,0.0,0.0,0.0,0.0,0.0,0.0
Sean Clifford,sean clifford,CIN,FantasyPros,0.0,0.0,0.0,0.0,0.0,0.0,0.0,0.0
Will Levis,will levis,TEN,FantasyPros,0.0,0.0,0.0,0.0,0.0,0.0,0.0,0.0
Kyle McCord,kyle mccord,GB,FantasyPros,0.0,0.0,0.0,0.0,0.0,0.0,0.0,0.0
Graham Mertz,graham mertz,HOU,FantasyPros,0.0,0.0,0.0,0.0,0.0,0.0,0.0,0.0
Quinn Ewers,quinn ewers,MIA,FantasyPros,0.0,0.0,0.0,0.0,0.0,0.0,0.0,0.0
Stetson Bennett IV,stetson bennett,LAR,FantasyPros,0.0,0.0,0.0,0.0,0.0,0.0,0.0,0.0
Bailey Zappe,bailey zappe,NYJ,FantasyPros,0.0,0.0,0.0,0.0,0.0,0.0,0.0,0.0
Skylar Thompson,skylar thompson,BAL,FantasyPros,0.0,0.0,0.0,0.0,0.0,0.0,0.0,0.0
Aidan O'Connell,aidan oconnell,LV,FantasyPros,0.0,0.0,0.0,0.0,0.0,0.0,0.0,0.0
Hendon Hooker,hendon hooker,TEN,FantasyPros,0.0,0.0,0.0,0.0,0.0,0.0,0.0,0.0
Chris Oladokun,chris oladokun,KC,FantasyPros,0.0,0.0,0.0,0.0,0.0,0.0,0.0,0.0
Tanner McKee,tanner mckee,PHI,FantasyPros,0.0,0.0,0.0,0.0,0.0,0.0,0.0,0.0
Clayton Tune,clayton tune,HOU,FantasyPros,0.0,0.0,0.0,0.0,0.0,0.0,0.0,0.0
Riley Leonard,riley leonard,IND,FantasyPros,0.0,0.0,0.0,0.0,0.0,0.0,0.0,0.0
Tommy DeVito,tommy devito,NE,FantasyPros,0.0,0.0,0.0,0.0,0.0,0.0,0.0,0.0
Shedeur Sanders,shedeur sanders,CLE,FantasyPros,0.0,0.0,0.0,0.0,0.0,0.0,0.0,0.0
Will Howard,will howard,PIT,FantasyPros,0.0,0.0,0.0,0.0,0.0,0.0,0.0,0.0
Kurtis Rourke,kurtis rourke,SF,FantasyPros,0.0,0.0,0.0,0.0,0.0,0.0,0.0,0.0
Cam Miller,cam miller,MIA,FantasyPros,0.0,0.0,0.0,0.0,0.0,0.0,0.0,0.0
Lamar Jackson,lamar jackson,BAL,NFL_FFToday,29.0,233.2,1.8,0.4,9.0,55.8,0.3,22.9
Jalen Hurts,jalen hurts,PHI,NFL_FFToday,31.0,225.6,1.5,0.4,9.0,39.7,0.8,22.8
Josh Allen,josh allen,BUF,NFL_FFToday,34.0,248.4,1.5,0.3,9.0,37.3,0.5,21.9
Jayden Daniels,jayden daniels,WAS,NFL_FFToday,31.0,228.1,1.5,0.3,10.0,52.4,0.4,21.9
Joe Burrow,joe burrow,CIN,NFL_FFToday,36.0,278.0,2.2,0.8,4.0,11.7,0.1,20.4
Patrick Mahomes II,patrick mahomes,KC,NFL_FFToday,37.0,257.5,1.7,0.4,4.0,20.6,0.1,19.3
Baker Mayfield,baker mayfield,TB,NFL_FFToday,35.0,260.3,1.9,0.9,5.0,16.9,0.1,19.0
Kyler Murray,kyler murray,MIN,NFL_FFToday,34.0,236.0,1.4,0.9,6.0,36.1,0.2,18.4
Bo Nix,bo nix,DEN,NFL_FFToday,36.0,235.5,1.5,0.4,6.0,25.8,0.1,18.2
Justin Fields,justin fields,KC,NFL_FFToday,29.0,202.1,1.1,0.9,8.0,44.1,0.4,17.6
Dak Prescott,dak prescott,DAL,NFL_FFToday,37.0,259.9,1.8,0.9,2.0,8.4,0.0,17.2
Brock Purdy,brock purdy,SF,NFL_FFToday,32.0,256.8,1.4,0.9,3.0,13.5,0.2,17.2
Jared Goff,jared goff,DET,NFL_FFToday,34.0,263.3,1.7,0.9,2.0,4.7,0.1,17.0
Jordan Love,jordan love,GB,NFL_FFToday,32.0,241.8,1.5,0.9,2.0,10.2,0.2,16.6
Trevor Lawrence,trevor lawrence,JAC,NFL_FFToday,32.0,241.8,1.5,0.9,3.0,16.0,0.2,16.6
Justin Herbert,justin herbert,LAC,NFL_FFToday,31.0,232.0,1.4,0.3,4.0,17.2,0.1,16.5
Geno Smith,geno smith,NYJ,NFL_FFToday,36.0,260.2,1.4,0.9,3.0,11.6,0.0,15.9
Caleb Williams,caleb williams,CHI,NFL_FFToday,36.0,233.7,1.2,0.9,5.0,26.0,0.1,15.9
Drake Maye,drake maye,NE,NFL_FFToday,33.0,218.8,1.3,0.9,3.0,26.7,0.1,15.8
C.J. Stroud,cj stroud,HOU,NFL_FFToday,37.0,253.9,1.4,0.9,2.0,10.0,0.0,15.8
Tua Tagovailoa,tua tagovailoa,ATL,NFL_FFToday,34.0,253.9,1.5,0.9,2.0,6.6,0.0,15.6
J.J. McCarthy,jj mccarthy,MIN,NFL_FFToday,34.0,240.7,1.3,0.9,3.0,14.1,0.1,15.5
Bryce Young,bryce young,CAR,NFL_FFToday,35.0,226.0,1.3,0.8,3.0,17.4,0.1,15.4
Matthew Stafford,matthew stafford,LAR,NFL_FFToday,33.0,238.5,1.5,0.4,1.0,1.6,0.0,15.2
Joe Flacco,joe flacco,CIN,NFL_FFToday,34.0,256.6,1.5,1.0,0.0,1.9,0.0,15.2
Daniel Jones,daniel jones,IND,NFL_FFToday,35.0,221.2,1.1,0.8,5.0,25.6,0.2,15.0
Michael Penix Jr.,michael penix,ATL,NFL_FFToday,33.0,234.8,1.2,0.9,3.0,8.3,0.2,14.9
Sam Darnold,sam darnold,SEA,NFL_FFToday,34.0,238.0,1.2,1.0,4.0,11.0,0.0,14.4
Cam Ward,cam ward,TEN,NFL_FFToday,32.0,221.8,1.1,0.9,4.0,15.3,0.1,14.2
Spencer Rattler,spencer rattler,NO,NFL_FFToday,32.0,191.0,1.0,0.9,5.0,21.3,0.1,12.6
Jaxson Dart,jaxson dart,NYG,NFL_FFToday,0.0,4.3,0.0,0.0,0.0,4.3,0.0,1.0
