rule_removed,rule_dimensions,removed_bets,removed_roi,removed_profit_units,remaining_bets,remaining_roi,remaining_profit_units,roi_lift,profit_change_units,pct_bets_retained,baseline_roi,baseline_bets,multiple_testing_note,evidence_class
absolute_projection_edge < 0.35,1,303,-0.2096369636963696,-63.519999999999996,305,-0.10032786885245902,-30.6,0.054474762726488365,63.52,0.5016447368421053,-0.1548026315789474,608,exploratory; rule family comparison index 49,hypothesis worth holdout testing
absolute_projection_edge < 0.18,1,149,-0.28697986577181206,-42.76,459,-0.11189542483660131,-51.36,0.04290720674234608,42.760000000000005,0.7549342105263158,-0.1548026315789474,608,exploratory; rule family comparison index 47,hypothesis worth holdout testing
projection_minus_line_bucket = 0-0.25,1,122,-0.3140983606557377,-38.32,486,-0.11481481481481481,-55.8,0.03998781676413257,38.32000000000001,0.7993421052631579,-0.1548026315789474,608,exploratory; rule family comparison index 16,hypothesis worth holdout testing
projection_minus_line_bucket = 0-0.25 AND verified_edge_bucket = 0-0.5,2,122,-0.3140983606557377,-38.32,486,-0.11481481481481481,-55.8,0.03998781676413257,38.32000000000001,0.7993421052631579,-0.1548026315789474,608,exploratory; rule family comparison index 277,hypothesis worth holdout testing
side = over,1,250,-0.20844,-52.11,358,-0.11734636871508378,-42.00999999999999,0.03745626286386361,52.110000000000014,0.5888157894736842,-0.1548026315789474,608,exploratory; rule family comparison index 2,hypothesis worth holdout testing
projection_minus_line_bucket = 0-0.25 AND ev_bucket = 2-5,2,68,-0.4361764705882353,-29.66,540,-0.11937037037037039,-64.46000000000001,0.035432261208576996,29.659999999999997,0.8881578947368421,-0.1548026315789474,608,exploratory; rule family comparison index 267,hypothesis worth holdout testing
side = over AND ev_bucket = 2-5,2,120,-0.2925833333333333,-35.11,488,-0.12092213114754097,-59.00999999999999,0.03388050043140642,35.110000000000014,0.8026315789473685,-0.1548026315789474,608,exploratory; rule family comparison index 78,hypothesis worth holdout testing
side = over AND probability_bucket = 45-50%,2,53,-0.5067924528301887,-26.86,555,-0.1211891891891892,-67.26,0.03361344238975819,26.86,0.912828947368421,-0.1548026315789474,608,exploratory; rule family comparison index 67,hypothesis worth holdout testing
ev_bucket = 2-5 AND verified_edge_bucket = 0-0.5,2,196,-0.2226020408163265,-43.629999999999995,412,-0.12254854368932039,-50.49,0.032254087889627,43.63,0.6776315789473685,-0.1548026315789474,608,exploratory; rule family comparison index 326,hypothesis worth holdout testing
projection_minus_line_bucket = -0.25-0,1,96,-0.3123958333333333,-29.99,512,-0.12525390625,-64.13,0.029548725328947395,29.99000000000001,0.8421052631578947,-0.1548026315789474,608,exploratory; rule family comparison index 14,hypothesis worth holdout testing
projection_minus_line_bucket = -0.25-0 AND verified_edge_bucket = 0-0.5,2,96,-0.3123958333333333,-29.99,512,-0.12525390625,-64.13,0.029548725328947395,29.99000000000001,0.8421052631578947,-0.1548026315789474,608,exploratory; rule family comparison index 275,hypothesis worth holdout testing
side = over AND projection_minus_line_bucket = 0-0.25,2,55,-0.444,-24.42,553,-0.1260397830018083,-69.69999999999999,0.028762848577139094,24.420000000000016,0.9095394736842105,-0.1548026315789474,608,exploratory; rule family comparison index 52,hypothesis worth holdout testing
ev_bucket = 2-5,1,271,-0.19047970479704796,-51.62,337,-0.1261127596439169,-42.5,0.028689871935030475,51.620000000000005,0.5542763157894737,-0.1548026315789474,608,exploratory; rule family comparison index 28,hypothesis worth holdout testing
projection_edge < 0.17,1,303,-0.18267326732673264,-55.349999999999994,305,-0.12711475409836065,-38.769999999999996,0.027687877480586737,55.35000000000001,0.5016447368421053,-0.1548026315789474,608,exploratory; rule family comparison index 35,hypothesis worth holdout testing
probability_bucket = 45-50% AND verified_edge_bucket = 0-0.5,2,91,-0.3067032967032967,-27.91,517,-0.12806576402321085,-66.21000000000001,0.026736867555736538,27.909999999999997,0.850328947368421,-0.1548026315789474,608,exploratory; rule family comparison index 307,hypothesis worth holdout testing
probability_bucket = 57.5-60%,1,61,-0.38737704918032784,-23.63,547,-0.12886654478976234,-70.49,0.025936086789185048,23.63000000000001,0.899671052631579,-0.1548026315789474,608,exploratory; rule family comparison index 18,hypothesis worth holdout testing
probability_bucket = 45-50%,1,103,-0.28009708737864075,-28.849999999999998,505,-0.12924752475247525,-65.27,0.025555106826472135,28.85000000000001,0.8305921052631579,-0.1548026315789474,608,exploratory; rule family comparison index 23,hypothesis worth holdout testing
projection_minus_line_bucket = 0.5-1 AND ev_bucket = 5-10,2,67,-0.3597014925373134,-24.1,541,-0.12942698706099817,-70.02000000000001,0.025375644517949214,24.099999999999994,0.8898026315789473,-0.1548026315789474,608,exploratory; rule family comparison index 258,hypothesis worth holdout testing
side = under AND projection_minus_line_bucket = -0.25-0,2,79,-0.31329113924050633,-24.75,529,-0.1311342155009452,-69.37,0.023668416078002186,24.75,0.8700657894736842,-0.1548026315789474,608,exploratory; rule family comparison index 49,hypothesis worth holdout testing
projection_minus_line_bucket = 0.5-1,1,125,-0.24600000000000002,-30.750000000000004,483,-0.1312008281573499,-63.37,0.023601803421597484,30.750000000000007,0.7944078947368421,-0.1548026315789474,608,exploratory; rule family comparison index 11,hypothesis worth holdout testing
projection_minus_line_bucket = 0.5-1 AND verified_edge_bucket = 0.5-1,2,125,-0.24600000000000002,-30.750000000000004,483,-0.1312008281573499,-63.37,0.023601803421597484,30.750000000000007,0.7944078947368421,-0.1548026315789474,608,exploratory; rule family comparison index 272,hypothesis worth holdout testing
predicted_probability < 0.4979,1,122,-0.2487704918032787,-30.35,486,-0.13121399176954732,-63.769999999999996,0.02358863980940007,30.35000000000001,0.7993421052631579,-0.1548026315789474,608,exploratory; rule family comparison index 17,hypothesis worth holdout testing
absolute_projection_edge < 0.14,1,121,-0.24842975206611573,-30.060000000000002,487,-0.13154004106776182,-64.06,0.023262590511185566,30.060000000000002,0.8009868421052632,-0.1548026315789474,608,exploratory; rule family comparison index 45,hypothesis worth holdout testing
recommended_ev_percent_value < 5.371,1,304,-0.17743421052631578,-53.94,304,-0.13217105263157894,-40.18,0.022631578947368447,53.940000000000005,0.5,-0.1548026315789474,608,exploratory; rule family comparison index 7,hypothesis worth holdout testing
predicted_probability < 0.5067,1,152,-0.21756578947368416,-33.06999999999999,456,-0.13388157894736843,-61.05000000000001,0.02092105263157895,33.06999999999999,0.75,-0.1548026315789474,608,exploratory; rule family comparison index 19,hypothesis worth holdout testing
side = over AND projection_minus_line_bucket = 0.5-1,2,105,-0.25457142857142856,-26.73,503,-0.13397614314115305,-67.38999999999999,0.020826488437794333,26.730000000000018,0.8273026315789473,-0.1548026315789474,608,exploratory; rule family comparison index 46,hypothesis worth holdout testing
side = over AND verified_edge_bucket = 0.5-1,2,105,-0.25457142857142856,-26.73,503,-0.13397614314115305,-67.38999999999999,0.020826488437794333,26.730000000000018,0.8273026315789473,-0.1548026315789474,608,exploratory; rule family comparison index 81,hypothesis worth holdout testing
projection_edge >= -0.28,1,486,-0.195082304526749,-94.81,122,0.005655737704918027,0.6899999999999993,0.16045836928386542,94.81,0.20065789473684212,-0.1548026315789474,608,exploratory; rule family comparison index 32,insufficient sample
projection_edge >= -0.49,1,549,-0.16648451730418945,-91.4,59,-0.046101694915254246,-2.7200000000000006,0.10870093666369314,91.4,0.09703947368421052,-0.1548026315789474,608,exploratory; rule family comparison index 30,insufficient sample
predicted_probability < 0.6327,1,456,-0.19,-86.64,152,-0.049210526315789475,-7.48,0.1055921052631579,86.64,0.25,-0.1548026315789474,608,exploratory; rule family comparison index 23,insufficient sample
predicted_probability < 0.6396,1,486,-0.1784567901234568,-86.73,122,-0.060573770491803264,-7.389999999999998,0.09422886108714412,86.73,0.20065789473684212,-0.1548026315789474,608,exploratory; rule family comparison index 25,insufficient sample
absolute_projection_edge < 0.77,1,546,-0.1648351648351648,-89.99999999999999,62,-0.06645161290322582,-4.120000000000001,0.08835101867572157,90.0,0.10197368421052631,-0.1548026315789474,608,exploratory; rule family comparison index 55,insufficient sample
projection_edge >= -0.2,1,457,-0.18168490153172867,-83.03,151,-0.07344370860927152,-11.09,0.08135892296967587,83.03,0.24835526315789475,-0.1548026315789474,608,exploratory; rule family comparison index 34,insufficient sample
projection_edge < 0.75,1,543,-0.16386740331491711,-88.97999999999999,65,-0.07907692307692309,-5.140000000000001,0.0757257085020243,88.98,0.1069078947368421,-0.1548026315789474,608,exploratory; rule family comparison index 41,insufficient sample
recommended_ev_percent_value < 7.577,1,456,-0.17339912280701753,-79.07,152,-0.09901315789473684,-15.05,0.05578947368421054,79.07000000000001,0.25,-0.1548026315789474,608,exploratory; rule family comparison index 9,insufficient sample
recommended_ev_percent_value >= 3.261,1,486,-0.1672839506172839,-81.29999999999998,122,-0.10508196721311473,-12.819999999999997,0.049720664365832654,81.30000000000001,0.20065789473684212,-0.1548026315789474,608,exploratory; rule family comparison index 4,insufficient sample
recommended_ev_percent_value < 7.898,1,486,-0.1630864197530864,-79.25999999999999,122,-0.12180327868852459,-14.86,0.0329993528904228,79.26,0.20065789473684212,-0.1548026315789474,608,exploratory; rule family comparison index 11,insufficient sample
recommended_ev_percent_value >= 3.568,1,456,-0.15478070175438596,-70.58,152,-0.15486842105263157,-23.54,-6.578947368418575e-05,70.58000000000001,0.25,-0.1548026315789474,608,exploratory; rule family comparison index 6,insufficient sample
verified_edge_bucket = 0-0.5,1,412,-0.15281553398058254,-62.96,196,-0.15897959183673468,-31.16,-0.004176960257787299,62.96000000000001,0.3223684210526316,-0.1548026315789474,608,exploratory; rule family comparison index 29,insufficient sample
projection_edge < 0.45,1,454,-0.14896475770925108,-67.63,154,-0.17201298701298703,-26.490000000000002,-0.017210355434039648,67.63,0.2532894736842105,-0.1548026315789474,608,exploratory; rule family comparison index 37,insufficient sample
absolute_projection_edge < 0.636,1,486,-0.14810699588477366,-71.98,122,-0.18147540983606558,-22.14,-0.026672778257118196,71.98,0.20065789473684212,-0.1548026315789474,608,exploratory; rule family comparison index 53,insufficient sample
projection_edge >= 0.17,1,305,-0.12711475409836065,-38.769999999999996,303,-0.18267326732673264,-55.349999999999994,-0.027870635747785255,38.77000000000001,0.49835526315789475,-0.1548026315789474,608,exploratory; rule family comparison index 36,insufficient sample
absolute_projection_edge < 0.59,1,453,-0.14298013245033112,-64.77,155,-0.18935483870967743,-29.35,-0.03455220713073004,64.77000000000001,0.25493421052631576,-0.1548026315789474,608,exploratory; rule family comparison index 51,insufficient sample
ev_bucket = 5-10,1,337,-0.1261127596439169,-42.5,271,-0.19047970479704796,-51.62,-0.03567707321810057,42.50000000000001,0.4457236842105263,-0.1548026315789474,608,exploratory; rule family comparison index 27,insufficient sample
predicted_probability < 0.6691,1,547,-0.15073126142595977,-82.45,61,-0.19131147540983606,-11.67,-0.036508843830888676,82.45,0.10032894736842106,-0.1548026315789474,608,exploratory; rule family comparison index 27,insufficient sample
recommended_ev_percent_value >= 2.6,1,547,-0.15045703839122485,-82.29999999999998,61,-0.19377049180327868,-11.82,-0.0389678602243313,82.30000000000001,0.10032894736842106,-0.1548026315789474,608,exploratory; rule family comparison index 2,insufficient sample
recommended_ev_percent_value < 8.937,1,547,-0.15043875685557587,-82.29,61,-0.19393442622950816,-11.829999999999998,-0.03913179465056077,82.29,0.10032894736842106,-0.1548026315789474,608,exploratory; rule family comparison index 13,insufficient sample
side = under,1,358,-0.11734636871508378,-42.00999999999999,250,-0.20844,-52.11,-0.0536373684210526,42.010000000000005,0.41118421052631576,-0.1548026315789474,608,exploratory; rule family comparison index 1,insufficient sample
absolute_projection_edge >= 0.35,1,305,-0.10032786885245902,-30.6,303,-0.2096369636963696,-63.519999999999996,-0.054834332117422224,30.60000000000001,0.49835526315789475,-0.1548026315789474,608,exploratory; rule family comparison index 50,insufficient sample
absolute_projection_edge >= 0.07,1,547,-0.14859232175502743,-81.28,61,-0.21049180327868852,-12.84,-0.055689171699741136,81.28,0.10032894736842106,-0.1548026315789474,608,exploratory; rule family comparison index 44,insufficient sample
projection_edge < 0.56,1,485,-0.13903092783505155,-67.43,123,-0.21699186991869923,-26.690000000000005,-0.062189238339751846,67.43,0.20230263157894737,-0.1548026315789474,608,exploratory; rule family comparison index 39,insufficient sample
predicted_probability >= 0.5067,1,456,-0.13388157894736843,-61.05000000000001,152,-0.21756578947368416,-33.06999999999999,-0.06276315789473677,61.05000000000001,0.25,-0.1548026315789474,608,exploratory; rule family comparison index 20,insufficient sample
predicted_probability >= 0.4735,1,547,-0.1455758683729433,-79.63,61,-0.23754098360655734,-14.489999999999998,-0.08273835202760996,79.63000000000001,0.10032894736842106,-0.1548026315789474,608,exploratory; rule family comparison index 16,insufficient sample
absolute_projection_edge >= 0.14,1,487,-0.13154004106776182,-64.06,121,-0.24842975206611573,-30.060000000000002,-0.09362712048716834,64.06,0.19901315789473684,-0.1548026315789474,608,exploratory; rule family comparison index 46,insufficient sample
predicted_probability >= 0.4979,1,486,-0.13121399176954732,-63.769999999999996,122,-0.2487704918032787,-30.35,-0.09396786022433132,63.77,0.20065789473684212,-0.1548026315789474,608,exploratory; rule family comparison index 18,insufficient sample
absolute_projection_edge >= 0.18,1,459,-0.11189542483660131,-51.36,149,-0.28697986577181206,-42.76,-0.13217723419286467,51.36000000000001,0.2450657894736842,-0.1548026315789474,608,exploratory; rule family comparison index 48,insufficient sample
projection_minus_line_bucket = 0-0.25 AND probability_bucket = 45-50%,2,46,-0.528695652173913,-24.32,562,-0.12419928825622772,-69.79999999999998,0.03060334332271966,24.32000000000002,0.9243421052631579,-0.1548026315789474,608,exploratory; rule family comparison index 226,weak exploratory signal
side = over AND line_bucket = 4.5,2,44,-0.41727272727272724,-18.36,564,-0.13432624113475175,-75.75999999999999,0.020476390444195636,18.360000000000014,0.9276315789473685,-0.1548026315789474,608,exploratory; rule family comparison index 33,weak exploratory signal
line_bucket = 5.5 AND verified_edge_bucket = 0-0.5,2,41,-0.42975609756097555,-17.619999999999997,567,-0.1349206349206349,-76.5,0.019881996658312473,17.620000000000005,0.9325657894736842,-0.1548026315789474,608,exploratory; rule family comparison index 204,weak exploratory signal
ev_bucket = 5-10 AND verified_edge_bucket = 0.5-1,2,110,-0.22699999999999998,-24.97,498,-0.13885542168674697,-69.14999999999999,0.015947209892200415,24.970000000000013,0.819078947368421,-0.1548026315789474,608,exploratory; rule family comparison index 323,weak exploratory signal
projection_edge >= 0.56,1,123,-0.21699186991869923,-26.690000000000005,485,-0.13903092783505155,-67.43,0.015771703743895832,26.689999999999998,0.7976973684210527,-0.1548026315789474,608,exploratory; rule family comparison index 40,weak exploratory signal
side = over AND verified_edge_bucket = 0-0.5,2,133,-0.2081954887218045,-27.689999999999998,475,-0.1398526315789474,-66.43,0.014949999999999991,27.689999999999998,0.78125,-0.1548026315789474,608,exploratory; rule family comparison index 82,weak exploratory signal
projection_minus_line_bucket = -0.25-0 AND ev_bucket = 2-5,2,47,-0.321063829787234,-15.09,561,-0.140873440285205,-79.03,0.013929191293742399,15.090000000000003,0.9226973684210527,-0.1548026315789474,608,exploratory; rule family comparison index 265,weak exploratory signal
probability_bucket = 45-50% AND ev_bucket = 2-5,2,65,-0.26876923076923076,-17.47,543,-0.14116022099447514,-76.65,0.013642410584472242,17.47,0.8930921052631579,-0.1548026315789474,608,exploratory; rule family comparison index 292,weak exploratory signal
projection_minus_line_bucket = -0.25-0 AND ev_bucket = 5-10,2,49,-0.3040816326530612,-14.9,559,-0.14171735241502684,-79.22,0.013085279163920549,14.900000000000006,0.9194078947368421,-0.1548026315789474,608,exploratory; rule family comparison index 261,weak exploratory signal
absolute_projection_edge >= 0.59,1,155,-0.18935483870967743,-29.35,453,-0.14298013245033112,-64.77,0.01182249912861627,29.35000000000001,0.7450657894736842,-0.1548026315789474,608,exploratory; rule family comparison index 52,weak exploratory signal
verified_edge_bucket = 0.5-1,1,184,-0.18190217391304347,-33.47,424,-0.14304245283018868,-60.650000000000006,0.011760178748758704,33.47,0.6973684210526315,-0.1548026315789474,608,exploratory; rule family comparison index 30,weak exploratory signal
side = under AND line_bucket = 2.5,2,132,-0.1965151515151515,-25.939999999999998,476,-0.14323529411764704,-68.17999999999999,0.011567337461300342,25.940000000000012,0.7828947368421053,-0.1548026315789474,608,exploratory; rule family comparison index 39,weak exploratory signal
side = under AND probability_bucket = 57.5-60%,2,39,-0.31307692307692303,-12.209999999999999,569,-0.1439543057996485,-81.91,0.010848325779298895,12.210000000000008,0.9358552631578947,-0.1548026315789474,608,exploratory; rule family comparison index 72,weak exploratory signal
probability_bucket = 57.5-60% AND verified_edge_bucket = 0-0.5,2,39,-0.31307692307692303,-12.209999999999999,569,-0.1439543057996485,-81.91,0.010848325779298895,12.210000000000008,0.9358552631578947,-0.1548026315789474,608,exploratory; rule family comparison index 314,weak exploratory signal
line_bucket = 2.5 AND projection_minus_line_bucket = 0-0.25,2,46,-0.2852173913043478,-13.12,562,-0.14412811387900357,-81.0,0.01067451769994382,13.120000000000005,0.9243421052631579,-0.1548026315789474,608,exploratory; rule family comparison index 96,weak exploratory signal
line_bucket = 2.5 AND projection_minus_line_bucket = -0.25-0,2,31,-0.3454838709677421,-10.710000000000004,577,-0.1445580589254766,-83.41,0.010244572653470785,10.710000000000008,0.9490131578947368,-0.1548026315789474,608,exploratory; rule family comparison index 98,weak exploratory signal
line_bucket = 5.5,1,57,-0.25140350877192985,-14.330000000000002,551,-0.14480943738656984,-79.78999999999999,0.009993194192377541,14.330000000000013,0.90625,-0.1548026315789474,608,exploratory; rule family comparison index 8,weak exploratory signal
probability_bucket = 55-57.5%,1,53,-0.2584905660377359,-13.700000000000003,555,-0.14490090090090088,-80.41999999999999,0.009901730678046505,13.700000000000017,0.912828947368421,-0.1548026315789474,608,exploratory; rule family comparison index 25,weak exploratory signal
probability_bucket = 45-50% AND ev_bucket = 5-10,2,38,-0.2994736842105263,-11.379999999999999,570,-0.14515789473684212,-82.74000000000001,0.009644736842105261,11.379999999999995,0.9375,-0.1548026315789474,608,exploratory; rule family comparison index 285,weak exploratory signal
predicted_probability < 0.4735,1,61,-0.23754098360655734,-14.489999999999998,547,-0.1455758683729433,-79.63,0.009226763206004074,14.490000000000009,0.899671052631579,-0.1548026315789474,608,exploratory; rule family comparison index 15,weak exploratory signal
line_bucket = 2.5 AND verified_edge_bucket = 0.5-1,2,58,-0.23913793103448278,-13.870000000000001,550,-0.1459090909090909,-80.25,0.008893540669856481,13.870000000000005,0.9046052631578947,-0.1548026315789474,608,exploratory; rule family comparison index 205,weak exploratory signal
line_bucket = 2.5,1,218,-0.1706422018348624,-37.2,390,-0.14594871794871794,-56.92,0.008853913630229443,37.2,0.6414473684210527,-0.1548026315789474,608,exploratory; rule family comparison index 6,weak exploratory signal
probability_bucket = 55-57.5% AND verified_edge_bucket = 0-0.5,2,39,-0.28205128205128205,-11.0,569,-0.14608084358523724,-83.11999999999999,0.00872178799371015,11.000000000000014,0.9358552631578947,-0.1548026315789474,608,exploratory; rule family comparison index 310,weak exploratory signal
side = under AND line_bucket = 1.5,2,45,-0.2628888888888889,-11.83,563,-0.14616341030195382,-82.28999999999999,0.00863922127699357,11.830000000000013,0.9259868421052632,-0.1548026315789474,608,exploratory; rule family comparison index 32,weak exploratory signal
probability_bucket = 57.5-60% AND ev_bucket = 2-5,2,34,-0.273235294117647,-9.29,574,-0.14778745644599303,-84.83,0.007015175132954354,9.290000000000006,0.944078947368421,-0.1548026315789474,608,exploratory; rule family comparison index 297,weak exploratory signal
side = under AND line_bucket = 5.5,2,42,-0.24690476190476193,-10.370000000000001,566,-0.14796819787985865,-83.75,0.006834433699088732,10.370000000000005,0.930921052631579,-0.1548026315789474,608,exploratory; rule family comparison index 41,weak exploratory signal
absolute_projection_edge >= 0.636,1,122,-0.18147540983606558,-22.14,486,-0.14810699588477366,-71.98,0.006695635694173724,22.14,0.7993421052631579,-0.1548026315789474,608,exploratory; rule family comparison index 54,weak exploratory signal
side = over AND line_bucket = 3.5,2,69,-0.2060869565217391,-14.219999999999999,539,-0.1482374768089054,-79.9,0.006565154770041992,14.219999999999999,0.8865131578947368,-0.1548026315789474,608,exploratory; rule family comparison index 34,weak exploratory signal
side = under AND projection_minus_line_bucket = 0-0.25,2,67,-0.20746268656716416,-13.899999999999999,541,-0.14828096118299444,-80.22,0.006521670395952944,13.900000000000006,0.8898026315789473,-0.1548026315789474,608,exploratory; rule family comparison index 53,weak exploratory signal
absolute_projection_edge < 0.07,1,61,-0.21049180327868852,-12.84,547,-0.14859232175502743,-81.28,0.006210309823919957,12.840000000000003,0.899671052631579,-0.1548026315789474,608,exploratory; rule family comparison index 43,weak exploratory signal
line_bucket = 4.5 AND ev_bucket = 2-5,2,52,-0.2182692307692308,-11.350000000000001,556,-0.14886690647482015,-82.77000000000001,0.005935725104127237,11.349999999999994,0.9144736842105263,-0.1548026315789474,608,exploratory; rule family comparison index 193,weak exploratory signal
line_bucket = 2.5 AND projection_minus_line_bucket = 0.5-1,2,42,-0.23476190476190475,-9.86,566,-0.14886925795053002,-84.25999999999999,0.0059333736284173655,9.860000000000014,0.930921052631579,-0.1548026315789474,608,exploratory; rule family comparison index 102,weak exploratory signal
projection_edge >= 0.45,1,154,-0.17201298701298703,-26.490000000000002,454,-0.14896475770925108,-67.63,0.005837873869696308,26.49000000000001,0.7467105263157895,-0.1548026315789474,608,exploratory; rule family comparison index 38,weak exploratory signal
projection_minus_line_bucket = 0-0.25 AND probability_bucket = 50-52.5%,2,31,-0.25999999999999995,-8.059999999999999,577,-0.14915077989601386,-86.06,0.005651851682933529,8.060000000000002,0.9490131578947368,-0.1548026315789474,608,exploratory; rule family comparison index 230,weak exploratory signal
line_bucket = 2.5 AND ev_bucket = 2-5,2,91,-0.18505494505494505,-16.84,517,-0.14947775628626692,-77.28,0.00532487529268047,16.840000000000003,0.850328947368421,-0.1548026315789474,608,exploratory; rule family comparison index 189,weak exploratory signal
line_bucket = 4.5,1,101,-0.17871287128712868,-18.049999999999997,507,-0.1500394477317554,-76.07,0.004763183847191987,18.05000000000001,0.8338815789473685,-0.1548026315789474,608,exploratory; rule family comparison index 4,weak exploratory signal
side = under AND probability_bucket = 55-57.5%,2,34,-0.23088235294117648,-7.8500000000000005,574,-0.15029616724738676,-86.27,0.004506464331560628,7.8500000000000085,0.944078947368421,-0.1548026315789474,608,exploratory; rule family comparison index 68,weak exploratory signal
probability_bucket = 60-62.5% AND ev_bucket = 5-10,2,32,-0.23531249999999998,-7.529999999999999,576,-0.15032986111111113,-86.59,0.004472770467836257,7.530000000000001,0.9473684210526315,-0.1548026315789474,608,exploratory; rule family comparison index 283,weak exploratory signal
recommended_ev_percent_value >= 8.937,1,61,-0.19393442622950816,-11.829999999999998,547,-0.15043875685557587,-82.29,0.004363874723371519,11.829999999999998,0.899671052631579,-0.1548026315789474,608,exploratory; rule family comparison index 14,weak exploratory signal
recommended_ev_percent_value < 2.6,1,61,-0.19377049180327868,-11.82,547,-0.15045703839122485,-82.29999999999998,0.004345593187722541,11.820000000000022,0.899671052631579,-0.1548026315789474,608,exploratory; rule family comparison index 1,weak exploratory signal
predicted_probability >= 0.6691,1,61,-0.19131147540983606,-11.67,547,-0.15073126142595977,-82.45,0.004071370152987613,11.670000000000002,0.899671052631579,-0.1548026315789474,608,exploratory; rule family comparison index 28,weak exploratory signal
line_bucket = 1.5,1,79,-0.1789873417721519,-14.139999999999999,529,-0.15119092627599243,-79.97999999999999,0.0036117053029549595,14.140000000000015,0.8700657894736842,-0.1548026315789474,608,exploratory; rule family comparison index 3,weak exploratory signal
line_bucket = 1.5 AND verified_edge_bucket = 0-0.5,2,49,-0.19448979591836735,-9.53,559,-0.1513237924865832,-84.59,0.003478839092364183,9.530000000000001,0.9194078947368421,-0.1548026315789474,608,exploratory; rule family comparison index 195,weak exploratory signal
predicted_probability >= 0.5679,1,304,-0.1566118421052632,-47.61000000000001,304,-0.15299342105263158,-46.51,0.001809210526315802,47.61000000000001,0.5,-0.1548026315789474,608,exploratory; rule family comparison index 22,weak exploratory signal
line_bucket = 2.5 AND ev_bucket = 5-10,2,127,-0.16031496062992126,-20.36,481,-0.15334719334719332,-73.75999999999999,0.0014554382317540637,20.360000000000014,0.7911184210526315,-0.1548026315789474,608,exploratory; rule family comparison index 185,weak exploratory signal
line_bucket = 2.5 AND probability_bucket = 65-70%,2,31,-0.17774193548387093,-5.509999999999999,577,-0.15357019064124783,-88.61,0.0012324409376995582,5.510000000000005,0.9490131578947368,-0.1548026315789474,608,exploratory; rule family comparison index 131,weak exploratory signal
side = under AND probability_bucket = 50-52.5%,2,40,-0.16849999999999998,-6.739999999999999,568,-0.15383802816901407,-87.38,0.0009646034099333178,6.740000000000009,0.9342105263157895,-0.1548026315789474,608,exploratory; rule family comparison index 65,weak exploratory signal
projection_minus_line_bucket = 0-0.25 AND ev_bucket = 5-10,2,54,-0.16037037037037039,-8.66,554,-0.15425992779783393,-85.46,0.0005427037811134572,8.66000000000001,0.9111842105263158,-0.1548026315789474,608,exploratory; rule family comparison index 263,weak exploratory signal
recommended_ev_percent_value < 3.568,1,152,-0.15486842105263157,-23.54,456,-0.15478070175438596,-70.58,2.1929824561423006e-05,23.540000000000006,0.75,-0.1548026315789474,608,exploratory; rule family comparison index 5,weak exploratory signal
line_bucket = 1.5 AND ev_bucket = 5-10,2,51,-0.14666666666666667,-7.4799999999999995,557,-0.15554757630161578,-86.63999999999999,-0.0007449447226683947,7.480000000000018,0.9161184210526315,-0.1548026315789474,608,exploratory; rule family comparison index 182,weak exploratory signal
line_bucket = 4.5 AND ev_bucket = 5-10,2,49,-0.136734693877551,-6.699999999999999,559,-0.15638640429338102,-87.41999999999999,-0.0015837727144336344,6.700000000000017,0.9194078947368421,-0.1548026315789474,608,exploratory; rule family comparison index 183,weak exploratory signal
predicted_probability < 0.5679,1,304,-0.15299342105263158,-46.51,304,-0.1566118421052632,-47.61000000000001,-0.001809210526315802,46.51,0.5,-0.1548026315789474,608,exploratory; rule family comparison index 21,weak exploratory signal
probability_bucket = 65-70% AND verified_edge_bucket = 0.5-1,2,38,-0.1213157894736842,-4.609999999999999,570,-0.15703508771929825,-89.51,-0.0022324561403508636,4.609999999999999,0.9375,-0.1548026315789474,608,exploratory; rule family comparison index 302,weak exploratory signal
line_bucket = 3.5 AND projection_minus_line_bucket = 0.5-1,2,30,-0.11099999999999999,-3.3299999999999996,578,-0.15707612456747402,-90.78999999999999,-0.0022734929885266375,3.3300000000000125,0.9506578947368421,-0.1548026315789474,608,exploratory; rule family comparison index 104,weak exploratory signal
line_bucket = 3.5 AND verified_edge_bucket = 0.5-1,2,43,-0.12093023255813952,-5.199999999999999,565,-0.15738053097345134,-88.92,-0.002577899394503952,5.200000000000003,0.9292763157894737,-0.1548026315789474,608,exploratory; rule family comparison index 202,weak exploratory signal
side = over AND probability_bucket = 52.5-55%,2,31,-0.10580645161290325,-3.2800000000000007,577,-0.15743500866551127,-90.84,-0.0026323770865638862,3.280000000000001,0.9490131578947368,-0.1548026315789474,608,exploratory; rule family comparison index 58,weak exploratory signal
side = under AND probability_bucket = 65-70%,2,49,-0.12081632653061222,-5.919999999999999,559,-0.15778175313059034,-88.2,-0.0029791215516429548,5.920000000000002,0.9194078947368421,-0.1548026315789474,608,exploratory; rule family comparison index 60,weak exploratory signal
line_bucket = 4.5 AND verified_edge_bucket = 0-0.5,2,72,-0.12708333333333333,-9.149999999999999,536,-0.15852611940298508,-84.97,-0.0037234878240376967,9.150000000000006,0.881578947368421,-0.1548026315789474,608,exploratory; rule family comparison index 198,weak exploratory signal
side = over AND line_bucket = 2.5,2,86,-0.13093023255813954,-11.260000000000002,522,-0.15873563218390804,-82.86,-0.003933000604960657,11.260000000000005,0.8585526315789473,-0.1548026315789474,608,exploratory; rule family comparison index 36,weak exploratory signal
projection_minus_line_bucket = 0.5-1 AND ev_bucket = 2-5,2,58,-0.11465517241379311,-6.65,550,-0.15903636363636364,-87.47,-0.004233732057416256,6.650000000000006,0.9046052631578947,-0.1548026315789474,608,exploratory; rule family comparison index 264,weak exploratory signal
side = under AND probability_bucket = 62.5-65%,2,46,-0.10086956521739128,-4.639999999999999,562,-0.1592170818505338,-89.47999999999999,-0.0044144502715864065,4.640000000000015,0.9243421052631579,-0.1548026315789474,608,exploratory; rule family comparison index 66,weak exploratory signal
probability_bucket = 60-62.5%,1,60,-0.11233333333333337,-6.740000000000002,548,-0.15945255474452555,-87.38,-0.0046499231655781625,6.740000000000009,0.9013157894736842,-0.1548026315789474,608,exploratory; rule family comparison index 21,weak exploratory signal
probability_bucket = 52.5-55% AND ev_bucket = 2-5,2,33,-0.0693939393939394,-2.29,575,-0.15970434782608695,-91.83,-0.004901716247139559,2.2900000000000063,0.9457236842105263,-0.1548026315789474,608,exploratory; rule family comparison index 291,weak exploratory signal
side = over AND line_bucket = 1.5,2,34,-0.06794117647058827,-2.310000000000001,574,-0.15994773519163763,-91.81,-0.005145103612690244,2.3100000000000023,0.944078947368421,-0.1548026315789474,608,exploratory; rule family comparison index 35,weak exploratory signal
line_bucket = 3.5 AND ev_bucket = 5-10,2,64,-0.110625,-7.08,544,-0.15999999999999998,-87.03999999999999,-0.0051973684210525894,7.0800000000000125,0.8947368421052632,-0.1548026315789474,608,exploratory; rule family comparison index 184,weak exploratory signal
projection_minus_line_bucket = 0.25-0.5 AND probability_bucket = 52.5-55%,2,36,-0.07055555555555555,-2.54,572,-0.1601048951048951,-91.58,-0.0053022635259477036,2.5400000000000063,0.9407894736842105,-0.1548026315789474,608,exploratory; rule family comparison index 215,weak exploratory signal
ev_bucket = 2-5 AND verified_edge_bucket = 0.5-1,2,74,-0.11486486486486487,-8.5,534,-0.1603370786516854,-85.62,-0.005534447072738008,8.5,0.8782894736842105,-0.1548026315789474,608,exploratory; rule family comparison index 325,weak exploratory signal
line_bucket = 2.5 AND verified_edge_bucket = 0-0.5,2,155,-0.13825806451612904,-21.43,453,-0.16046357615894039,-72.69,-0.005660944579992999,21.430000000000007,0.7450657894736842,-0.1548026315789474,608,exploratory; rule family comparison index 201,weak exploratory signal
line_bucket = 2.5 AND probability_bucket = 45-50%,2,35,-0.059142857142857136,-2.07,573,-0.16064572425828968,-92.05,-0.005843092679342299,2.0700000000000074,0.9424342105263158,-0.1548026315789474,608,exploratory; rule family comparison index 140,weak exploratory signal
projection_minus_line_bucket = 0.25-0.5 AND probability_bucket = 45-50%,2,42,-0.06785714285714287,-2.85,566,-0.16125441696113074,-91.27,-0.006451785382183356,2.8500000000000085,0.930921052631579,-0.1548026315789474,608,exploratory; rule family comparison index 223,weak exploratory signal
side = over AND ev_bucket = 5-10,2,130,-0.13076923076923078,-17.0,478,-0.1613389121338912,-77.11999999999999,-0.0065362805549438185,17.000000000000014,0.7861842105263158,-0.1548026315789474,608,exploratory; rule family comparison index 77,weak exploratory signal
probability_bucket = 60-62.5% AND verified_edge_bucket = 0-0.5,2,34,-0.04176470588235296,-1.4200000000000006,574,-0.16149825783972124,-92.69999999999999,-0.006695626260773857,1.420000000000016,0.944078947368421,-0.1548026315789474,608,exploratory; rule family comparison index 308,weak exploratory signal
probability_bucket = 65-70%,1,75,-0.1061333333333333,-7.959999999999997,533,-0.16165103189493432,-86.16,-0.0068484003159869355,7.960000000000008,0.8766447368421053,-0.1548026315789474,608,exploratory; rule family comparison index 20,weak exploratory signal
side = under AND probability_bucket = 60-62.5%,2,38,-0.05131578947368421,-1.95,570,-0.1617017543859649,-92.17,-0.006899122807017516,1.9500000000000028,0.9375,-0.1548026315789474,608,exploratory; rule family comparison index 64,weak exploratory signal
probability_bucket = 65-70% AND ev_bucket = 5-10,2,62,-0.09209677419354839,-5.71,546,-0.16192307692307692,-88.41,-0.0071204453441295334,5.710000000000008,0.8980263157894737,-0.1548026315789474,608,exploratory; rule family comparison index 282,weak exploratory signal
line_bucket = 3.5 AND verified_edge_bucket = 0-0.5,2,77,-0.10558441558441557,-8.129999999999999,531,-0.16193973634651598,-85.98999999999998,-0.007137104767568597,8.130000000000024,0.8733552631578947,-0.1548026315789474,608,exploratory; rule family comparison index 197,weak exploratory signal
line_bucket = 3.5 AND ev_bucket = 2-5,2,58,-0.08706896551724136,-5.049999999999999,550,-0.16194545454545453,-89.07,-0.007142822966507145,5.050000000000011,0.9046052631578947,-0.1548026315789474,608,exploratory; rule family comparison index 191,weak exploratory signal
probability_bucket = 52.5-55% AND ev_bucket = 5-10,2,37,-0.02972972972972972,-1.0999999999999996,571,-0.16290718038528898,-93.02000000000001,-0.008104548806341594,1.0999999999999943,0.9391447368421053,-0.1548026315789474,608,exploratory; rule family comparison index 281,weak exploratory signal
recommended_ev_percent_value >= 7.898,1,122,-0.12180327868852459,-14.86,486,-0.1630864197530864,-79.25999999999999,-0.008283788174139023,14.860000000000014,0.7993421052631579,-0.1548026315789474,608,exploratory; rule family comparison index 12,weak exploratory signal
projection_edge >= 0.75,1,65,-0.07907692307692309,-5.140000000000001,543,-0.16386740331491711,-88.97999999999999,-0.009064771735969729,5.140000000000015,0.8930921052631579,-0.1548026315789474,608,exploratory; rule family comparison index 42,weak exploratory signal
absolute_projection_edge >= 0.77,1,62,-0.06645161290322582,-4.120000000000001,546,-0.1648351648351648,-89.99999999999999,-0.010032533256217419,4.120000000000019,0.8980263157894737,-0.1548026315789474,608,exploratory; rule family comparison index 56,weak exploratory signal
probability_bucket = 62.5-65%,1,74,-0.08162162162162163,-6.040000000000001,534,-0.1649438202247191,-88.08,-0.01014118864577171,6.040000000000006,0.8782894736842105,-0.1548026315789474,608,exploratory; rule family comparison index 24,weak exploratory signal
projection_minus_line_bucket = -1--0.5 AND ev_bucket = 5-10,2,43,-0.020232558139534892,-0.8700000000000003,565,-0.16504424778761062,-93.25,-0.010241616208663235,0.8700000000000045,0.9292763157894737,-0.1548026315789474,608,exploratory; rule family comparison index 262,weak exploratory signal
side = under AND probability_bucket = 45-50%,2,50,-0.0398,-1.9900000000000002,558,-0.16510752688172042,-92.13,-0.010304895302773037,1.990000000000009,0.9177631578947368,-0.1548026315789474,608,exploratory; rule family comparison index 63,weak exploratory signal
side = under AND verified_edge_bucket = 0.5-1,2,79,-0.08531645569620251,-6.739999999999998,529,-0.165179584120983,-87.38,-0.010376952542035606,6.740000000000009,0.8700657894736842,-0.1548026315789474,608,exploratory; rule family comparison index 84,weak exploratory signal
side = under AND probability_bucket = 52.5-55%,2,39,-0.0028205128205128285,-0.11000000000000032,569,-0.16521968365553602,-94.00999999999999,-0.010417052076588634,0.11000000000001364,0.9358552631578947,-0.1548026315789474,608,exploratory; rule family comparison index 70,weak exploratory signal
projection_minus_line_bucket = 0.25-0.5 AND ev_bucket = 2-5,2,60,-0.05366666666666665,-3.219999999999999,548,-0.16587591240875912,-90.9,-0.011073280829811738,3.219999999999999,0.9013157894736842,-0.1548026315789474,608,exploratory; rule family comparison index 266,weak exploratory signal
probability_bucket = 62.5-65% AND ev_bucket = 5-10,2,46,-0.014347826086956573,-0.6600000000000024,562,-0.16629893238434162,-93.46,-0.011496300805394238,0.6600000000000108,0.9243421052631579,-0.1548026315789474,608,exploratory; rule family comparison index 286,weak exploratory signal
projection_minus_line_bucket = -0.5--0.25 AND ev_bucket = 5-10,2,51,-0.02725490196078429,-1.3899999999999988,557,-0.1664811490125673,-92.72999999999999,-0.011678517433619917,1.3900000000000148,0.9161184210526315,-0.1548026315789474,608,exploratory; rule family comparison index 257,weak exploratory signal
projection_edge < -0.49,1,59,-0.046101694915254246,-2.7200000000000006,549,-0.16648451730418945,-91.4,-0.011681885725242064,2.719999999999999,0.9029605263157895,-0.1548026315789474,608,exploratory; rule family comparison index 29,weak exploratory signal
recommended_ev_percent_value < 3.261,1,122,-0.10508196721311473,-12.819999999999997,486,-0.1672839506172839,-81.29999999999998,-0.012481319038336519,12.820000000000022,0.7993421052631579,-0.1548026315789474,608,exploratory; rule family comparison index 3,weak exploratory signal
line_bucket = 6.5+,1,30,0.09099999999999998,2.7299999999999995,578,-0.16756055363321798,-96.85,-0.012757922054270593,-2.7299999999999898,0.9506578947368421,-0.1548026315789474,608,exploratory; rule family comparison index 7,weak exploratory signal
projection_minus_line_bucket = -1--0.5,1,58,-0.029655172413793094,-1.7199999999999995,550,-0.168,-92.4,-0.013197368421052624,1.7199999999999989,0.9046052631578947,-0.1548026315789474,608,exploratory; rule family comparison index 15,weak exploratory signal
side = under AND projection_minus_line_bucket = -1--0.5,2,58,-0.029655172413793094,-1.7199999999999995,550,-0.168,-92.4,-0.013197368421052624,1.7199999999999989,0.9046052631578947,-0.1548026315789474,608,exploratory; rule family comparison index 50,weak exploratory signal
projection_minus_line_bucket = -1--0.5 AND verified_edge_bucket = 0.5-1,2,58,-0.029655172413793094,-1.7199999999999995,550,-0.168,-92.4,-0.013197368421052624,1.7199999999999989,0.9046052631578947,-0.1548026315789474,608,exploratory; rule family comparison index 276,weak exploratory signal
probability_bucket = 62.5-65% AND verified_edge_bucket = 0.5-1,2,48,0.0037499999999999942,0.17999999999999972,560,-0.16839285714285712,-94.29999999999998,-0.013590225563909736,-0.1799999999999784,0.9210526315789473,-0.1548026315789474,608,exploratory; rule family comparison index 309,weak exploratory signal
probability_bucket = 52.5-55%,1,70,-0.04842857142857141,-3.389999999999999,538,-0.16864312267657994,-90.73,-0.013840491097632551,3.3900000000000006,0.8848684210526315,-0.1548026315789474,608,exploratory; rule family comparison index 19,weak exploratory signal
line_bucket = 3.5,1,122,-0.09942622950819673,-12.13,486,-0.1687037037037037,-81.99,-0.013901072124756303,12.13000000000001,0.7993421052631579,-0.1548026315789474,608,exploratory; rule family comparison index 5,weak exploratory signal
side = under AND ev_bucket = 2-5,2,151,-0.10933774834437085,-16.509999999999998,457,-0.16982494529540482,-77.61,-0.01502231371645743,16.510000000000005,0.7516447368421053,-0.1548026315789474,608,exploratory; rule family comparison index 79,weak exploratory signal
side = under AND ev_bucket = 5-10,2,207,-0.12318840579710143,-25.499999999999996,401,-0.17112219451371571,-68.62,-0.016319562934768328,25.5,0.6595394736842105,-0.1548026315789474,608,exploratory; rule family comparison index 76,weak exploratory signal
side = under AND line_bucket = 4.5,2,57,0.005438596491228094,0.3100000000000014,551,-0.1713793103448276,-94.43,-0.016576678765880204,-0.3100000000000023,0.90625,-0.1548026315789474,608,exploratory; rule family comparison index 40,weak exploratory signal
side = over AND probability_bucket = 50-52.5%,2,30,0.17933333333333337,5.380000000000001,578,-0.17214532871972318,-99.5,-0.017342697140775798,-5.3799999999999955,0.9506578947368421,-0.1548026315789474,608,exploratory; rule family comparison index 62,weak exploratory signal
probability_bucket = 50-52.5%,1,70,-0.019428571428571396,-1.3599999999999977,538,-0.1724163568773234,-92.75999999999999,-0.017613725298376015,1.3600000000000136,0.8848684210526315,-0.1548026315789474,608,exploratory; rule family comparison index 22,weak exploratory signal
side = under AND projection_minus_line_bucket = 0.25-0.5,2,61,0.007049180327868855,0.43000000000000016,547,-0.17285191956124313,-94.55,-0.018049287982295742,-0.4299999999999926,0.899671052631579,-0.1548026315789474,608,exploratory; rule family comparison index 51,weak exploratory signal
probability_bucket = 52.5-55% AND verified_edge_bucket = 0-0.5,2,67,-0.005820895522388055,-0.3899999999999997,541,-0.17325323475046212,-93.73,-0.01845060317151473,0.39000000000000057,0.8898026315789473,-0.1548026315789474,608,exploratory; rule family comparison index 301,weak exploratory signal
side = under AND line_bucket = 3.5,2,53,0.039433962264150975,2.0900000000000016,555,-0.17335135135135135,-96.21,-0.018548719772403965,-2.089999999999989,0.912828947368421,-0.1548026315789474,608,exploratory; rule family comparison index 37,weak exploratory signal
recommended_ev_percent_value >= 7.577,1,152,-0.09901315789473684,-15.05,456,-0.17339912280701753,-79.07,-0.01859649122807014,15.050000000000011,0.75,-0.1548026315789474,608,exploratory; rule family comparison index 10,weak exploratory signal
probability_bucket = 50-52.5% AND verified_edge_bucket = 0-0.5,2,68,0.009411764705882375,0.6400000000000015,540,-0.17548148148148146,-94.75999999999999,-0.020678849902534074,-0.6399999999999864,0.8881578947368421,-0.1548026315789474,608,exploratory; rule family comparison index 306,weak exploratory signal
side = over AND projection_minus_line_bucket = 0.25-0.5,2,61,0.03229508196721313,1.970000000000001,547,-0.17566727605118831,-96.09,-0.02086464447224093,-1.9699999999999989,0.899671052631579,-0.1548026315789474,608,exploratory; rule family comparison index 47,weak exploratory signal
recommended_ev_percent_value >= 5.371,1,304,-0.13217105263157894,-40.18,304,-0.17743421052631578,-53.94,-0.02263157894736839,40.18000000000001,0.5,-0.1548026315789474,608,exploratory; rule family comparison index 8,weak exploratory signal
line_bucket = 2.5 AND projection_minus_line_bucket = 0.25-0.5,2,53,0.08924528301886793,4.73,555,-0.1781081081081081,-98.85,-0.023305476529160707,-4.72999999999999,0.912828947368421,-0.1548026315789474,608,exploratory; rule family comparison index 91,weak exploratory signal
predicted_probability >= 0.6396,1,122,-0.060573770491803264,-7.389999999999998,486,-0.1784567901234568,-86.73,-0.023654158544509418,7.390000000000001,0.7993421052631579,-0.1548026315789474,608,exploratory; rule family comparison index 26,weak exploratory signal
side = under AND verified_edge_bucket = 0-0.5,2,279,-0.126415770609319,-35.269999999999996,329,-0.1788753799392097,-58.849999999999994,-0.024072748360262325,35.27000000000001,0.5411184210526315,-0.1548026315789474,608,exploratory; rule family comparison index 80,weak exploratory signal
projection_minus_line_bucket = -0.5--0.25,1,73,0.0267123287671233,1.9500000000000008,535,-0.17957009345794392,-96.07,-0.024767461878996533,-1.9499999999999886,0.8799342105263158,-0.1548026315789474,608,exploratory; rule family comparison index 10,weak exploratory signal
side = under AND projection_minus_line_bucket = -0.5--0.25,2,73,0.0267123287671233,1.9500000000000008,535,-0.17957009345794392,-96.07,-0.024767461878996533,-1.9499999999999886,0.8799342105263158,-0.1548026315789474,608,exploratory; rule family comparison index 45,weak exploratory signal
projection_minus_line_bucket = 0.25-0.5 AND probability_bucket = 50-52.5%,2,37,0.23513513513513518,8.700000000000001,571,-0.18007005253940453,-102.82,-0.025267420960457143,-8.699999999999989,0.9391447368421053,-0.1548026315789474,608,exploratory; rule family comparison index 222,weak exploratory signal
projection_minus_line_bucket = -0.5--0.25 AND verified_edge_bucket = 0-0.5,2,72,0.04097222222222223,2.9500000000000006,536,-0.18110074626865671,-97.07,-0.02629811468970933,-2.9499999999999886,0.881578947368421,-0.1548026315789474,608,exploratory; rule family comparison index 271,weak exploratory signal
probability_bucket = 50-52.5% AND ev_bucket = 5-10,2,42,0.20047619047619053,8.420000000000002,566,-0.1811660777385159,-102.53999999999999,-0.02636344615956851,-8.419999999999987,0.930921052631579,-0.1548026315789474,608,exploratory; rule family comparison index 284,weak exploratory signal
projection_edge < -0.2,1,151,-0.07344370860927152,-11.09,457,-0.18168490153172867,-83.03,-0.026882269952781285,11.090000000000003,0.7516447368421053,-0.1548026315789474,608,exploratory; rule family comparison index 33,weak exploratory signal
projection_minus_line_bucket = 0.25-0.5 AND ev_bucket = 5-10,2,62,0.0906451612903226,5.620000000000001,546,-0.1826739926739927,-99.74000000000001,-0.027871361095045316,-5.6200000000000045,0.8980263157894737,-0.1548026315789474,608,exploratory; rule family comparison index 259,weak exploratory signal
predicted_probability >= 0.6327,1,152,-0.049210526315789475,-7.48,456,-0.19,-86.64,-0.035197368421052616,7.480000000000004,0.75,-0.1548026315789474,608,exploratory; rule family comparison index 24,weak exploratory signal
ev_bucket = 5-10 AND verified_edge_bucket = 0-0.5,2,216,-0.08949074074074075,-19.330000000000002,392,-0.19079081632653058,-74.78999999999999,-0.035988184747583196,19.330000000000013,0.6447368421052632,-0.1548026315789474,608,exploratory; rule family comparison index 322,weak exploratory signal
projection_edge < -0.28,1,122,0.005655737704918027,0.6899999999999993,486,-0.195082304526749,-94.81,-0.040279672947801604,-0.6899999999999977,0.7993421052631579,-0.1548026315789474,608,exploratory; rule family comparison index 31,weak exploratory signal
projection_minus_line_bucket = 0.25-0.5,1,122,0.019672131147540985,2.4000000000000004,486,-0.1986008230452675,-96.52,-0.04379819146632011,-2.3999999999999915,0.7993421052631579,-0.1548026315789474,608,exploratory; rule family comparison index 12,weak exploratory signal
projection_minus_line_bucket = 0.25-0.5 AND verified_edge_bucket = 0-0.5,2,122,0.019672131147540985,2.4000000000000004,486,-0.1986008230452675,-96.52,-0.04379819146632011,-2.3999999999999915,0.7993421052631579,-0.1548026315789474,608,exploratory; rule family comparison index 273,weak exploratory signal
