pick,player,model_prob,market_prob,edge,abs_edge,model_version,run_timestamp,source,market_timestamp
1,Fernando Mendoza,1.0,0.0,1.0,1.0,v1,2026-04-15T16:13:59,,
12,Jermod McCoy,0.429,0.0,0.429,0.429,v1,2026-04-15T16:13:59,,
18,Dillon Thieneman,0.4222,0.0,0.4222,0.4222,v1,2026-04-15T16:13:59,,
17,Kadyn Proctor,0.414,0.0,0.414,0.414,v1,2026-04-15T16:13:59,,
2,David Bailey,0.401,0.0,0.401,0.401,v1,2026-04-15T16:13:59,,
25,Peter Woods,0.3912,0.0,0.3912,0.3912,v1,2026-04-15T16:13:59,,
7,Rueben Bain,0.3666,0.0,0.3666,0.3666,v1,2026-04-15T16:13:59,,
14,Olaivavega Ioane,0.3364,0.0,0.3364,0.3364,v1,2026-04-15T16:13:59,,
15,Keldric Faulk,0.3266,0.0,0.3266,0.3266,v1,2026-04-15T16:13:59,,
13,Jordyn Tyson,0.3008,0.0,0.3008,0.3008,v1,2026-04-15T16:13:59,,
25,Kayden McDonald,0.2916,0.0,0.2916,0.2916,v1,2026-04-15T16:13:59,,
18,Emmanuel McNeil-Warren,0.2912,0.0,0.2912,0.2912,v1,2026-04-15T16:13:59,,
8,Mansoor Delane,0.3824,0.113217111596065,0.269182888403935,0.269182888403935,v1,2026-04-15T16:13:59,DraftKings,2026-04-15 15:51:34
2,Arvell Reese,0.4754,0.7343734660187259,-0.2589734660187259,0.2589734660187259,v1,2026-04-15T16:13:59,DraftKings,2026-04-15 15:51:34
15,Kenyon Sadiq,0.2534,0.0,0.2534,0.2534,v1,2026-04-15T16:13:59,,
10,Caleb Downs,0.4058,0.1589006626170234,0.2468993373829766,0.2468993373829766,v1,2026-04-15T16:13:59,DraftKings,2026-04-15 15:51:34
30,Colton Hood,0.2286,0.0,0.2286,0.2286,v1,2026-04-15T16:13:59,,
11,Makai Lemon,0.223,0.0,0.223,0.223,v1,2026-04-15T16:13:59,,
3,Francis Mauigoa,0.3474,0.1263856274360412,0.22101437256395878,0.22101437256395878,v1,2026-04-15T16:13:59,DraftKings,2026-04-15 15:51:34
32,Colton Hood,0.2058,0.0,0.2058,0.2058,v1,2026-04-15T16:13:59,,
28,Kayden McDonald,0.2044,0.0,0.2044,0.2044,v1,2026-04-15T16:13:59,,
24,Caleb Lomu,0.203,0.0,0.203,0.203,v1,2026-04-15T16:13:59,,
13,Monroe Freeling,0.202,0.0,0.202,0.202,v1,2026-04-15T16:13:59,,
21,Caleb Lomu,0.1972,0.0,0.1972,0.1972,v1,2026-04-15T16:13:59,,
26,T.J. Parker,0.196,0.0,0.196,0.196,v1,2026-04-15T16:13:59,,
24,Kevin Concepcion,0.195,0.0,0.195,0.195,v1,2026-04-15T16:13:59,,
8,Rueben Bain,0.1924,0.0,0.1924,0.1924,v1,2026-04-15T16:13:59,,
28,Max Iheanachor,0.1896,0.0,0.1896,0.1896,v1,2026-04-15T16:13:59,,
32,Zion Young,0.1894,0.0,0.1894,0.1894,v1,2026-04-15T16:13:59,,
21,Blake Miller,0.189,0.0,0.189,0.189,v1,2026-04-15T16:13:59,,
26,Denzel Boston,0.1886,0.0,0.1886,0.1886,v1,2026-04-15T16:13:59,,
19,Akheem Mesidor,0.1868,0.0,0.1868,0.1868,v1,2026-04-15T16:13:59,,
5,Carnell Tate,0.2434,0.0569254192482456,0.1864745807517544,0.1864745807517544,v1,2026-04-15T16:13:59,DraftKings,2026-04-15 15:51:34
23,Caleb Lomu,0.1842,0.0,0.1842,0.1842,v1,2026-04-15T16:13:59,,
29,Cashius Howell,0.1828,0.0,0.1828,0.1828,v1,2026-04-15T16:13:59,,
31,Cashius Howell,0.1816,0.0,0.1816,0.1816,v1,2026-04-15T16:13:59,,
15,Akheem Mesidor,0.1814,0.0,0.1814,0.1814,v1,2026-04-15T16:13:59,,
23,Blake Miller,0.1808,0.0,0.1808,0.1808,v1,2026-04-15T16:13:59,,
13,Makai Lemon,0.1762,0.0,0.1762,0.1762,v1,2026-04-15T16:13:59,,
20,Avieon Terrell,0.1692,0.0,0.1692,0.1692,v1,2026-04-15T16:13:59,,
16,Akheem Mesidor,0.1672,0.0,0.1672,0.1672,v1,2026-04-15T16:13:59,,
1,Arvell Reese,0.0,0.1665386785634265,-0.1665386785634265,0.1665386785634265,v1,2026-04-15T16:13:59,DraftKings,2026-04-15 15:51:34
11,Jordyn Tyson,0.1664,0.0,0.1664,0.1664,v1,2026-04-15T16:13:59,,
14,Jordyn Tyson,0.1638,0.0,0.1638,0.1638,v1,2026-04-15T16:13:59,,
11,Jermod McCoy,0.162,0.0,0.162,0.162,v1,2026-04-15T16:13:59,,
16,Omar Cooper Jr.,0.1598,0.0,0.1598,0.1598,v1,2026-04-15T16:13:59,,
32,Chris Johnson,0.1562,0.0,0.1562,0.1562,v1,2026-04-15T16:13:59,,
27,Denzel Boston,0.1556,0.0,0.1556,0.1556,v1,2026-04-15T16:13:59,,
29,T.J. Parker,0.1538,0.0,0.1538,0.1538,v1,2026-04-15T16:13:59,,
1,David Bailey,0.0,0.1482377248751379,-0.1482377248751379,0.1482377248751379,v1,2026-04-15T16:13:59,DraftKings,2026-04-15 15:51:34
1,Ty Simpson,0.0,0.1482377248751379,-0.1482377248751379,0.1482377248751379,v1,2026-04-15T16:13:59,DraftKings,2026-04-15 15:51:34
7,Jeremiyah Love,0.0346,0.1810020198770779,-0.1464020198770779,0.1464020198770779,v1,2026-04-15T16:13:59,DraftKings,2026-04-15 15:51:34
31,Zion Young,0.146,0.0,0.146,0.146,v1,2026-04-15T16:13:59,,
9,Rueben Bain Jr.,0.0,0.1431959336557933,-0.1431959336557933,0.1431959336557933,v1,2026-04-15T16:13:59,DraftKings,2026-04-15 15:51:34
19,Omar Cooper Jr.,0.1354,0.0,0.1354,0.1354,v1,2026-04-15T16:13:59,,
26,Kevin Concepcion,0.1338,0.0,0.1338,0.1338,v1,2026-04-15T16:13:59,,
14,Omar Cooper Jr.,0.1328,0.0,0.1328,0.1328,v1,2026-04-15T16:13:59,,
20,Akheem Mesidor,0.1326,0.0,0.1326,0.1326,v1,2026-04-15T16:13:59,,
8,Rueben Bain Jr.,0.0,0.1320866301954092,-0.1320866301954092,0.1320866301954092,v1,2026-04-15T16:13:59,DraftKings,2026-04-15 15:51:34
11,Olaivavega Ioane,0.1318,0.0,0.1318,0.1318,v1,2026-04-15T16:13:59,,
22,T.J. Parker,0.1318,0.0,0.1318,0.1318,v1,2026-04-15T16:13:59,,
11,Mansoor Delane,0.1312,0.0,0.1312,0.1312,v1,2026-04-15T16:13:59,,
19,Keldric Faulk,0.1296,0.0,0.1296,0.1296,v1,2026-04-15T16:13:59,,
30,Cashius Howell,0.1296,0.0,0.1296,0.1296,v1,2026-04-15T16:13:59,,
31,Max Iheanachor,0.126,0.0,0.126,0.126,v1,2026-04-15T16:13:59,,
24,Denzel Boston,0.1248,0.0,0.1248,0.1248,v1,2026-04-15T16:13:59,,
29,Zion Young,0.1244,0.0,0.1244,0.1244,v1,2026-04-15T16:13:59,,
26,Cashius Howell,0.1238,0.0,0.1238,0.1238,v1,2026-04-15T16:13:59,,
28,Peter Woods,0.1236,0.0,0.1236,0.1236,v1,2026-04-15T16:13:59,,
16,Keldric Faulk,0.1224,0.0,0.1224,0.1224,v1,2026-04-15T16:13:59,,
20,Emmanuel McNeil-Warren,0.1202,0.0,0.1202,0.1202,v1,2026-04-15T16:13:59,,
9,Mansoor Delane,0.219,0.0996145625431606,0.1193854374568394,0.1193854374568394,v1,2026-04-15T16:13:59,DraftKings,2026-04-15 15:51:34
27,T.J. Parker,0.1192,0.0,0.1192,0.1192,v1,2026-04-15T16:13:59,,
6,Francis Mauigoa,0.203,0.0855536690776973,0.11744633092230271,0.11744633092230271,v1,2026-04-15T16:13:59,DraftKings,2026-04-15 15:51:34
17,Blake Miller,0.1172,0.0,0.1172,0.1172,v1,2026-04-15T16:13:59,,
22,Akheem Mesidor,0.1152,0.0,0.1152,0.1152,v1,2026-04-15T16:13:59,,
22,Kevin Concepcion,0.1146,0.0,0.1146,0.1146,v1,2026-04-15T16:13:59,,
14,Kenyon Sadiq,0.1144,0.0,0.1144,0.1144,v1,2026-04-15T16:13:59,,
4,Rueben Bain,0.1136,0.0,0.1136,0.1136,v1,2026-04-15T16:13:59,,
23,Kevin Concepcion,0.1126,0.0,0.1126,0.1126,v1,2026-04-15T16:13:59,,
1,Caleb Downs,0.0,0.1114845699474177,-0.1114845699474177,0.1114845699474177,v1,2026-04-15T16:13:59,DraftKings,2026-04-15 15:51:34
1,Rueben Bain Jr.,0.0,0.1114845699474177,-0.1114845699474177,0.1114845699474177,v1,2026-04-15T16:13:59,DraftKings,2026-04-15 15:51:34
19,Kenyon Sadiq,0.1106,0.0,0.1106,0.1106,v1,2026-04-15T16:13:59,,
22,Peter Woods,0.1106,0.0,0.1106,0.1106,v1,2026-04-15T16:13:59,,
6,Sonny Styles,0.0322,0.1425894484628289,-0.11038944846282889,0.11038944846282889,v1,2026-04-15T16:13:59,DraftKings,2026-04-15 15:51:34
27,Cashius Howell,0.1086,0.0,0.1086,0.1086,v1,2026-04-15T16:13:59,,
17,Caleb Lomu,0.1084,0.0,0.1084,0.1084,v1,2026-04-15T16:13:59,,
9,Rueben Bain,0.1052,0.0,0.1052,0.1052,v1,2026-04-15T16:13:59,,
16,Olaivavega Ioane,0.1036,0.0,0.1036,0.1036,v1,2026-04-15T16:13:59,,
20,Keldric Faulk,0.1026,0.0,0.1026,0.1026,v1,2026-04-15T16:13:59,,
22,Emmanuel McNeil-Warren,0.1022,0.0,0.1022,0.1022,v1,2026-04-15T16:13:59,,
14,Makai Lemon,0.1004,0.0,0.1004,0.1004,v1,2026-04-15T16:13:59,,
29,Colton Hood,0.0996,0.0,0.0996,0.0996,v1,2026-04-15T16:13:59,,
22,Omar Cooper Jr.,0.0992,0.0,0.0992,0.0992,v1,2026-04-15T16:13:59,,
12,Sonny Styles,0.096,0.0,0.096,0.096,v1,2026-04-15T16:13:59,,
10,Rueben Bain Jr.,0.0,0.0941180847808523,-0.0941180847808523,0.0941180847808523,v1,2026-04-15T16:13:59,DraftKings,2026-04-15 15:51:34
16,Jordyn Tyson,0.0924,0.0,0.0924,0.0924,v1,2026-04-15T16:13:59,,
17,Spencer Fano,0.092,0.0,0.092,0.092,v1,2026-04-15T16:13:59,,
21,Omar Cooper Jr.,0.0906,0.0,0.0906,0.0906,v1,2026-04-15T16:13:59,,
30,Denzel Boston,0.0906,0.0,0.0906,0.0906,v1,2026-04-15T16:13:59,,
7,Rueben Bain Jr.,0.0,0.0905010099385389,-0.0905010099385389,0.0905010099385389,v1,2026-04-15T16:13:59,DraftKings,2026-04-15 15:51:34
23,Omar Cooper Jr.,0.0898,0.0,0.0898,0.0898,v1,2026-04-15T16:13:59,,
9,Jermod McCoy,0.1418,0.0520712486021066,0.08972875139789341,0.08972875139789341,v1,2026-04-15T16:13:59,DraftKings,2026-04-15 15:51:34
10,Dillon Thieneman,0.119,0.0321982921618705,0.08680170783812949,0.08680170783812949,v1,2026-04-15T16:13:59,DraftKings,2026-04-15 15:51:34
31,Kayden McDonald,0.0864,0.0,0.0864,0.0864,v1,2026-04-15T16:13:59,,
27,Kevin Concepcion,0.0824,0.0,0.0824,0.0824,v1,2026-04-15T16:13:59,,
10,Mansoor Delane,0.0294,0.1112304638319164,-0.0818304638319164,0.0818304638319164,v1,2026-04-15T16:13:59,DraftKings,2026-04-15 15:51:34
29,Denzel Boston,0.0814,0.0,0.0814,0.0814,v1,2026-04-15T16:13:59,,
12,Mansoor Delane,0.08,0.0,0.08,0.08,v1,2026-04-15T16:13:59,,
21,Kevin Concepcion,0.0788,0.0,0.0788,0.0788,v1,2026-04-15T16:13:59,,
6,Carnell Tate,0.335,0.2566610072330922,0.07833899276690781,0.07833899276690781,v1,2026-04-15T16:13:59,DraftKings,2026-04-15 15:51:34
20,Peter Woods,0.078,0.0,0.078,0.078,v1,2026-04-15T16:13:59,,
18,Jeremiyah Love,0.0778,0.0,0.0778,0.0778,v1,2026-04-15T16:13:59,,
19,Kevin Concepcion,0.0778,0.0,0.0778,0.0778,v1,2026-04-15T16:13:59,,
4,David Bailey,0.205,0.1279002484041998,0.07709975159580018,0.07709975159580018,v1,2026-04-15T16:13:59,DraftKings,2026-04-15 15:51:34
27,Spencer Fano,0.077,0.0,0.077,0.077,v1,2026-04-15T16:13:59,,
21,Spencer Fano,0.076,0.0,0.076,0.076,v1,2026-04-15T16:13:59,,
32,Cashius Howell,0.0758,0.0,0.0758,0.0758,v1,2026-04-15T16:13:59,,
6,Makai Lemon,0.0902,0.0156500614166519,0.0745499385833481,0.0745499385833481,v1,2026-04-15T16:13:59,DraftKings,2026-04-15 15:51:34
24,Monroe Freeling,0.0744,0.0,0.0744,0.0744,v1,2026-04-15T16:13:59,,
24,Blake Miller,0.0742,0.0,0.0742,0.0742,v1,2026-04-15T16:13:59,,
29,Avieon Terrell,0.073,0.0,0.073,0.073,v1,2026-04-15T16:13:59,,
10,Sonny Styles,0.1372,0.064396584323741,0.07280341567625899,0.07280341567625899,v1,2026-04-15T16:13:59,DraftKings,2026-04-15 15:51:34
8,Makai Lemon,0.1264,0.0540354396253946,0.07236456037460541,0.07236456037460541,v1,2026-04-15T16:13:59,DraftKings,2026-04-15 15:51:34
3,Jeremiyah Love,0.0164,0.0868901188622783,-0.07049011886227831,0.07049011886227831,v1,2026-04-15T16:13:59,DraftKings,2026-04-15 15:51:34
20,Sonny Styles,0.07,0.0,0.07,0.07,v1,2026-04-15T16:13:59,,
30,Zion Young,0.07,0.0,0.07,0.07,v1,2026-04-15T16:13:59,,
10,Jermod McCoy,0.0176,0.0873953644393629,-0.06979536443936289,0.06979536443936289,v1,2026-04-15T16:13:59,DraftKings,2026-04-15 15:51:34
31,Caleb Banks,0.0694,0.0,0.0694,0.0694,v1,2026-04-15T16:13:59,,
26,Kayden McDonald,0.0692,0.0,0.0692,0.0692,v1,2026-04-15T16:13:59,,
7,Mansoor Delane,0.0214,0.0905010099385389,-0.0691010099385389,0.0691010099385389,v1,2026-04-15T16:13:59,DraftKings,2026-04-15 15:51:34
25,Emmanuel McNeil-Warren,0.0684,0.0,0.0684,0.0684,v1,2026-04-15T16:13:59,,
21,Avieon Terrell,0.0678,0.0,0.0678,0.0678,v1,2026-04-15T16:13:59,,
23,Denzel Boston,0.0678,0.0,0.0678,0.0678,v1,2026-04-15T16:13:59,,
23,T.J. Parker,0.0678,0.0,0.0678,0.0678,v1,2026-04-15T16:13:59,,
4,Carnell Tate,0.1346,0.0668569480294681,0.0677430519705319,0.0677430519705319,v1,2026-04-15T16:13:59,DraftKings,2026-04-15 15:51:34
13,Spencer Fano,0.0676,0.0,0.0676,0.0676,v1,2026-04-15T16:13:59,,
9,Caleb Downs,0.1276,0.0602930246971761,0.0673069753028239,0.0673069753028239,v1,2026-04-15T16:13:59,DraftKings,2026-04-15 15:51:34
4,Rueben Bain Jr.,0.0,0.0668569480294681,-0.0668569480294681,0.0668569480294681,v1,2026-04-15T16:13:59,DraftKings,2026-04-15 15:51:34
12,Keldric Faulk,0.065,0.0,0.065,0.065,v1,2026-04-15T16:13:59,,
15,Olaivavega Ioane,0.0646,0.0,0.0646,0.0646,v1,2026-04-15T16:13:59,,
28,Spencer Fano,0.0642,0.0,0.0642,0.0642,v1,2026-04-15T16:13:59,,
17,Monroe Freeling,0.0636,0.0,0.0636,0.0636,v1,2026-04-15T16:13:59,,
10,Arvell Reese,0.0694,0.0060571044660944,0.0633428955339056,0.0633428955339056,v1,2026-04-15T16:13:59,DraftKings,2026-04-15 15:51:34
15,Jermod McCoy,0.0632,0.0,0.0632,0.0632,v1,2026-04-15T16:13:59,,
17,Francis Mauigoa,0.0606,0.0,0.0606,0.0606,v1,2026-04-15T16:13:59,,
30,T.J. Parker,0.0596,0.0,0.0596,0.0596,v1,2026-04-15T16:13:59,,
22,Denzel Boston,0.059,0.0,0.059,0.059,v1,2026-04-15T16:13:59,,
4,Arvell Reese,0.0478,0.1050609183320212,-0.0572609183320212,0.0572609183320212,v1,2026-04-15T16:13:59,DraftKings,2026-04-15 15:51:34
21,Kadyn Proctor,0.0566,0.0,0.0566,0.0566,v1,2026-04-15T16:13:59,,
31,Denzel Boston,0.0566,0.0,0.0566,0.0566,v1,2026-04-15T16:13:59,,
8,Caleb Downs,0.0122,0.0660433150977046,-0.0538433150977046,0.0538433150977046,v1,2026-04-15T16:13:59,DraftKings,2026-04-15 15:51:34
1,Jeremiyah Love,0.0,0.0537435576240539,-0.0537435576240539,0.0537435576240539,v1,2026-04-15T16:13:59,DraftKings,2026-04-15 15:51:34
32,Chase Bisontis,0.0534,0.0,0.0534,0.0534,v1,2026-04-15T16:13:59,,
21,Monroe Freeling,0.053,0.0,0.053,0.053,v1,2026-04-15T16:13:59,,
13,Kadyn Proctor,0.0526,0.0,0.0526,0.0526,v1,2026-04-15T16:13:59,,
19,Kadyn Proctor,0.0524,0.0,0.0524,0.0524,v1,2026-04-15T16:13:59,,
32,Avieon Terrell,0.0524,0.0,0.0524,0.0524,v1,2026-04-15T16:13:59,,
21,Jeremiyah Love,0.0518,0.0,0.0518,0.0518,v1,2026-04-15T16:13:59,,
28,Caleb Banks,0.0518,0.0,0.0518,0.0518,v1,2026-04-15T16:13:59,,
8,Jordyn Tyson,0.0616,0.113217111596065,-0.051617111596064996,0.051617111596064996,v1,2026-04-15T16:13:59,DraftKings,2026-04-15 15:51:34
23,Emmanuel McNeil-Warren,0.0516,0.0,0.0516,0.0516,v1,2026-04-15T16:13:59,,
23,Spencer Fano,0.0516,0.0,0.0516,0.0516,v1,2026-04-15T16:13:59,,
13,Francis Mauigoa,0.0514,0.0,0.0514,0.0514,v1,2026-04-15T16:13:59,,
25,Avieon Terrell,0.0512,0.0,0.0512,0.0512,v1,2026-04-15T16:13:59,,
12,Dillon Thieneman,0.051,0.0,0.051,0.051,v1,2026-04-15T16:13:59,,
9,Kenyon Sadiq,0.0014,0.0520712486021066,-0.0506712486021066,0.0506712486021066,v1,2026-04-15T16:13:59,DraftKings,2026-04-15 15:51:34
16,Kevin Concepcion,0.0502,0.0,0.0502,0.0502,v1,2026-04-15T16:13:59,,
4,Jeremiyah Love,0.392,0.3420588038716972,0.049941196128302834,0.049941196128302834,v1,2026-04-15T16:13:59,DraftKings,2026-04-15 15:51:34
6,Monroe Freeling,0.1416,0.09166464544039,0.04993535455961,0.04993535455961,v1,2026-04-15T16:13:59,DraftKings,2026-04-15 15:51:34
5,Caleb Downs,0.1428,0.1926706497632929,-0.04987064976329289,0.04987064976329289,v1,2026-04-15T16:13:59,DraftKings,2026-04-15 15:51:34
24,Kadyn Proctor,0.0498,0.0,0.0498,0.0498,v1,2026-04-15T16:13:59,,
3,Arvell Reese,0.26,0.3089426448436563,-0.04894264484365629,0.04894264484365629,v1,2026-04-15T16:13:59,DraftKings,2026-04-15 15:51:34
26,Peter Woods,0.0486,0.0,0.0486,0.0486,v1,2026-04-15T16:13:59,,
3,David Bailey,0.2618,0.2138833695071467,0.047916630492853274,0.047916630492853274,v1,2026-04-15T16:13:59,DraftKings,2026-04-15 15:51:34
8,Carnell Tate,0.0654,0.113217111596065,-0.047817111596065,0.047817111596065,v1,2026-04-15T16:13:59,DraftKings,2026-04-15 15:51:34
32,Brandon Cisse,0.0478,0.0,0.0478,0.0478,v1,2026-04-15T16:13:59,,
16,Sonny Styles,0.047,0.0,0.047,0.047,v1,2026-04-15T16:13:59,,
32,Malachi Lawrence,0.047,0.0,0.047,0.047,v1,2026-04-15T16:13:59,,
27,Caleb Lomu,0.0468,0.0,0.0468,0.0468,v1,2026-04-15T16:13:59,,
30,Avieon Terrell,0.0458,0.0,0.0458,0.0458,v1,2026-04-15T16:13:59,,
9,Carnell Tate,0.0092,0.0545508318688736,-0.0453508318688736,0.0453508318688736,v1,2026-04-15T16:13:59,DraftKings,2026-04-15 15:51:34
1,Jordyn Tyson,0.0,0.0448160563575998,-0.0448160563575998,0.0448160563575998,v1,2026-04-15T16:13:59,DraftKings,2026-04-15 15:51:34
27,Max Iheanachor,0.0446,0.0,0.0446,0.0446,v1,2026-04-15T16:13:59,,
9,Spencer Fano,0.14,0.0954639557705289,0.04453604422947112,0.04453604422947112,v1,2026-04-15T16:13:59,DraftKings,2026-04-15 15:51:34
5,Arvell Reese,0.0598,0.0152726734568463,0.0445273265431537,0.0445273265431537,v1,2026-04-15T16:13:59,DraftKings,2026-04-15 15:51:34
27,Monroe Freeling,0.0442,0.0,0.0442,0.0442,v1,2026-04-15T16:13:59,,
30,Chase Bisontis,0.0442,0.0,0.0442,0.0442,v1,2026-04-15T16:13:59,,
29,Max Iheanachor,0.044,0.0,0.044,0.044,v1,2026-04-15T16:13:59,,
28,Monroe Freeling,0.0438,0.0,0.0438,0.0438,v1,2026-04-15T16:13:59,,
3,Ty Simpson,0.0,0.0434450594311391,-0.0434450594311391,0.0434450594311391,v1,2026-04-15T16:13:59,DraftKings,2026-04-15 15:51:34
19,Blake Miller,0.0432,0.0,0.0432,0.0432,v1,2026-04-15T16:13:59,,
12,Monroe Freeling,0.043,0.0,0.043,0.043,v1,2026-04-15T16:13:59,,
6,Kadyn Proctor,0.0,0.0427768345388486,-0.0427768345388486,0.0427768345388486,v1,2026-04-15T16:13:59,DraftKings,2026-04-15 15:51:34
27,Blake Miller,0.0424,0.0,0.0424,0.0424,v1,2026-04-15T16:13:59,,
23,Monroe Freeling,0.0422,0.0,0.0422,0.0422,v1,2026-04-15T16:13:59,,
28,Kadyn Proctor,0.0418,0.0,0.0418,0.0418,v1,2026-04-15T16:13:59,,
22,Kayden McDonald,0.0414,0.0,0.0414,0.0414,v1,2026-04-15T16:13:59,,
12,Spencer Fano,0.041,0.0,0.041,0.041,v1,2026-04-15T16:13:59,,
18,Caleb Downs,0.0406,0.0,0.0406,0.0406,v1,2026-04-15T16:13:59,,
27,Avieon Terrell,0.0398,0.0,0.0398,0.0398,v1,2026-04-15T16:13:59,,
26,Zion Young,0.0392,0.0,0.0392,0.0392,v1,2026-04-15T16:13:59,,
30,Chris Johnson,0.039,0.0,0.039,0.039,v1,2026-04-15T16:13:59,,
20,Dillon Thieneman,0.0388,0.0,0.0388,0.0388,v1,2026-04-15T16:13:59,,
19,Peter Woods,0.0386,0.0,0.0386,0.0386,v1,2026-04-15T16:13:59,,
7,Caleb Downs,0.1078,0.0692066546588827,0.0385933453411173,0.0385933453411173,v1,2026-04-15T16:13:59,DraftKings,2026-04-15 15:51:34
3,Rueben Bain,0.0382,0.0,0.0382,0.0382,v1,2026-04-15T16:13:59,,
22,Cashius Howell,0.0376,0.0,0.0376,0.0376,v1,2026-04-15T16:13:59,,
28,Blake Miller,0.0374,0.0,0.0374,0.0374,v1,2026-04-15T16:13:59,,
5,Sonny Styles,0.1906,0.2277016769929826,-0.03710167699298261,0.03710167699298261,v1,2026-04-15T16:13:59,DraftKings,2026-04-15 15:51:34
27,Kadyn Proctor,0.037,0.0,0.037,0.037,v1,2026-04-15T16:13:59,,
30,Kenyon Sadiq,0.0368,0.0,0.0368,0.0368,v1,2026-04-15T16:13:59,,
31,T.J. Parker,0.0368,0.0,0.0368,0.0368,v1,2026-04-15T16:13:59,,
24,Omar Cooper Jr.,0.0366,0.0,0.0366,0.0366,v1,2026-04-15T16:13:59,,
3,Rueben Bain Jr.,0.0,0.0365853132051698,-0.0365853132051698,0.0365853132051698,v1,2026-04-15T16:13:59,DraftKings,2026-04-15 15:51:34
9,Sonny Styles,0.0026,0.0381855823082115,-0.0355855823082115,0.0355855823082115,v1,2026-04-15T16:13:59,DraftKings,2026-04-15 15:51:34
30,Emmanuel Pregnon,0.0354,0.0,0.0354,0.0354,v1,2026-04-15T16:13:59,,
31,C.J. Allen,0.0352,0.0,0.0352,0.0352,v1,2026-04-15T16:13:59,,
31,Kenyon Sadiq,0.035,0.0,0.035,0.035,v1,2026-04-15T16:13:59,,
8,Kenyon Sadiq,0.0004,0.0349641079929024,-0.0345641079929024,0.0345641079929024,v1,2026-04-15T16:13:59,DraftKings,2026-04-15 15:51:34
22,Keldric Faulk,0.0342,0.0,0.0342,0.0342,v1,2026-04-15T16:13:59,,
28,Jeremiyah Love,0.0332,0.0,0.0332,0.0332,v1,2026-04-15T16:13:59,,
9,Jordyn Tyson,0.0276,0.0602930246971761,-0.0326930246971761,0.0326930246971761,v1,2026-04-15T16:13:59,DraftKings,2026-04-15 15:51:34
25,Dillon Thieneman,0.0324,0.0,0.0324,0.0324,v1,2026-04-15T16:13:59,,
7,Makai Lemon,0.0604,0.0280122173619287,0.0323877826380713,0.0323877826380713,v1,2026-04-15T16:13:59,DraftKings,2026-04-15 15:51:34
22,Olaivavega Ioane,0.0322,0.0,0.0322,0.0322,v1,2026-04-15T16:13:59,,
6,Rueben Bain Jr.,0.0,0.0320826259041365,-0.0320826259041365,0.0320826259041365,v1,2026-04-15T16:13:59,DraftKings,2026-04-15 15:51:34
4,Sonny Styles,0.0734,0.1050609183320212,-0.0316609183320212,0.0316609183320212,v1,2026-04-15T16:13:59,DraftKings,2026-04-15 15:51:34
28,Olaivavega Ioane,0.0316,0.0,0.0316,0.0316,v1,2026-04-15T16:13:59,,
29,Chris Johnson,0.0314,0.0,0.0314,0.0314,v1,2026-04-15T16:13:59,,
28,Caleb Lomu,0.0308,0.0,0.0308,0.0308,v1,2026-04-15T16:13:59,,
6,Rueben Bain,0.0304,0.0,0.0304,0.0304,v1,2026-04-15T16:13:59,,
9,Francis Mauigoa,0.0334,0.0636426371803526,-0.030242637180352597,0.030242637180352597,v1,2026-04-15T16:13:59,DraftKings,2026-04-15 15:51:34
24,Spencer Fano,0.0302,0.0,0.0302,0.0302,v1,2026-04-15T16:13:59,,
2,Carnell Tate,0.046,0.0159962537152593,0.030003746284740698,0.030003746284740698,v1,2026-04-15T16:13:59,DraftKings,2026-04-15 15:51:34
11,Kenyon Sadiq,0.03,0.0,0.03,0.03,v1,2026-04-15T16:13:59,,
7,Arvell Reese,0.0384,0.0089129782515227,0.029487021748477296,0.029487021748477296,v1,2026-04-15T16:13:59,DraftKings,2026-04-15 15:51:34
5,Francis Mauigoa,0.1544,0.1252359223461404,0.029164077653859616,0.029164077653859616,v1,2026-04-15T16:13:59,DraftKings,2026-04-15 15:51:34
15,Rueben Bain,0.0286,0.0,0.0286,0.0286,v1,2026-04-15T16:13:59,,
5,Mansoor Delane,0.0044,0.0329568216700369,-0.028556821670036897,0.028556821670036897,v1,2026-04-15T16:13:59,DraftKings,2026-04-15 15:51:34
6,Caleb Downs,0.0094,0.0377442657695723,-0.028344265769572302,0.028344265769572302,v1,2026-04-15T16:13:59,DraftKings,2026-04-15 15:51:34
20,Kadyn Proctor,0.0278,0.0,0.0278,0.0278,v1,2026-04-15T16:13:59,,
20,T.J. Parker,0.0276,0.0,0.0276,0.0276,v1,2026-04-15T16:13:59,,
10,Francis Mauigoa,0.0132,0.040784503405036,-0.027584503405035998,0.027584503405035998,v1,2026-04-15T16:13:59,DraftKings,2026-04-15 15:51:34
30,Olaivavega Ioane,0.0274,0.0,0.0274,0.0274,v1,2026-04-15T16:13:59,,
7,Carnell Tate,0.1034,0.130723681022334,-0.027323681022333998,0.027323681022333998,v1,2026-04-15T16:13:59,DraftKings,2026-04-15 15:51:34
5,Jordyn Tyson,0.0,0.0272252005100305,-0.0272252005100305,0.0272252005100305,v1,2026-04-15T16:13:59,DraftKings,2026-04-15 15:51:34
18,Avieon Terrell,0.027,0.0,0.027,0.027,v1,2026-04-15T16:13:59,,
10,Kadyn Proctor,0.0022,0.0291317881464543,-0.026931788146454298,0.026931788146454298,v1,2026-04-15T16:13:59,DraftKings,2026-04-15 15:51:34
1,Carnell Tate,0.0,0.0269254150970809,-0.0269254150970809,0.0269254150970809,v1,2026-04-15T16:13:59,DraftKings,2026-04-15 15:51:34
1,Francis Mauigoa,0.0,0.0269254150970809,-0.0269254150970809,0.0269254150970809,v1,2026-04-15T16:13:59,DraftKings,2026-04-15 15:51:34
1,Jermod McCoy,0.0,0.0269254150970809,-0.0269254150970809,0.0269254150970809,v1,2026-04-15T16:13:59,DraftKings,2026-04-15 15:51:34
1,Keldric Faulk,0.0,0.0269254150970809,-0.0269254150970809,0.0269254150970809,v1,2026-04-15T16:13:59,DraftKings,2026-04-15 15:51:34
1,Makai Lemon,0.0,0.0269254150970809,-0.0269254150970809,0.0269254150970809,v1,2026-04-15T16:13:59,DraftKings,2026-04-15 15:51:34
1,Spencer Fano,0.0,0.0269254150970809,-0.0269254150970809,0.0269254150970809,v1,2026-04-15T16:13:59,DraftKings,2026-04-15 15:51:34
6,Spencer Fano,0.0802,0.1069420863471217,-0.026742086347121705,0.026742086347121705,v1,2026-04-15T16:13:59,DraftKings,2026-04-15 15:51:34
21,Francis Mauigoa,0.0266,0.0,0.0266,0.0266,v1,2026-04-15T16:13:59,,
18,Peter Woods,0.0264,0.0,0.0264,0.0264,v1,2026-04-15T16:13:59,,
10,Kenyon Sadiq,0.0058,0.0321982921618705,-0.0263982921618705,0.0263982921618705,v1,2026-04-15T16:13:59,DraftKings,2026-04-15 15:51:34
16,Kadyn Proctor,0.0262,0.0,0.0262,0.0262,v1,2026-04-15T16:13:59,,
10,Carnell Tate,0.0004,0.0265985891771974,-0.0261985891771974,0.0261985891771974,v1,2026-04-15T16:13:59,DraftKings,2026-04-15 15:51:34
20,Omar Cooper Jr.,0.026,0.0,0.026,0.026,v1,2026-04-15T16:13:59,,
26,Olaivavega Ioane,0.026,0.0,0.026,0.026,v1,2026-04-15T16:13:59,,
7,David Bailey,0.0484,0.0226252524846347,0.0257747475153653,0.0257747475153653,v1,2026-04-15T16:13:59,DraftKings,2026-04-15 15:51:34
13,Omar Cooper Jr.,0.0254,0.0,0.0254,0.0254,v1,2026-04-15T16:13:59,,
8,Francis Mauigoa,0.003,0.0283042778990162,-0.025304277899016202,0.025304277899016202,v1,2026-04-15T16:13:59,DraftKings,2026-04-15 15:51:34
7,Kenyon Sadiq,0.0006,0.0255763723739349,-0.0249763723739349,0.0249763723739349,v1,2026-04-15T16:13:59,DraftKings,2026-04-15 15:51:34
9,Makai Lemon,0.055,0.030146512348588,0.024853487651412,0.024853487651412,v1,2026-04-15T16:13:59,DraftKings,2026-04-15 15:51:34
17,Peter Woods,0.0248,0.0,0.0248,0.0248,v1,2026-04-15T16:13:59,,
19,T.J. Parker,0.0248,0.0,0.0248,0.0248,v1,2026-04-15T16:13:59,,
16,Dillon Thieneman,0.0246,0.0,0.0246,0.0246,v1,2026-04-15T16:13:59,,
2,Rueben Bain Jr.,0.0,0.0244791155339575,-0.0244791155339575,0.0244791155339575,v1,2026-04-15T16:13:59,DraftKings,2026-04-15 15:51:34
13,Sonny Styles,0.0244,0.0,0.0244,0.0244,v1,2026-04-15T16:13:59,,
23,Cashius Howell,0.0244,0.0,0.0244,0.0244,v1,2026-04-15T16:13:59,,
16,Kenyon Sadiq,0.0242,0.0,0.0242,0.0242,v1,2026-04-15T16:13:59,,
8,Sonny Styles,0.013,0.0371493647424588,-0.024149364742458802,0.024149364742458802,v1,2026-04-15T16:13:59,DraftKings,2026-04-15 15:51:34
5,Rueben Bain Jr.,0.0,0.0240838312204116,-0.0240838312204116,0.0240838312204116,v1,2026-04-15T16:13:59,DraftKings,2026-04-15 15:51:34
23,Kadyn Proctor,0.024,0.0,0.024,0.024,v1,2026-04-15T16:13:59,,
27,Zion Young,0.024,0.0,0.024,0.024,v1,2026-04-15T16:13:59,,
5,Jeremiyah Love,0.128,0.1043632686217836,0.023636731378216397,0.023636731378216397,v1,2026-04-15T16:13:59,DraftKings,2026-04-15 15:51:34
20,Kayden McDonald,0.0234,0.0,0.0234,0.0234,v1,2026-04-15T16:13:59,,
20,Blake Miller,0.0232,0.0,0.0232,0.0232,v1,2026-04-15T16:13:59,,
28,T.J. Parker,0.0232,0.0,0.0232,0.0232,v1,2026-04-15T16:13:59,,
3,Sonny Styles,0.0348,0.0579267459081855,-0.023126745908185503,0.023126745908185503,v1,2026-04-15T16:13:59,DraftKings,2026-04-15 15:51:34
24,Olaivavega Ioane,0.0228,0.0,0.0228,0.0228,v1,2026-04-15T16:13:59,,
28,Avieon Terrell,0.0226,0.0,0.0226,0.0226,v1,2026-04-15T16:13:59,,
11,Omar Cooper Jr.,0.022,0.0,0.022,0.022,v1,2026-04-15T16:13:59,,
20,Caleb Lomu,0.022,0.0,0.022,0.022,v1,2026-04-15T16:13:59,,
27,Olaivavega Ioane,0.022,0.0,0.022,0.022,v1,2026-04-15T16:13:59,,
12,Makai Lemon,0.0218,0.0,0.0218,0.0218,v1,2026-04-15T16:13:59,,
20,Jermod McCoy,0.0218,0.0,0.0218,0.0218,v1,2026-04-15T16:13:59,,
19,Spencer Fano,0.0214,0.0,0.0214,0.0214,v1,2026-04-15T16:13:59,,
10,Olaivavega Ioane,0.0504,0.0291317881464543,0.0212682118535457,0.0212682118535457,v1,2026-04-15T16:13:59,DraftKings,2026-04-15 15:51:34
17,Akheem Mesidor,0.0212,0.0,0.0212,0.0212,v1,2026-04-15T16:13:59,,
20,Caleb Downs,0.0212,0.0,0.0212,0.0212,v1,2026-04-15T16:13:59,,
10,Peter Woods,0.0,0.0210954327957082,-0.0210954327957082,0.0210954327957082,v1,2026-04-15T16:13:59,DraftKings,2026-04-15 15:51:34
12,Akheem Mesidor,0.021,0.0,0.021,0.021,v1,2026-04-15T16:13:59,,
16,Ty Simpson,0.021,0.0,0.021,0.021,v1,2026-04-15T16:13:59,,
16,Avieon Terrell,0.0208,0.0,0.0208,0.0208,v1,2026-04-15T16:13:59,,
14,Jeremiyah Love,0.0206,0.0,0.0206,0.0206,v1,2026-04-15T16:13:59,,
25,Caleb Downs,0.0206,0.0,0.0206,0.0206,v1,2026-04-15T16:13:59,,
20,Jeremiyah Love,0.0202,0.0,0.0202,0.0202,v1,2026-04-15T16:13:59,,
24,Peter Woods,0.0202,0.0,0.0202,0.0202,v1,2026-04-15T16:13:59,,
24,T.J. Parker,0.0202,0.0,0.0202,0.0202,v1,2026-04-15T16:13:59,,
5,Olaivavega Ioane,0.0,0.0201993423138936,-0.0201993423138936,0.0201993423138936,v1,2026-04-15T16:13:59,DraftKings,2026-04-15 15:51:34
19,Caleb Lomu,0.02,0.0,0.02,0.02,v1,2026-04-15T16:13:59,,
11,Dillon Thieneman,0.0196,0.0,0.0196,0.0196,v1,2026-04-15T16:13:59,,
9,Monroe Freeling,0.0738,0.0545508318688736,0.019249168131126405,0.019249168131126405,v1,2026-04-15T16:13:59,DraftKings,2026-04-15 15:51:34
2,Rueben Bain,0.0192,0.0,0.0192,0.0192,v1,2026-04-15T16:13:59,,
22,Blake Miller,0.0192,0.0,0.0192,0.0192,v1,2026-04-15T16:13:59,,
28,Cashius Howell,0.0192,0.0,0.0192,0.0192,v1,2026-04-15T16:13:59,,
31,Akheem Mesidor,0.0192,0.0,0.0192,0.0192,v1,2026-04-15T16:13:59,,
19,Jeremiyah Love,0.019,0.0,0.019,0.019,v1,2026-04-15T16:13:59,,
24,Ty Simpson,0.019,0.0,0.019,0.019,v1,2026-04-15T16:13:59,,
7,Omar Cooper Jr.,0.0,0.0189760182129194,-0.0189760182129194,0.0189760182129194,v1,2026-04-15T16:13:59,DraftKings,2026-04-15 15:51:34
2,Jeremiyah Love,0.0056,0.0244791155339575,-0.018879115533957498,0.018879115533957498,v1,2026-04-15T16:13:59,DraftKings,2026-04-15 15:51:34
16,Jeremiyah Love,0.0188,0.0,0.0188,0.0188,v1,2026-04-15T16:13:59,,
32,C.J. Allen,0.0188,0.0,0.0188,0.0188,v1,2026-04-15T16:13:59,,
8,Olaivavega Ioane,0.0018,0.0204962012372186,-0.0186962012372186,0.0186962012372186,v1,2026-04-15T16:13:59,DraftKings,2026-04-15 15:51:34
12,Jeremiyah Love,0.0186,0.0,0.0186,0.0186,v1,2026-04-15T16:13:59,,
24,Emmanuel McNeil-Warren,0.0186,0.0,0.0186,0.0186,v1,2026-04-15T16:13:59,,
27,Omar Cooper Jr.,0.0186,0.0,0.0186,0.0186,v1,2026-04-15T16:13:59,,
11,Spencer Fano,0.0184,0.0,0.0184,0.0184,v1,2026-04-15T16:13:59,,
17,Dillon Thieneman,0.0184,0.0,0.0184,0.0184,v1,2026-04-15T16:13:59,,
19,Avieon Terrell,0.0184,0.0,0.0184,0.0184,v1,2026-04-15T16:13:59,,
24,Avieon Terrell,0.0184,0.0,0.0184,0.0184,v1,2026-04-15T16:13:59,,
11,Monroe Freeling,0.018,0.0,0.018,0.018,v1,2026-04-15T16:13:59,,
14,Keldric Faulk,0.018,0.0,0.018,0.018,v1,2026-04-15T16:13:59,,
31,Blake Miller,0.018,0.0,0.018,0.018,v1,2026-04-15T16:13:59,,
4,Jordyn Tyson,0.0,0.0179372299591255,-0.0179372299591255,0.0179372299591255,v1,2026-04-15T16:13:59,DraftKings,2026-04-15 15:51:34
12,Arvell Reese,0.0178,0.0,0.0178,0.0178,v1,2026-04-15T16:13:59,,
2,Fernando Mendoza,0.0,0.0177540837938593,-0.0177540837938593,0.0177540837938593,v1,2026-04-15T16:13:59,DraftKings,2026-04-15 15:51:34
2,Caleb Downs,0.0002,0.0177540837938593,-0.017554083793859303,0.017554083793859303,v1,2026-04-15T16:13:59,DraftKings,2026-04-15 15:51:34
2,Ty Simpson,0.0002,0.0177540837938593,-0.017554083793859303,0.017554083793859303,v1,2026-04-15T16:13:59,DraftKings,2026-04-15 15:51:34
3,Monroe Freeling,0.0066,0.0239696879620078,-0.0173696879620078,0.0173696879620078,v1,2026-04-15T16:13:59,DraftKings,2026-04-15 15:51:34
11,Caleb Downs,0.0172,0.0,0.0172,0.0172,v1,2026-04-15T16:13:59,,
27,Colton Hood,0.0172,0.0,0.0172,0.0172,v1,2026-04-15T16:13:59,,
18,Mansoor Delane,0.017,0.0,0.017,0.017,v1,2026-04-15T16:13:59,,
19,Denzel Boston,0.017,0.0,0.017,0.017,v1,2026-04-15T16:13:59,,
31,Kadyn Proctor,0.017,0.0,0.017,0.017,v1,2026-04-15T16:13:59,,
4,Caleb Downs,0.0036,0.020428511897893,-0.016828511897893,0.016828511897893,v1,2026-04-15T16:13:59,DraftKings,2026-04-15 15:51:34
7,Jermod McCoy,0.0058,0.0226252524846347,-0.0168252524846347,0.0168252524846347,v1,2026-04-15T16:13:59,DraftKings,2026-04-15 15:51:34
29,Spencer Fano,0.0168,0.0,0.0168,0.0168,v1,2026-04-15T16:13:59,,
10,Ty Simpson,0.0002,0.0169935430854316,-0.0167935430854316,0.0167935430854316,v1,2026-04-15T16:13:59,DraftKings,2026-04-15 15:51:34
26,Avieon Terrell,0.0166,0.0,0.0166,0.0166,v1,2026-04-15T16:13:59,,
9,Olaivavega Ioane,0.0032,0.019751163262868,-0.016551163262868,0.016551163262868,v1,2026-04-15T16:13:59,DraftKings,2026-04-15 15:51:34
8,Omar Cooper Jr.,0.0,0.0165108287744261,-0.0165108287744261,0.0165108287744261,v1,2026-04-15T16:13:59,DraftKings,2026-04-15 15:51:34
16,Jermod McCoy,0.0164,0.0,0.0164,0.0164,v1,2026-04-15T16:13:59,,
4,Monroe Freeling,0.0016,0.0179372299591255,-0.0163372299591255,0.0163372299591255,v1,2026-04-15T16:13:59,DraftKings,2026-04-15 15:51:34
12,Rueben Bain,0.0162,0.0,0.0162,0.0162,v1,2026-04-15T16:13:59,,
16,Makai Lemon,0.0162,0.0,0.0162,0.0162,v1,2026-04-15T16:13:59,,
19,Monroe Freeling,0.0162,0.0,0.0162,0.0162,v1,2026-04-15T16:13:59,,
7,Francis Mauigoa,0.0042,0.0202847091241552,-0.016084709124155203,0.016084709124155203,v1,2026-04-15T16:13:59,DraftKings,2026-04-15 15:51:34
20,Mansoor Delane,0.016,0.0,0.016,0.016,v1,2026-04-15T16:13:59,,
25,Caleb Banks,0.016,0.0,0.016,0.016,v1,2026-04-15T16:13:59,,
30,C.J. Allen,0.016,0.0,0.016,0.016,v1,2026-04-15T16:13:59,,
30,Emmanuel McNeil-Warren,0.016,0.0,0.016,0.016,v1,2026-04-15T16:13:59,,
12,Jordyn Tyson,0.0158,0.0,0.0158,0.0158,v1,2026-04-15T16:13:59,,
32,Emmanuel Pregnon,0.0158,0.0,0.0158,0.0158,v1,2026-04-15T16:13:59,,
12,Caleb Downs,0.0156,0.0,0.0156,0.0156,v1,2026-04-15T16:13:59,,
14,Kadyn Proctor,0.0154,0.0,0.0154,0.0154,v1,2026-04-15T16:13:59,,
31,Spencer Fano,0.0154,0.0,0.0154,0.0154,v1,2026-04-15T16:13:59,,
6,Kenyon Sadiq,0.0004,0.0156500614166519,-0.015250061416651901,0.015250061416651901,v1,2026-04-15T16:13:59,DraftKings,2026-04-15 15:51:34
8,Monroe Freeling,0.0106,0.02584303634258,-0.015243036342579999,0.015243036342579999,v1,2026-04-15T16:13:59,DraftKings,2026-04-15 15:51:34
9,Jeremiyah Love,0.0034,0.0184768946652636,-0.015076894665263598,0.015076894665263598,v1,2026-04-15T16:13:59,DraftKings,2026-04-15 15:51:34
5,Jermod McCoy,0.0002,0.0152726734568463,-0.015072673456846299,0.015072673456846299,v1,2026-04-15T16:13:59,DraftKings,2026-04-15 15:51:34
25,T.J. Parker,0.015,0.0,0.015,0.015,v1,2026-04-15T16:13:59,,
14,Akheem Mesidor,0.0148,0.0,0.0148,0.0148,v1,2026-04-15T16:13:59,,
31,Malachi Lawrence,0.0148,0.0,0.0148,0.0148,v1,2026-04-15T16:13:59,,
17,Keldric Faulk,0.0146,0.0,0.0146,0.0146,v1,2026-04-15T16:13:59,,
29,Keldric Faulk,0.0146,0.0,0.0146,0.0146,v1,2026-04-15T16:13:59,,
30,Omar Cooper Jr.,0.0146,0.0,0.0146,0.0146,v1,2026-04-15T16:13:59,,
32,Keldric Faulk,0.0146,0.0,0.0146,0.0146,v1,2026-04-15T16:13:59,,
4,Mansoor Delane,0.0014,0.0159875310505249,-0.0145875310505249,0.0145875310505249,v1,2026-04-15T16:13:59,DraftKings,2026-04-15 15:51:34
25,Kevin Concepcion,0.0144,0.0,0.0144,0.0144,v1,2026-04-15T16:13:59,,
10,Keldric Faulk,0.0028,0.0169935430854316,-0.014193543085431599,0.014193543085431599,v1,2026-04-15T16:13:59,DraftKings,2026-04-15 15:51:34
13,Jeremiyah Love,0.014,0.0,0.014,0.014,v1,2026-04-15T16:13:59,,
21,Denzel Boston,0.014,0.0,0.014,0.014,v1,2026-04-15T16:13:59,,
26,Omar Cooper Jr.,0.014,0.0,0.014,0.014,v1,2026-04-15T16:13:59,,
30,Dillon Thieneman,0.014,0.0,0.014,0.014,v1,2026-04-15T16:13:59,,
8,Kadyn Proctor,0.0006,0.0144973130702278,-0.0138973130702278,0.0138973130702278,v1,2026-04-15T16:13:59,DraftKings,2026-04-15 15:51:34
25,Blake Miller,0.0138,0.0,0.0138,0.0138,v1,2026-04-15T16:13:59,,
31,Keldric Faulk,0.0138,0.0,0.0138,0.0138,v1,2026-04-15T16:13:59,,
32,T.J. Parker,0.0138,0.0,0.0138,0.0138,v1,2026-04-15T16:13:59,,
19,Dillon Thieneman,0.0136,0.0,0.0136,0.0136,v1,2026-04-15T16:13:59,,
26,Keldric Faulk,0.0136,0.0,0.0136,0.0136,v1,2026-04-15T16:13:59,,
29,Akheem Mesidor,0.0136,0.0,0.0136,0.0136,v1,2026-04-15T16:13:59,,
29,Blake Miller,0.0136,0.0,0.0136,0.0136,v1,2026-04-15T16:13:59,,
1,Carson Beck,0.0,0.0134761568068307,-0.0134761568068307,0.0134761568068307,v1,2026-04-15T16:13:59,DraftKings,2026-04-15 15:51:34
1,Diego Pavia,0.0,0.0134761568068307,-0.0134761568068307,0.0134761568068307,v1,2026-04-15T16:13:59,DraftKings,2026-04-15 15:51:34
1,Drew Allar,0.0,0.0134761568068307,-0.0134761568068307,0.0134761568068307,v1,2026-04-15T16:13:59,DraftKings,2026-04-15 15:51:34
1,Kadyn Proctor,0.0,0.0134761568068307,-0.0134761568068307,0.0134761568068307,v1,2026-04-15T16:13:59,DraftKings,2026-04-15 15:51:34
12,Emmanuel McNeil-Warren,0.0134,0.0,0.0134,0.0134,v1,2026-04-15T16:13:59,,
17,Jeremiyah Love,0.0134,0.0,0.0134,0.0134,v1,2026-04-15T16:13:59,,
2,Jordyn Tyson,0.0,0.0133522448367041,-0.0133522448367041,0.0133522448367041,v1,2026-04-15T16:13:59,DraftKings,2026-04-15 15:51:34
12,Olaivavega Ioane,0.0132,0.0,0.0132,0.0132,v1,2026-04-15T16:13:59,,
15,Mansoor Delane,0.0132,0.0,0.0132,0.0132,v1,2026-04-15T16:13:59,,
27,Dillon Thieneman,0.0132,0.0,0.0132,0.0132,v1,2026-04-15T16:13:59,,
23,Akheem Mesidor,0.013,0.0,0.013,0.013,v1,2026-04-15T16:13:59,,
29,Dillon Thieneman,0.013,0.0,0.013,0.013,v1,2026-04-15T16:13:59,,
5,Spencer Fano,0.02,0.0329568216700369,-0.012956821670036898,0.012956821670036898,v1,2026-04-15T16:13:59,DraftKings,2026-04-15 15:51:34
6,Jordyn Tyson,0.0248,0.0377442657695723,-0.012944265769572302,0.012944265769572302,v1,2026-04-15T16:13:59,DraftKings,2026-04-15 15:51:34
8,Ty Simpson,0.0,0.01292151817129,-0.01292151817129,0.01292151817129,v1,2026-04-15T16:13:59,DraftKings,2026-04-15 15:51:34
12,Francis Mauigoa,0.0128,0.0,0.0128,0.0128,v1,2026-04-15T16:13:59,,
17,Kenyon Sadiq,0.0128,0.0,0.0128,0.0128,v1,2026-04-15T16:13:59,,
26,Akheem Mesidor,0.0128,0.0,0.0128,0.0128,v1,2026-04-15T16:13:59,,
30,Kevin Concepcion,0.0128,0.0,0.0128,0.0128,v1,2026-04-15T16:13:59,,
25,Caleb Lomu,0.0126,0.0,0.0126,0.0126,v1,2026-04-15T16:13:59,,
31,Monroe Freeling,0.0126,0.0,0.0126,0.0126,v1,2026-04-15T16:13:59,,
7,Sonny Styles,0.1444,0.1568684172268009,-0.012468417226800893,0.012468417226800893,v1,2026-04-15T16:13:59,DraftKings,2026-04-15 15:51:34
14,Carnell Tate,0.0122,0.0,0.0122,0.0122,v1,2026-04-15T16:13:59,,
16,Rueben Bain,0.0122,0.0,0.0122,0.0122,v1,2026-04-15T16:13:59,,
25,Denzel Boston,0.0122,0.0,0.0122,0.0122,v1,2026-04-15T16:13:59,,
6,Ty Simpson,0.0004,0.0125814219231907,-0.0121814219231907,0.0121814219231907,v1,2026-04-15T16:13:59,DraftKings,2026-04-15 15:51:34
16,Francis Mauigoa,0.012,0.0,0.012,0.012,v1,2026-04-15T16:13:59,,
10,Emmanuel McNeil-Warren,0.0,0.0119954421779517,-0.0119954421779517,0.0119954421779517,v1,2026-04-15T16:13:59,DraftKings,2026-04-15 15:51:34
10,Omar Cooper Jr.,0.0,0.0119954421779517,-0.0119954421779517,0.0119954421779517,v1,2026-04-15T16:13:59,DraftKings,2026-04-15 15:51:34
3,Caleb Downs,0.0006,0.0124128741231826,-0.0118128741231826,0.0118128741231826,v1,2026-04-15T16:13:59,DraftKings,2026-04-15 15:51:34
13,Kenyon Sadiq,0.0118,0.0,0.0118,0.0118,v1,2026-04-15T16:13:59,,
18,Kadyn Proctor,0.0118,0.0,0.0118,0.0118,v1,2026-04-15T16:13:59,,
20,Spencer Fano,0.0118,0.0,0.0118,0.0118,v1,2026-04-15T16:13:59,,
21,Ty Simpson,0.0118,0.0,0.0118,0.0118,v1,2026-04-15T16:13:59,,
22,Dillon Thieneman,0.0118,0.0,0.0118,0.0118,v1,2026-04-15T16:13:59,,
29,Kadyn Proctor,0.0118,0.0,0.0118,0.0118,v1,2026-04-15T16:13:59,,
31,Caleb Lomu,0.0118,0.0,0.0118,0.0118,v1,2026-04-15T16:13:59,,
2,Sonny Styles,0.0404,0.0521168266206837,-0.011716826620683699,0.011716826620683699,v1,2026-04-15T16:13:59,DraftKings,2026-04-15 15:51:34
5,Makai Lemon,0.029,0.0173938781036306,0.011606121896369403,0.011606121896369403,v1,2026-04-15T16:13:59,DraftKings,2026-04-15 15:51:34
28,Denzel Boston,0.0116,0.0,0.0116,0.0116,v1,2026-04-15T16:13:59,,
31,Colton Hood,0.0116,0.0,0.0116,0.0116,v1,2026-04-15T16:13:59,,
7,Kadyn Proctor,0.0,0.0115344424431471,-0.0115344424431471,0.0115344424431471,v1,2026-04-15T16:13:59,DraftKings,2026-04-15 15:51:34
29,C.J. Allen,0.0114,0.0,0.0114,0.0114,v1,2026-04-15T16:13:59,,
30,Kayden McDonald,0.0114,0.0,0.0114,0.0114,v1,2026-04-15T16:13:59,,
32,Max Iheanachor,0.0114,0.0,0.0114,0.0114,v1,2026-04-15T16:13:59,,
9,Omar Cooper Jr.,0.0,0.0112310536200622,-0.0112310536200622,0.0112310536200622,v1,2026-04-15T16:13:59,DraftKings,2026-04-15 15:51:34
22,Caleb Lomu,0.0112,0.0,0.0112,0.0112,v1,2026-04-15T16:13:59,,
31,R Mason Thomas,0.0112,0.0,0.0112,0.0112,v1,2026-04-15T16:13:59,,
9,Kadyn Proctor,0.0086,0.019751163262868,-0.011151163262868,0.011151163262868,v1,2026-04-15T16:13:59,DraftKings,2026-04-15 15:51:34
8,David Bailey,0.0302,0.0191738656735271,0.0110261343264729,0.0110261343264729,v1,2026-04-15T16:13:59,DraftKings,2026-04-15 15:51:34
21,Emmanuel McNeil-Warren,0.011,0.0,0.011,0.011,v1,2026-04-15T16:13:59,,
26,Makai Lemon,0.011,0.0,0.011,0.011,v1,2026-04-15T16:13:59,,
29,Monroe Freeling,0.011,0.0,0.011,0.011,v1,2026-04-15T16:13:59,,
13,Blake Miller,0.0108,0.0,0.0108,0.0108,v1,2026-04-15T16:13:59,,
23,Francis Mauigoa,0.0108,0.0,0.0108,0.0108,v1,2026-04-15T16:13:59,,
23,Keldric Faulk,0.0108,0.0,0.0108,0.0108,v1,2026-04-15T16:13:59,,
24,Jeremiyah Love,0.0108,0.0,0.0108,0.0108,v1,2026-04-15T16:13:59,,
28,Chase Bisontis,0.0108,0.0,0.0108,0.0108,v1,2026-04-15T16:13:59,,
32,Olaivavega Ioane,0.0108,0.0,0.0108,0.0108,v1,2026-04-15T16:13:59,,
2,Jermod McCoy,0.0,0.0106994809618622,-0.0106994809618622,0.0106994809618622,v1,2026-04-15T16:13:59,DraftKings,2026-04-15 15:51:34
2,KC Concepcion,0.0,0.0106994809618622,-0.0106994809618622,0.0106994809618622,v1,2026-04-15T16:13:59,DraftKings,2026-04-15 15:51:34
2,Omar Cooper Jr.,0.0,0.0106994809618622,-0.0106994809618622,0.0106994809618622,v1,2026-04-15T16:13:59,DraftKings,2026-04-15 15:51:34
8,Keldric Faulk,0.0,0.010614104212131,-0.010614104212131,0.010614104212131,v1,2026-04-15T16:13:59,DraftKings,2026-04-15 15:51:34
18,Omar Cooper Jr.,0.0106,0.0,0.0106,0.0106,v1,2026-04-15T16:13:59,,
22,Caleb Downs,0.0106,0.0,0.0106,0.0106,v1,2026-04-15T16:13:59,,
24,Makai Lemon,0.0106,0.0,0.0106,0.0106,v1,2026-04-15T16:13:59,,
26,C.J. Allen,0.0106,0.0,0.0106,0.0106,v1,2026-04-15T16:13:59,,
13,Carnell Tate,0.0104,0.0,0.0104,0.0104,v1,2026-04-15T16:13:59,,
13,Olaivavega Ioane,0.0104,0.0,0.0104,0.0104,v1,2026-04-15T16:13:59,,
14,Dillon Thieneman,0.0104,0.0,0.0104,0.0104,v1,2026-04-15T16:13:59,,
14,Kevin Concepcion,0.0104,0.0,0.0104,0.0104,v1,2026-04-15T16:13:59,,
18,Kenyon Sadiq,0.0104,0.0,0.0104,0.0104,v1,2026-04-15T16:13:59,,
19,Emmanuel McNeil-Warren,0.0104,0.0,0.0104,0.0104,v1,2026-04-15T16:13:59,,
19,Kayden McDonald,0.0104,0.0,0.0104,0.0104,v1,2026-04-15T16:13:59,,
20,Kevin Concepcion,0.0104,0.0,0.0104,0.0104,v1,2026-04-15T16:13:59,,
4,Jermod McCoy,0.0,0.0103581187087908,-0.0103581187087908,0.0103581187087908,v1,2026-04-15T16:13:59,DraftKings,2026-04-15 15:51:34
12,Kenyon Sadiq,0.0102,0.0,0.0102,0.0102,v1,2026-04-15T16:13:59,,
15,Jeremiyah Love,0.0102,0.0,0.0102,0.0102,v1,2026-04-15T16:13:59,,
18,Keldric Faulk,0.0102,0.0,0.0102,0.0102,v1,2026-04-15T16:13:59,,
22,Rueben Bain,0.0102,0.0,0.0102,0.0102,v1,2026-04-15T16:13:59,,
24,Kayden McDonald,0.0102,0.0,0.0102,0.0102,v1,2026-04-15T16:13:59,,
10,KC Concepcion,0.0,0.01002897624714,-0.01002897624714,0.01002897624714,v1,2026-04-15T16:13:59,DraftKings,2026-04-15 15:51:34
10,T.J. Parker,0.0,0.01002897624714,-0.01002897624714,0.01002897624714,v1,2026-04-15T16:13:59,DraftKings,2026-04-15 15:51:34
5,David Bailey,0.0036,0.0136126002550152,-0.0100126002550152,0.0100126002550152,v1,2026-04-15T16:13:59,DraftKings,2026-04-15 15:51:34
16,Mansoor Delane,0.01,0.0,0.01,0.01,v1,2026-04-15T16:13:59,,
16,Spencer Fano,0.01,0.0,0.01,0.01,v1,2026-04-15T16:13:59,,
19,Francis Mauigoa,0.01,0.0,0.01,0.01,v1,2026-04-15T16:13:59,,
24,Cashius Howell,0.01,0.0,0.01,0.01,v1,2026-04-15T16:13:59,,
32,Akheem Mesidor,0.01,0.0,0.01,0.01,v1,2026-04-15T16:13:59,,
32,Jeremiyah Love,0.01,0.0,0.01,0.01,v1,2026-04-15T16:13:59,,
6,David Bailey,0.0058,0.0156500614166519,-0.0098500614166519,0.0098500614166519,v1,2026-04-15T16:13:59,DraftKings,2026-04-15 15:51:34
11,Keldric Faulk,0.0098,0.0,0.0098,0.0098,v1,2026-04-15T16:13:59,,
23,Kenyon Sadiq,0.0098,0.0,0.0098,0.0098,v1,2026-04-15T16:13:59,,
25,Cashius Howell,0.0098,0.0,0.0098,0.0098,v1,2026-04-15T16:13:59,,
29,Emmanuel McNeil-Warren,0.0098,0.0,0.0098,0.0098,v1,2026-04-15T16:13:59,,
30,Keldric Faulk,0.0098,0.0,0.0098,0.0098,v1,2026-04-15T16:13:59,,
6,Jeremiyah Love,0.0124,0.0221259488994044,-0.009725948899404402,0.009725948899404402,v1,2026-04-15T16:13:59,DraftKings,2026-04-15 15:51:34
4,Ty Simpson,0.0,0.0096766635305809,-0.0096766635305809,0.0096766635305809,v1,2026-04-15T16:13:59,DraftKings,2026-04-15 15:51:34
7,Ty Simpson,0.0,0.0096435502393525,-0.0096435502393525,0.0096435502393525,v1,2026-04-15T16:13:59,DraftKings,2026-04-15 15:51:34
32,R Mason Thomas,0.0096,0.0,0.0096,0.0096,v1,2026-04-15T16:13:59,,
7,Monroe Freeling,0.0048,0.0143477210878171,-0.0095477210878171,0.0095477210878171,v1,2026-04-15T16:13:59,DraftKings,2026-04-15 15:51:34
8,Dillon Thieneman,0.0002,0.0097440956701531,-0.009544095670153099,0.009544095670153099,v1,2026-04-15T16:13:59,DraftKings,2026-04-15 15:51:34
4,Spencer Fano,0.0016,0.011142824671578,-0.009542824671578,0.009542824671578,v1,2026-04-15T16:13:59,DraftKings,2026-04-15 15:51:34
21,Mansoor Delane,0.0094,0.0,0.0094,0.0094,v1,2026-04-15T16:13:59,,
21,Olaivavega Ioane,0.0094,0.0,0.0094,0.0094,v1,2026-04-15T16:13:59,,
9,KC Concepcion,0.0,0.0093898972889044,-0.0093898972889044,0.0093898972889044,v1,2026-04-15T16:13:59,DraftKings,2026-04-15 15:51:34
7,Olaivavega Ioane,0.0004,0.0096435502393525,-0.009243550239352501,0.009243550239352501,v1,2026-04-15T16:13:59,DraftKings,2026-04-15 15:51:34
19,Makai Lemon,0.0092,0.0,0.0092,0.0092,v1,2026-04-15T16:13:59,,
27,Emmanuel McNeil-Warren,0.0092,0.0,0.0092,0.0092,v1,2026-04-15T16:13:59,,
31,Omar Cooper Jr.,0.0092,0.0,0.0092,0.0092,v1,2026-04-15T16:13:59,,
8,Spencer Fano,0.0114,0.0204962012372186,-0.0090962012372186,0.0090962012372186,v1,2026-04-15T16:13:59,DraftKings,2026-04-15 15:51:34
4,Olaivavega Ioane,0.0,0.0090793386212857,-0.0090793386212857,0.0090793386212857,v1,2026-04-15T16:13:59,DraftKings,2026-04-15 15:51:34
16,Carnell Tate,0.009,0.0,0.009,0.009,v1,2026-04-15T16:13:59,,
24,Jordyn Tyson,0.009,0.0,0.009,0.009,v1,2026-04-15T16:13:59,,
7,Jordyn Tyson,0.0482,0.0392171043067002,0.008982895693299797,0.008982895693299797,v1,2026-04-15T16:13:59,DraftKings,2026-04-15 15:51:34
4,Francis Mauigoa,0.0148,0.0237234331717467,-0.008923433171746698,0.008923433171746698,v1,2026-04-15T16:13:59,DraftKings,2026-04-15 15:51:34
11,David Bailey,0.0088,0.0,0.0088,0.0088,v1,2026-04-15T16:13:59,,
16,Blake Miller,0.0088,0.0,0.0088,0.0088,v1,2026-04-15T16:13:59,,
19,Rueben Bain,0.0088,0.0,0.0088,0.0088,v1,2026-04-15T16:13:59,,
20,Rueben Bain,0.0088,0.0,0.0088,0.0088,v1,2026-04-15T16:13:59,,
22,Avieon Terrell,0.0088,0.0,0.0088,0.0088,v1,2026-04-15T16:13:59,,
27,Peter Woods,0.0088,0.0,0.0088,0.0088,v1,2026-04-15T16:13:59,,
29,Omar Cooper Jr.,0.0088,0.0,0.0088,0.0088,v1,2026-04-15T16:13:59,,
30,Brandon Cisse,0.0088,0.0,0.0088,0.0088,v1,2026-04-15T16:13:59,,
9,Emmanuel McNeil-Warren,0.0,0.0086785414336844,-0.0086785414336844,0.0086785414336844,v1,2026-04-15T16:13:59,DraftKings,2026-04-15 15:51:34
9,Ty Simpson,0.0,0.0086785414336844,-0.0086785414336844,0.0086785414336844,v1,2026-04-15T16:13:59,DraftKings,2026-04-15 15:51:34
10,Colton Hood,0.0,0.0086164443813456,-0.0086164443813456,0.0086164443813456,v1,2026-04-15T16:13:59,DraftKings,2026-04-15 15:51:34
11,Akheem Mesidor,0.0086,0.0,0.0086,0.0086,v1,2026-04-15T16:13:59,,
17,Omar Cooper Jr.,0.0086,0.0,0.0086,0.0086,v1,2026-04-15T16:13:59,,
18,Jermod McCoy,0.0086,0.0,0.0086,0.0086,v1,2026-04-15T16:13:59,,
28,Emmanuel Pregnon,0.0086,0.0,0.0086,0.0086,v1,2026-04-15T16:13:59,,
25,Jeremiyah Love,0.0084,0.0,0.0084,0.0084,v1,2026-04-15T16:13:59,,
26,Jordyn Tyson,0.0084,0.0,0.0084,0.0084,v1,2026-04-15T16:13:59,,
8,Peter Woods,0.0,0.0083716878292865,-0.0083716878292865,0.0083716878292865,v1,2026-04-15T16:13:59,DraftKings,2026-04-15 15:51:34
5,Kadyn Proctor,0.0,0.0082392054175092,-0.0082392054175092,0.0082392054175092,v1,2026-04-15T16:13:59,DraftKings,2026-04-15 15:51:34
18,Akheem Mesidor,0.0082,0.0,0.0082,0.0082,v1,2026-04-15T16:13:59,,
22,Jeremiyah Love,0.0082,0.0,0.0082,0.0082,v1,2026-04-15T16:13:59,,
23,Makai Lemon,0.0082,0.0,0.0082,0.0082,v1,2026-04-15T16:13:59,,
26,Dillon Thieneman,0.0082,0.0,0.0082,0.0082,v1,2026-04-15T16:13:59,,
27,Kayden McDonald,0.0082,0.0,0.0082,0.0082,v1,2026-04-15T16:13:59,,
30,Max Iheanachor,0.0082,0.0,0.0082,0.0082,v1,2026-04-15T16:13:59,,
31,Chris Johnson,0.0082,0.0,0.0082,0.0082,v1,2026-04-15T16:13:59,,
9,Blake Miller,0.0,0.0080673765439883,-0.0080673765439883,0.0080673765439883,v1,2026-04-15T16:13:59,DraftKings,2026-04-15 15:51:34
9,Caleb Lomu,0.0,0.0080673765439883,-0.0080673765439883,0.0080673765439883,v1,2026-04-15T16:13:59,DraftKings,2026-04-15 15:51:34
10,Blake Miller,0.0,0.0080495730404676,-0.0080495730404676,0.0080495730404676,v1,2026-04-15T16:13:59,DraftKings,2026-04-15 15:51:34
10,Cashius Howell,0.0,0.0080495730404676,-0.0080495730404676,0.0080495730404676,v1,2026-04-15T16:13:59,DraftKings,2026-04-15 15:51:34
2,Makai Lemon,0.0,0.0080379185335382,-0.0080379185335382,0.0080379185335382,v1,2026-04-15T16:13:59,DraftKings,2026-04-15 15:51:34
2,Spencer Fano,0.0,0.0080379185335382,-0.0080379185335382,0.0080379185335382,v1,2026-04-15T16:13:59,DraftKings,2026-04-15 15:51:34
17,Olaivavega Ioane,0.008,0.0,0.008,0.008,v1,2026-04-15T16:13:59,,
27,Jeremiyah Love,0.008,0.0,0.008,0.008,v1,2026-04-15T16:13:59,,
8,Jeremiyah Love,0.0112,0.0191738656735271,-0.0079738656735271,0.0079738656735271,v1,2026-04-15T16:13:59,DraftKings,2026-04-15 15:51:34
6,Jermod McCoy,0.0026,0.0105188937390611,-0.0079188937390611,0.0079188937390611,v1,2026-04-15T16:13:59,DraftKings,2026-04-15 15:51:34
8,Cashius Howell,0.0,0.0078209188931492,-0.0078209188931492,0.0078209188931492,v1,2026-04-15T16:13:59,DraftKings,2026-04-15 15:51:34
10,Spencer Fano,0.04,0.0321982921618705,0.007801707838129501,0.007801707838129501,v1,2026-04-15T16:13:59,DraftKings,2026-04-15 15:51:34
5,Rueben Bain,0.0078,0.0,0.0078,0.0078,v1,2026-04-15T16:13:59,,
11,Jeremiyah Love,0.0078,0.0,0.0078,0.0078,v1,2026-04-15T16:13:59,,
12,Kadyn Proctor,0.0078,0.0,0.0078,0.0078,v1,2026-04-15T16:13:59,,
14,Jermod McCoy,0.0078,0.0,0.0078,0.0078,v1,2026-04-15T16:13:59,,
14,Monroe Freeling,0.0078,0.0,0.0078,0.0078,v1,2026-04-15T16:13:59,,
14,Sonny Styles,0.0078,0.0,0.0078,0.0078,v1,2026-04-15T16:13:59,,
29,Kayden McDonald,0.0078,0.0,0.0078,0.0078,v1,2026-04-15T16:13:59,,
5,Kenyon Sadiq,0.0,0.0077306124905024,-0.0077306124905024,0.0077306124905024,v1,2026-04-15T16:13:59,DraftKings,2026-04-15 15:51:34
5,Ty Simpson,0.0,0.0077306124905024,-0.0077306124905024,0.0077306124905024,v1,2026-04-15T16:13:59,DraftKings,2026-04-15 15:51:34
16,Emmanuel McNeil-Warren,0.0076,0.0,0.0076,0.0076,v1,2026-04-15T16:13:59,,
29,Jermod McCoy,0.0076,0.0,0.0076,0.0076,v1,2026-04-15T16:13:59,,
32,Kayden McDonald,0.0076,0.0,0.0076,0.0076,v1,2026-04-15T16:13:59,,
10,Caleb Lomu,0.0,0.0075526858157474,-0.0075526858157474,0.0075526858157474,v1,2026-04-15T16:13:59,DraftKings,2026-04-15 15:51:34
11,Carnell Tate,0.0074,0.0,0.0074,0.0074,v1,2026-04-15T16:13:59,,
15,Kadyn Proctor,0.0074,0.0,0.0074,0.0074,v1,2026-04-15T16:13:59,,
27,Emmanuel Pregnon,0.0074,0.0,0.0074,0.0074,v1,2026-04-15T16:13:59,,
29,Malachi Lawrence,0.0074,0.0,0.0074,0.0074,v1,2026-04-15T16:13:59,,
29,Mansoor Delane,0.0074,0.0,0.0074,0.0074,v1,2026-04-15T16:13:59,,
32,Ty Simpson,0.0074,0.0,0.0074,0.0074,v1,2026-04-15T16:13:59,,
8,KC Concepcion,0.0,0.0073381461219671,-0.0073381461219671,0.0073381461219671,v1,2026-04-15T16:13:59,DraftKings,2026-04-15 15:51:34
8,T.J. Parker,0.0,0.0073381461219671,-0.0073381461219671,0.0073381461219671,v1,2026-04-15T16:13:59,DraftKings,2026-04-15 15:51:34
7,Keldric Faulk,0.0,0.007262426723463,-0.007262426723463,0.007262426723463,v1,2026-04-15T16:13:59,DraftKings,2026-04-15 15:51:34
12,David Bailey,0.0072,0.0,0.0072,0.0072,v1,2026-04-15T16:13:59,,
13,Dillon Thieneman,0.0072,0.0,0.0072,0.0072,v1,2026-04-15T16:13:59,,
23,Caleb Downs,0.0072,0.0,0.0072,0.0072,v1,2026-04-15T16:13:59,,
9,Avieon Terrell,0.0,0.0070714041311502,-0.0070714041311502,0.0070714041311502,v1,2026-04-15T16:13:59,DraftKings,2026-04-15 15:51:34
21,Jermod McCoy,0.007,0.0,0.007,0.007,v1,2026-04-15T16:13:59,,
26,Caleb Lomu,0.007,0.0,0.007,0.007,v1,2026-04-15T16:13:59,,
26,Emmanuel McNeil-Warren,0.007,0.0,0.007,0.007,v1,2026-04-15T16:13:59,,
29,Brandon Cisse,0.007,0.0,0.007,0.007,v1,2026-04-15T16:13:59,,
3,Jordyn Tyson,0.0,0.0068823856524576,-0.0068823856524576,0.0068823856524576,v1,2026-04-15T16:13:59,DraftKings,2026-04-15 15:51:34
16,Monroe Freeling,0.0068,0.0,0.0068,0.0068,v1,2026-04-15T16:13:59,,
23,Dillon Thieneman,0.0068,0.0,0.0068,0.0068,v1,2026-04-15T16:13:59,,
26,Emmanuel Pregnon,0.0068,0.0,0.0068,0.0068,v1,2026-04-15T16:13:59,,
26,Malachi Lawrence,0.0068,0.0,0.0068,0.0068,v1,2026-04-15T16:13:59,,
30,Akheem Mesidor,0.0068,0.0,0.0068,0.0068,v1,2026-04-15T16:13:59,,
30,Caleb Banks,0.0068,0.0,0.0068,0.0068,v1,2026-04-15T16:13:59,,
30,Malachi Lawrence,0.0068,0.0,0.0068,0.0068,v1,2026-04-15T16:13:59,,
31,Kevin Concepcion,0.0068,0.0,0.0068,0.0068,v1,2026-04-15T16:13:59,,
31,Peter Woods,0.0068,0.0,0.0068,0.0068,v1,2026-04-15T16:13:59,,
7,Spencer Fano,0.0076,0.0143477210878171,-0.0067477210878171,0.0067477210878171,v1,2026-04-15T16:13:59,DraftKings,2026-04-15 15:51:34
13,Keldric Faulk,0.0066,0.0,0.0066,0.0066,v1,2026-04-15T16:13:59,,
22,Caleb Banks,0.0066,0.0,0.0066,0.0066,v1,2026-04-15T16:13:59,,
30,Jermod McCoy,0.0066,0.0,0.0066,0.0066,v1,2026-04-15T16:13:59,,
2,Olaivavega Ioane,0.0,0.0064367395427936,-0.0064367395427936,0.0064367395427936,v1,2026-04-15T16:13:59,DraftKings,2026-04-15 15:51:34
13,Kevin Concepcion,0.0064,0.0,0.0064,0.0064,v1,2026-04-15T16:13:59,,
15,Sonny Styles,0.0064,0.0,0.0064,0.0064,v1,2026-04-15T16:13:59,,
21,Keldric Faulk,0.0064,0.0,0.0064,0.0064,v1,2026-04-15T16:13:59,,
27,Akheem Mesidor,0.0064,0.0,0.0064,0.0064,v1,2026-04-15T16:13:59,,
27,Caleb Downs,0.0064,0.0,0.0064,0.0064,v1,2026-04-15T16:13:59,,
27,Jordyn Tyson,0.0064,0.0,0.0064,0.0064,v1,2026-04-15T16:13:59,,
31,Christen Miller,0.0064,0.0,0.0064,0.0064,v1,2026-04-15T16:13:59,,
6,KC Concepcion,0.0,0.0063529952285418,-0.0063529952285418,0.0063529952285418,v1,2026-04-15T16:13:59,DraftKings,2026-04-15 15:51:34
6,Omar Cooper Jr.,0.0,0.0063529952285418,-0.0063529952285418,0.0063529952285418,v1,2026-04-15T16:13:59,DraftKings,2026-04-15 15:51:34
6,Peter Woods,0.0,0.0063529952285418,-0.0063529952285418,0.0063529952285418,v1,2026-04-15T16:13:59,DraftKings,2026-04-15 15:51:34
9,Denzel Boston,0.0,0.0062943267541008,-0.0062943267541008,0.0062943267541008,v1,2026-04-15T16:13:59,DraftKings,2026-04-15 15:51:34
15,Emmanuel McNeil-Warren,0.0062,0.0,0.0062,0.0062,v1,2026-04-15T16:13:59,,
17,Sonny Styles,0.0062,0.0,0.0062,0.0062,v1,2026-04-15T16:13:59,,
22,Zion Young,0.0062,0.0,0.0062,0.0062,v1,2026-04-15T16:13:59,,
26,Sonny Styles,0.0062,0.0,0.0062,0.0062,v1,2026-04-15T16:13:59,,
27,Keldric Faulk,0.0062,0.0,0.0062,0.0062,v1,2026-04-15T16:13:59,,
30,R Mason Thomas,0.0062,0.0,0.0062,0.0062,v1,2026-04-15T16:13:59,,
32,Mansoor Delane,0.0062,0.0,0.0062,0.0062,v1,2026-04-15T16:13:59,,
5,Caleb Lomu,0.0,0.0061997981359475,-0.0061997981359475,0.0061997981359475,v1,2026-04-15T16:13:59,DraftKings,2026-04-15 15:51:34
5,Dillon Thieneman,0.0,0.0061997981359475,-0.0061997981359475,0.0061997981359475,v1,2026-04-15T16:13:59,DraftKings,2026-04-15 15:51:34
5,Keldric Faulk,0.0,0.0061997981359475,-0.0061997981359475,0.0061997981359475,v1,2026-04-15T16:13:59,DraftKings,2026-04-15 15:51:34
5,Omar Cooper Jr.,0.0,0.0061997981359475,-0.0061997981359475,0.0061997981359475,v1,2026-04-15T16:13:59,DraftKings,2026-04-15 15:51:34
5,Peter Woods,0.0,0.0061997981359475,-0.0061997981359475,0.0061997981359475,v1,2026-04-15T16:13:59,DraftKings,2026-04-15 15:51:34
9,David Bailey,0.0186,0.012451820317895,0.006148179682104998,0.006148179682104998,v1,2026-04-15T16:13:59,DraftKings,2026-04-15 15:51:34
4,Cashius Howell,0.0,0.0060779043663152,-0.0060779043663152,0.0060779043663152,v1,2026-04-15T16:13:59,DraftKings,2026-04-15 15:51:34
4,Kadyn Proctor,0.0,0.0060779043663152,-0.0060779043663152,0.0060779043663152,v1,2026-04-15T16:13:59,DraftKings,2026-04-15 15:51:34
4,Keldric Faulk,0.0,0.0060779043663152,-0.0060779043663152,0.0060779043663152,v1,2026-04-15T16:13:59,DraftKings,2026-04-15 15:51:34
4,Kenyon Sadiq,0.0,0.0060779043663152,-0.0060779043663152,0.0060779043663152,v1,2026-04-15T16:13:59,DraftKings,2026-04-15 15:51:34
10,CJ Allen,0.0,0.0060571044660944,-0.0060571044660944,0.0060571044660944,v1,2026-04-15T16:13:59,DraftKings,2026-04-15 15:51:34
10,Caleb Banks,0.0,0.0060571044660944,-0.0060571044660944,0.0060571044660944,v1,2026-04-15T16:13:59,DraftKings,2026-04-15 15:51:34
10,Denzel Boston,0.0,0.0060571044660944,-0.0060571044660944,0.0060571044660944,v1,2026-04-15T16:13:59,DraftKings,2026-04-15 15:51:34
14,Francis Mauigoa,0.006,0.0,0.006,0.006,v1,2026-04-15T16:13:59,,
15,Dillon Thieneman,0.006,0.0,0.006,0.006,v1,2026-04-15T16:13:59,,
30,Mansoor Delane,0.006,0.0,0.006,0.006,v1,2026-04-15T16:13:59,,
6,Mansoor Delane,0.0162,0.0221259488994044,-0.005925948899404402,0.005925948899404402,v1,2026-04-15T16:13:59,DraftKings,2026-04-15 15:51:34
8,Caleb Banks,0.0,0.0058850478799934,-0.0058850478799934,0.0058850478799934,v1,2026-04-15T16:13:59,DraftKings,2026-04-15 15:51:34
8,Denzel Boston,0.0,0.0058850478799934,-0.0058850478799934,0.0058850478799934,v1,2026-04-15T16:13:59,DraftKings,2026-04-15 15:51:34
10,David Bailey,0.0022,0.0080495730404676,-0.0058495730404676,0.0058495730404676,v1,2026-04-15T16:13:59,DraftKings,2026-04-15 15:51:34
9,Keldric Faulk,0.0198,0.0139703349908091,0.005829665009190901,0.005829665009190901,v1,2026-04-15T16:13:59,DraftKings,2026-04-15 15:51:34
7,KC Concepcion,0.0,0.0058243224217871,-0.0058243224217871,0.0058243224217871,v1,2026-04-15T16:13:59,DraftKings,2026-04-15 15:51:34
7,Peter Woods,0.0,0.0058243224217871,-0.0058243224217871,0.0058243224217871,v1,2026-04-15T16:13:59,DraftKings,2026-04-15 15:51:34
7,T.J. Parker,0.0,0.0058243224217871,-0.0058243224217871,0.0058243224217871,v1,2026-04-15T16:13:59,DraftKings,2026-04-15 15:51:34
13,Akheem Mesidor,0.0058,0.0,0.0058,0.0058,v1,2026-04-15T16:13:59,,
14,Spencer Fano,0.0058,0.0,0.0058,0.0058,v1,2026-04-15T16:13:59,,
22,Makai Lemon,0.0058,0.0,0.0058,0.0058,v1,2026-04-15T16:13:59,,
25,Colton Hood,0.0058,0.0,0.0058,0.0058,v1,2026-04-15T16:13:59,,
25,Spencer Fano,0.0058,0.0,0.0058,0.0058,v1,2026-04-15T16:13:59,,
28,Kenyon Sadiq,0.0058,0.0,0.0058,0.0058,v1,2026-04-15T16:13:59,,
30,Ty Simpson,0.0058,0.0,0.0058,0.0058,v1,2026-04-15T16:13:59,,
31,Sonny Styles,0.0058,0.0,0.0058,0.0058,v1,2026-04-15T16:13:59,,
3,Jermod McCoy,0.0,0.0057448012470927,-0.0057448012470927,0.0057448012470927,v1,2026-04-15T16:13:59,DraftKings,2026-04-15 15:51:34
3,Kenyon Sadiq,0.0,0.0057448012470927,-0.0057448012470927,0.0057448012470927,v1,2026-04-15T16:13:59,DraftKings,2026-04-15 15:51:34
9,Colton Hood,0.0,0.0056711260853779,-0.0056711260853779,0.0056711260853779,v1,2026-04-15T16:13:59,DraftKings,2026-04-15 15:51:34
9,Peter Woods,0.0,0.0056711260853779,-0.0056711260853779,0.0056711260853779,v1,2026-04-15T16:13:59,DraftKings,2026-04-15 15:51:34
9,Dillon Thieneman,0.0056,0.0112310536200622,-0.005631053620062201,0.005631053620062201,v1,2026-04-15T16:13:59,DraftKings,2026-04-15 15:51:34
10,Rueben Bain,0.0056,0.0,0.0056,0.0056,v1,2026-04-15T16:13:59,,
11,Rueben Bain,0.0056,0.0,0.0056,0.0056,v1,2026-04-15T16:13:59,,
20,Francis Mauigoa,0.0056,0.0,0.0056,0.0056,v1,2026-04-15T16:13:59,,
20,Monroe Freeling,0.0056,0.0,0.0056,0.0056,v1,2026-04-15T16:13:59,,
21,Akheem Mesidor,0.0056,0.0,0.0056,0.0056,v1,2026-04-15T16:13:59,,
27,Chase Bisontis,0.0056,0.0,0.0056,0.0056,v1,2026-04-15T16:13:59,,
30,Caleb Downs,0.0056,0.0,0.0056,0.0056,v1,2026-04-15T16:13:59,,
5,Monroe Freeling,0.016,0.0215924004045069,-0.005592400404506901,0.005592400404506901,v1,2026-04-15T16:13:59,DraftKings,2026-04-15 15:51:34
15,Francis Mauigoa,0.0054,0.0,0.0054,0.0054,v1,2026-04-15T16:13:59,,
16,T.J. Parker,0.0054,0.0,0.0054,0.0054,v1,2026-04-15T16:13:59,,
19,Jordyn Tyson,0.0054,0.0,0.0054,0.0054,v1,2026-04-15T16:13:59,,
26,Caleb Downs,0.0054,0.0,0.0054,0.0054,v1,2026-04-15T16:13:59,,
28,Colton Hood,0.0054,0.0,0.0054,0.0054,v1,2026-04-15T16:13:59,,
29,Caleb Downs,0.0054,0.0,0.0054,0.0054,v1,2026-04-15T16:13:59,,
30,Jordyn Tyson,0.0054,0.0,0.0054,0.0054,v1,2026-04-15T16:13:59,,
2,Peter Woods,0.0,0.0053675137051202,-0.0053675137051202,0.0053675137051202,v1,2026-04-15T16:13:59,DraftKings,2026-04-15 15:51:34
18,Kevin Concepcion,0.0052,0.0,0.0052,0.0052,v1,2026-04-15T16:13:59,,
19,Cashius Howell,0.0052,0.0,0.0052,0.0052,v1,2026-04-15T16:13:59,,
26,Jeremiyah Love,0.0052,0.0,0.0052,0.0052,v1,2026-04-15T16:13:59,,
27,C.J. Allen,0.0052,0.0,0.0052,0.0052,v1,2026-04-15T16:13:59,,
31,Ty Simpson,0.0052,0.0,0.0052,0.0052,v1,2026-04-15T16:13:59,,
10,Monroe Freeling,0.039,0.0339870861708633,0.005012913829136698,0.005012913829136698,v1,2026-04-15T16:13:59,DraftKings,2026-04-15 15:51:34
18,Kayden McDonald,0.005,0.0,0.005,0.005,v1,2026-04-15T16:13:59,,
23,Jordyn Tyson,0.005,0.0,0.005,0.005,v1,2026-04-15T16:13:59,,
26,Rueben Bain,0.005,0.0,0.005,0.005,v1,2026-04-15T16:13:59,,
8,Colton Hood,0.0,0.0049123126932176,-0.0049123126932176,0.0049123126932176,v1,2026-04-15T16:13:59,DraftKings,2026-04-15 15:51:34
4,KC Concepcion,0.0,0.0048703736975109,-0.0048703736975109,0.0048703736975109,v1,2026-04-15T16:13:59,DraftKings,2026-04-15 15:51:34
4,Omar Cooper Jr.,0.0,0.0048703736975109,-0.0048703736975109,0.0048703736975109,v1,2026-04-15T16:13:59,DraftKings,2026-04-15 15:51:34
4,Peter Woods,0.0,0.0048703736975109,-0.0048703736975109,0.0048703736975109,v1,2026-04-15T16:13:59,DraftKings,2026-04-15 15:51:34
7,Cashius Howell,0.0,0.0048616245008306,-0.0048616245008306,0.0048616245008306,v1,2026-04-15T16:13:59,DraftKings,2026-04-15 15:51:34
13,Jermod McCoy,0.0048,0.0,0.0048,0.0048,v1,2026-04-15T16:13:59,,
14,Rueben Bain,0.0048,0.0,0.0048,0.0048,v1,2026-04-15T16:13:59,,
21,Makai Lemon,0.0048,0.0,0.0048,0.0048,v1,2026-04-15T16:13:59,,
21,Max Iheanachor,0.0048,0.0,0.0048,0.0048,v1,2026-04-15T16:13:59,,
23,Avieon Terrell,0.0048,0.0,0.0048,0.0048,v1,2026-04-15T16:13:59,,
27,Makai Lemon,0.0048,0.0,0.0048,0.0048,v1,2026-04-15T16:13:59,,
32,Jermod McCoy,0.0048,0.0,0.0048,0.0048,v1,2026-04-15T16:13:59,,
3,KC Concepcion,0.0,0.0046034500059485,-0.0046034500059485,0.0046034500059485,v1,2026-04-15T16:13:59,DraftKings,2026-04-15 15:51:34
3,Keldric Faulk,0.0,0.0046034500059485,-0.0046034500059485,0.0046034500059485,v1,2026-04-15T16:13:59,DraftKings,2026-04-15 15:51:34
3,Makai Lemon,0.0,0.0046034500059485,-0.0046034500059485,0.0046034500059485,v1,2026-04-15T16:13:59,DraftKings,2026-04-15 15:51:34
3,Olaivavega Ioane,0.0,0.0046034500059485,-0.0046034500059485,0.0046034500059485,v1,2026-04-15T16:13:59,DraftKings,2026-04-15 15:51:34
3,Omar Cooper Jr.,0.0,0.0046034500059485,-0.0046034500059485,0.0046034500059485,v1,2026-04-15T16:13:59,DraftKings,2026-04-15 15:51:34
3,Peter Woods,0.0,0.0046034500059485,-0.0046034500059485,0.0046034500059485,v1,2026-04-15T16:13:59,DraftKings,2026-04-15 15:51:34
18,Blake Miller,0.0046,0.0,0.0046,0.0046,v1,2026-04-15T16:13:59,,
21,Colton Hood,0.0046,0.0,0.0046,0.0046,v1,2026-04-15T16:13:59,,
22,Jordyn Tyson,0.0046,0.0,0.0046,0.0046,v1,2026-04-15T16:13:59,,
22,Spencer Fano,0.0046,0.0,0.0046,0.0046,v1,2026-04-15T16:13:59,,
24,Chase Bisontis,0.0046,0.0,0.0046,0.0046,v1,2026-04-15T16:13:59,,
29,Caleb Lomu,0.0046,0.0,0.0046,0.0046,v1,2026-04-15T16:13:59,,
6,Olaivavega Ioane,0.006,0.0105188937390611,-0.0045188937390611,0.0045188937390611,v1,2026-04-15T16:13:59,DraftKings,2026-04-15 15:51:34
15,Jordyn Tyson,0.0044,0.0,0.0044,0.0044,v1,2026-04-15T16:13:59,,
17,Emmanuel McNeil-Warren,0.0044,0.0,0.0044,0.0044,v1,2026-04-15T16:13:59,,
18,Caleb Lomu,0.0044,0.0,0.0044,0.0044,v1,2026-04-15T16:13:59,,
24,Emmanuel Pregnon,0.0044,0.0,0.0044,0.0044,v1,2026-04-15T16:13:59,,
26,Spencer Fano,0.0044,0.0,0.0044,0.0044,v1,2026-04-15T16:13:59,,
28,C.J. Allen,0.0044,0.0,0.0044,0.0044,v1,2026-04-15T16:13:59,,
6,Cashius Howell,0.0,0.0042493544243889,-0.0042493544243889,0.0042493544243889,v1,2026-04-15T16:13:59,DraftKings,2026-04-15 15:51:34
6,Keldric Faulk,0.0,0.0042493544243889,-0.0042493544243889,0.0042493544243889,v1,2026-04-15T16:13:59,DraftKings,2026-04-15 15:51:34
20,Cashius Howell,0.0042,0.0,0.0042,0.0042,v1,2026-04-15T16:13:59,,
21,T.J. Parker,0.0042,0.0,0.0042,0.0042,v1,2026-04-15T16:13:59,,
29,Jeremiyah Love,0.0042,0.0,0.0042,0.0042,v1,2026-04-15T16:13:59,,
5,Cashius Howell,0.0,0.0041468848458986,-0.0041468848458986,0.0041468848458986,v1,2026-04-15T16:13:59,DraftKings,2026-04-15 15:51:34
5,Emmanuel McNeil-Warren,0.0,0.0041468848458986,-0.0041468848458986,0.0041468848458986,v1,2026-04-15T16:13:59,DraftKings,2026-04-15 15:51:34
5,KC Concepcion,0.0,0.0041468848458986,-0.0041468848458986,0.0041468848458986,v1,2026-04-15T16:13:59,DraftKings,2026-04-15 15:51:34
5,T.J. Parker,0.0,0.0041468848458986,-0.0041468848458986,0.0041468848458986,v1,2026-04-15T16:13:59,DraftKings,2026-04-15 15:51:34
15,David Bailey,0.004,0.0,0.004,0.004,v1,2026-04-15T16:13:59,,
15,Spencer Fano,0.004,0.0,0.004,0.004,v1,2026-04-15T16:13:59,,
18,Spencer Fano,0.004,0.0,0.004,0.004,v1,2026-04-15T16:13:59,,
23,Max Iheanachor,0.004,0.0,0.004,0.004,v1,2026-04-15T16:13:59,,
23,Peter Woods,0.004,0.0,0.004,0.004,v1,2026-04-15T16:13:59,,
23,Rueben Bain,0.004,0.0,0.004,0.004,v1,2026-04-15T16:13:59,,
25,Monroe Freeling,0.004,0.0,0.004,0.004,v1,2026-04-15T16:13:59,,
27,Francis Mauigoa,0.004,0.0,0.004,0.004,v1,2026-04-15T16:13:59,,
28,Ty Simpson,0.004,0.0,0.004,0.004,v1,2026-04-15T16:13:59,,
29,Kevin Concepcion,0.004,0.0,0.004,0.004,v1,2026-04-15T16:13:59,,
32,Caleb Banks,0.004,0.0,0.004,0.004,v1,2026-04-15T16:13:59,,
8,Blake Miller,0.0,0.0039363565290022,-0.0039363565290022,0.0039363565290022,v1,2026-04-15T16:13:59,DraftKings,2026-04-15 15:51:34
8,CJ Allen,0.0,0.0039363565290022,-0.0039363565290022,0.0039363565290022,v1,2026-04-15T16:13:59,DraftKings,2026-04-15 15:51:34
8,Caleb Lomu,0.0,0.0039363565290022,-0.0039363565290022,0.0039363565290022,v1,2026-04-15T16:13:59,DraftKings,2026-04-15 15:51:34
2,Mansoor Delane,0.0068,0.0106994809618622,-0.0038994809618622004,0.0038994809618622004,v1,2026-04-15T16:13:59,DraftKings,2026-04-15 15:51:34
19,Carnell Tate,0.0038,0.0,0.0038,0.0038,v1,2026-04-15T16:13:59,,
23,Zion Young,0.0038,0.0,0.0038,0.0038,v1,2026-04-15T16:13:59,,
24,Francis Mauigoa,0.0038,0.0,0.0038,0.0038,v1,2026-04-15T16:13:59,,
26,Chase Bisontis,0.0038,0.0,0.0038,0.0038,v1,2026-04-15T16:13:59,,
29,Kenyon Sadiq,0.0038,0.0,0.0038,0.0038,v1,2026-04-15T16:13:59,,
31,Jordyn Tyson,0.0038,0.0,0.0038,0.0038,v1,2026-04-15T16:13:59,,
9,CJ Allen,0.0,0.0037932697657163,-0.0037932697657163,0.0037932697657163,v1,2026-04-15T16:13:59,DraftKings,2026-04-15 15:51:34
9,Caleb Banks,0.0,0.0037932697657163,-0.0037932697657163,0.0037932697657163,v1,2026-04-15T16:13:59,DraftKings,2026-04-15 15:51:34
9,Cashius Howell,0.0,0.0037932697657163,-0.0037932697657163,0.0037932697657163,v1,2026-04-15T16:13:59,DraftKings,2026-04-15 15:51:34
9,T.J. Parker,0.0,0.0037932697657163,-0.0037932697657163,0.0037932697657163,v1,2026-04-15T16:13:59,DraftKings,2026-04-15 15:51:34
11,Francis Mauigoa,0.0036,0.0,0.0036,0.0036,v1,2026-04-15T16:13:59,,
15,Avieon Terrell,0.0036,0.0,0.0036,0.0036,v1,2026-04-15T16:13:59,,
20,Olaivavega Ioane,0.0036,0.0,0.0036,0.0036,v1,2026-04-15T16:13:59,,
21,Jordyn Tyson,0.0036,0.0,0.0036,0.0036,v1,2026-04-15T16:13:59,,
23,Jeremiyah Love,0.0036,0.0,0.0036,0.0036,v1,2026-04-15T16:13:59,,
26,Caleb Banks,0.0036,0.0,0.0036,0.0036,v1,2026-04-15T16:13:59,,
29,Jordyn Tyson,0.0036,0.0,0.0036,0.0036,v1,2026-04-15T16:13:59,,
29,Peter Woods,0.0036,0.0,0.0036,0.0036,v1,2026-04-15T16:13:59,,
11,Kadyn Proctor,0.0034,0.0,0.0034,0.0034,v1,2026-04-15T16:13:59,,
13,Arvell Reese,0.0034,0.0,0.0034,0.0034,v1,2026-04-15T16:13:59,,
15,Omar Cooper Jr.,0.0034,0.0,0.0034,0.0034,v1,2026-04-15T16:13:59,,
19,Sonny Styles,0.0034,0.0,0.0034,0.0034,v1,2026-04-15T16:13:59,,
27,Malachi Lawrence,0.0034,0.0,0.0034,0.0034,v1,2026-04-15T16:13:59,,
28,Sonny Styles,0.0034,0.0,0.0034,0.0034,v1,2026-04-15T16:13:59,,
28,Zion Young,0.0034,0.0,0.0034,0.0034,v1,2026-04-15T16:13:59,,
32,Kenyon Sadiq,0.0034,0.0,0.0034,0.0034,v1,2026-04-15T16:13:59,,
10,Jeremiyah Love,0.0202,0.023529521195213,-0.0033295211952130005,0.0033295211952130005,v1,2026-04-15T16:13:59,DraftKings,2026-04-15 15:51:34
2,Keldric Faulk,0.0,0.003224793663156,-0.003224793663156,0.003224793663156,v1,2026-04-15T16:13:59,DraftKings,2026-04-15 15:51:34
20,Denzel Boston,0.0032,0.0,0.0032,0.0032,v1,2026-04-15T16:13:59,,
20,Kenyon Sadiq,0.0032,0.0,0.0032,0.0032,v1,2026-04-15T16:13:59,,
30,Jeremiyah Love,0.0032,0.0,0.0032,0.0032,v1,2026-04-15T16:13:59,,
30,Spencer Fano,0.0032,0.0,0.0032,0.0032,v1,2026-04-15T16:13:59,,
32,Jadarian Price,0.0032,0.0,0.0032,0.0032,v1,2026-04-15T16:13:59,,
6,Arvell Reese,0.0094,0.0125814219231907,-0.0031814219231906995,0.0031814219231906995,v1,2026-04-15T16:13:59,DraftKings,2026-04-15 15:51:34
10,Jordyn Tyson,0.0204,0.023529521195213,-0.0031295211952129982,0.0031295211952129982,v1,2026-04-15T16:13:59,DraftKings,2026-04-15 15:51:34
3,Mansoor Delane,0.0038,0.0068823856524576,-0.0030823856524575997,0.0030823856524575997,v1,2026-04-15T16:13:59,DraftKings,2026-04-15 15:51:34
7,Dillon Thieneman,0.003,0.0,0.003,0.003,v1,2026-04-15T16:13:59,,
11,Sonny Styles,0.003,0.0,0.003,0.003,v1,2026-04-15T16:13:59,,
18,Sonny Styles,0.003,0.0,0.003,0.003,v1,2026-04-15T16:13:59,,
21,Peter Woods,0.003,0.0,0.003,0.003,v1,2026-04-15T16:13:59,,
23,Kayden McDonald,0.003,0.0,0.003,0.003,v1,2026-04-15T16:13:59,,
24,C.J. Allen,0.003,0.0,0.003,0.003,v1,2026-04-15T16:13:59,,
24,Caleb Downs,0.003,0.0,0.003,0.003,v1,2026-04-15T16:13:59,,
24,Sonny Styles,0.003,0.0,0.003,0.003,v1,2026-04-15T16:13:59,,
25,Max Iheanachor,0.003,0.0,0.003,0.003,v1,2026-04-15T16:13:59,,
26,Blake Miller,0.003,0.0,0.003,0.003,v1,2026-04-15T16:13:59,,
27,Kenyon Sadiq,0.003,0.0,0.003,0.003,v1,2026-04-15T16:13:59,,
27,Rueben Bain,0.003,0.0,0.003,0.003,v1,2026-04-15T16:13:59,,
28,Dillon Thieneman,0.003,0.0,0.003,0.003,v1,2026-04-15T16:13:59,,
29,Ty Simpson,0.003,0.0,0.003,0.003,v1,2026-04-15T16:13:59,,
30,Makai Lemon,0.003,0.0,0.003,0.003,v1,2026-04-15T16:13:59,,
32,Blake Miller,0.003,0.0,0.003,0.003,v1,2026-04-15T16:13:59,,
4,Fernando Mendoza,0.0,0.0029299857702157,-0.0029299857702157,0.0029299857702157,v1,2026-04-15T16:13:59,DraftKings,2026-04-15 15:51:34
7,Blake Miller,0.0,0.0029266495751268,-0.0029266495751268,0.0029266495751268,v1,2026-04-15T16:13:59,DraftKings,2026-04-15 15:51:34
7,Caleb Lomu,0.0,0.0029266495751268,-0.0029266495751268,0.0029266495751268,v1,2026-04-15T16:13:59,DraftKings,2026-04-15 15:51:34
2,Francis Mauigoa,0.0052,0.0080379185335382,-0.0028379185335381998,0.0028379185335381998,v1,2026-04-15T16:13:59,DraftKings,2026-04-15 15:51:34
16,Caleb Lomu,0.0028,0.0,0.0028,0.0028,v1,2026-04-15T16:13:59,,
17,Rueben Bain,0.0028,0.0,0.0028,0.0028,v1,2026-04-15T16:13:59,,
19,Caleb Downs,0.0028,0.0,0.0028,0.0028,v1,2026-04-15T16:13:59,,
24,Colton Hood,0.0028,0.0,0.0028,0.0028,v1,2026-04-15T16:13:59,,
24,Dillon Thieneman,0.0028,0.0,0.0028,0.0028,v1,2026-04-15T16:13:59,,
24,Kenyon Sadiq,0.0028,0.0,0.0028,0.0028,v1,2026-04-15T16:13:59,,
28,Emmanuel McNeil-Warren,0.0028,0.0,0.0028,0.0028,v1,2026-04-15T16:13:59,,
28,Francis Mauigoa,0.0028,0.0,0.0028,0.0028,v1,2026-04-15T16:13:59,,
28,Jadarian Price,0.0028,0.0,0.0028,0.0028,v1,2026-04-15T16:13:59,,
29,Makai Lemon,0.0028,0.0,0.0028,0.0028,v1,2026-04-15T16:13:59,,
29,Sonny Styles,0.0028,0.0,0.0028,0.0028,v1,2026-04-15T16:13:59,,
30,Blake Miller,0.0028,0.0,0.0028,0.0028,v1,2026-04-15T16:13:59,,
31,Avieon Terrell,0.0028,0.0,0.0028,0.0028,v1,2026-04-15T16:13:59,,
31,Brandon Cisse,0.0028,0.0,0.0028,0.0028,v1,2026-04-15T16:13:59,,
31,Jeremiyah Love,0.0028,0.0,0.0028,0.0028,v1,2026-04-15T16:13:59,,
8,Jermod McCoy,0.0672,0.0699282159858048,-0.002728215985804805,0.002728215985804805,v1,2026-04-15T16:13:59,DraftKings,2026-04-15 15:51:34
18,Francis Mauigoa,0.0026,0.0,0.0026,0.0026,v1,2026-04-15T16:13:59,,
18,Monroe Freeling,0.0026,0.0,0.0026,0.0026,v1,2026-04-15T16:13:59,,
18,Olaivavega Ioane,0.0026,0.0,0.0026,0.0026,v1,2026-04-15T16:13:59,,
22,Kadyn Proctor,0.0026,0.0,0.0026,0.0026,v1,2026-04-15T16:13:59,,
24,Max Iheanachor,0.0026,0.0,0.0026,0.0026,v1,2026-04-15T16:13:59,,
25,Kenyon Sadiq,0.0026,0.0,0.0026,0.0026,v1,2026-04-15T16:13:59,,
26,Monroe Freeling,0.0026,0.0,0.0026,0.0026,v1,2026-04-15T16:13:59,,
29,Caleb Banks,0.0026,0.0,0.0026,0.0026,v1,2026-04-15T16:13:59,,
31,Emmanuel McNeil-Warren,0.0026,0.0,0.0026,0.0026,v1,2026-04-15T16:13:59,,
4,Makai Lemon,0.0106,0.0080816091024631,0.0025183908975368995,0.0025183908975368995,v1,2026-04-15T16:13:59,DraftKings,2026-04-15 15:51:34
14,Blake Miller,0.0024,0.0,0.0024,0.0024,v1,2026-04-15T16:13:59,,
24,Carnell Tate,0.0024,0.0,0.0024,0.0024,v1,2026-04-15T16:13:59,,
25,Kadyn Proctor,0.0024,0.0,0.0024,0.0024,v1,2026-04-15T16:13:59,,
26,Kenyon Sadiq,0.0024,0.0,0.0024,0.0024,v1,2026-04-15T16:13:59,,
30,Kadyn Proctor,0.0024,0.0,0.0024,0.0024,v1,2026-04-15T16:13:59,,
30,Monroe Freeling,0.0024,0.0,0.0024,0.0024,v1,2026-04-15T16:13:59,,
32,Emmanuel McNeil-Warren,0.0024,0.0,0.0024,0.0024,v1,2026-04-15T16:13:59,,
3,Fernando Mendoza,0.0,0.0023093719298944,-0.0023093719298944,0.0023093719298944,v1,2026-04-15T16:13:59,DraftKings,2026-04-15 15:51:34
15,Monroe Freeling,0.0022,0.0,0.0022,0.0022,v1,2026-04-15T16:13:59,,
17,Kevin Concepcion,0.0022,0.0,0.0022,0.0022,v1,2026-04-15T16:13:59,,
19,Mansoor Delane,0.0022,0.0,0.0022,0.0022,v1,2026-04-15T16:13:59,,
21,Kayden McDonald,0.0022,0.0,0.0022,0.0022,v1,2026-04-15T16:13:59,,
21,Kenyon Sadiq,0.0022,0.0,0.0022,0.0022,v1,2026-04-15T16:13:59,,
25,Sonny Styles,0.0022,0.0,0.0022,0.0022,v1,2026-04-15T16:13:59,,
26,Max Iheanachor,0.0022,0.0,0.0022,0.0022,v1,2026-04-15T16:13:59,,
27,Sonny Styles,0.0022,0.0,0.0022,0.0022,v1,2026-04-15T16:13:59,,
28,Chris Johnson,0.0022,0.0,0.0022,0.0022,v1,2026-04-15T16:13:59,,
29,Rueben Bain,0.0022,0.0,0.0022,0.0022,v1,2026-04-15T16:13:59,,
30,Sonny Styles,0.0022,0.0,0.0022,0.0022,v1,2026-04-15T16:13:59,,
31,Dillon Thieneman,0.0022,0.0,0.0022,0.0022,v1,2026-04-15T16:13:59,,
31,Emmanuel Pregnon,0.0022,0.0,0.0022,0.0022,v1,2026-04-15T16:13:59,,
9,Arvell Reese,0.0042,0.0062943267541008,-0.0020943267541008006,0.0020943267541008006,v1,2026-04-15T16:13:59,DraftKings,2026-04-15 15:51:34
3,Carnell Tate,0.0056,0.0076386917681123,-0.0020386917681123,0.0020386917681123,v1,2026-04-15T16:13:59,DraftKings,2026-04-15 15:51:34
12,Omar Cooper Jr.,0.002,0.0,0.002,0.002,v1,2026-04-15T16:13:59,,
14,Caleb Downs,0.002,0.0,0.002,0.002,v1,2026-04-15T16:13:59,,
14,David Bailey,0.002,0.0,0.002,0.002,v1,2026-04-15T16:13:59,,
22,Kenyon Sadiq,0.002,0.0,0.002,0.002,v1,2026-04-15T16:13:59,,
22,Monroe Freeling,0.002,0.0,0.002,0.002,v1,2026-04-15T16:13:59,,
28,Kevin Concepcion,0.002,0.0,0.002,0.002,v1,2026-04-15T16:13:59,,
29,Chase Bisontis,0.002,0.0,0.002,0.002,v1,2026-04-15T16:13:59,,
31,Rueben Bain,0.002,0.0,0.002,0.002,v1,2026-04-15T16:13:59,,
3,Spencer Fano,0.0248,0.0267354211883933,-0.0019354211883933006,0.0019354211883933006,v1,2026-04-15T16:13:59,DraftKings,2026-04-15 15:51:34
10,Akheem Mesidor,0.0018,0.0,0.0018,0.0018,v1,2026-04-15T16:13:59,,
13,Caleb Lomu,0.0018,0.0,0.0018,0.0018,v1,2026-04-15T16:13:59,,
21,Carnell Tate,0.0018,0.0,0.0018,0.0018,v1,2026-04-15T16:13:59,,
22,Francis Mauigoa,0.0018,0.0,0.0018,0.0018,v1,2026-04-15T16:13:59,,
22,Sonny Styles,0.0018,0.0,0.0018,0.0018,v1,2026-04-15T16:13:59,,
23,Carnell Tate,0.0018,0.0,0.0018,0.0018,v1,2026-04-15T16:13:59,,
25,C.J. Allen,0.0018,0.0,0.0018,0.0018,v1,2026-04-15T16:13:59,,
25,Mansoor Delane,0.0018,0.0,0.0018,0.0018,v1,2026-04-15T16:13:59,,
25,Ty Simpson,0.0018,0.0,0.0018,0.0018,v1,2026-04-15T16:13:59,,
26,Kadyn Proctor,0.0018,0.0,0.0018,0.0018,v1,2026-04-15T16:13:59,,
28,Keldric Faulk,0.0018,0.0,0.0018,0.0018,v1,2026-04-15T16:13:59,,
28,Omar Cooper Jr.,0.0018,0.0,0.0018,0.0018,v1,2026-04-15T16:13:59,,
30,Rueben Bain,0.0018,0.0,0.0018,0.0018,v1,2026-04-15T16:13:59,,
31,Anthony Hill Jr.,0.0018,0.0,0.0018,0.0018,v1,2026-04-15T16:13:59,,
31,Jacob Rodriguez,0.0018,0.0,0.0018,0.0018,v1,2026-04-15T16:13:59,,
31,Makai Lemon,0.0018,0.0,0.0018,0.0018,v1,2026-04-15T16:13:59,,
32,Spencer Fano,0.0018,0.0,0.0018,0.0018,v1,2026-04-15T16:13:59,,
13,Caleb Downs,0.0016,0.0,0.0016,0.0016,v1,2026-04-15T16:13:59,,
16,Arvell Reese,0.0016,0.0,0.0016,0.0016,v1,2026-04-15T16:13:59,,
17,Caleb Downs,0.0016,0.0,0.0016,0.0016,v1,2026-04-15T16:13:59,,
20,Makai Lemon,0.0016,0.0,0.0016,0.0016,v1,2026-04-15T16:13:59,,
21,Cashius Howell,0.0016,0.0,0.0016,0.0016,v1,2026-04-15T16:13:59,,
22,Carnell Tate,0.0016,0.0,0.0016,0.0016,v1,2026-04-15T16:13:59,,
24,Akheem Mesidor,0.0016,0.0,0.0016,0.0016,v1,2026-04-15T16:13:59,,
24,Jermod McCoy,0.0016,0.0,0.0016,0.0016,v1,2026-04-15T16:13:59,,
25,Omar Cooper Jr.,0.0016,0.0,0.0016,0.0016,v1,2026-04-15T16:13:59,,
26,Carnell Tate,0.0016,0.0,0.0016,0.0016,v1,2026-04-15T16:13:59,,
26,Ty Simpson,0.0016,0.0,0.0016,0.0016,v1,2026-04-15T16:13:59,,
27,Jermod McCoy,0.0016,0.0,0.0016,0.0016,v1,2026-04-15T16:13:59,,
27,Mansoor Delane,0.0016,0.0,0.0016,0.0016,v1,2026-04-15T16:13:59,,
28,Mansoor Delane,0.0016,0.0,0.0016,0.0016,v1,2026-04-15T16:13:59,,
31,Chase Bisontis,0.0016,0.0,0.0016,0.0016,v1,2026-04-15T16:13:59,,
31,Olaivavega Ioane,0.0016,0.0,0.0016,0.0016,v1,2026-04-15T16:13:59,,
32,Caleb Downs,0.0016,0.0,0.0016,0.0016,v1,2026-04-15T16:13:59,,
32,Denzel Boston,0.0016,0.0,0.0016,0.0016,v1,2026-04-15T16:13:59,,
32,Sonny Styles,0.0016,0.0,0.0016,0.0016,v1,2026-04-15T16:13:59,,
13,Mansoor Delane,0.0014,0.0,0.0014,0.0014,v1,2026-04-15T16:13:59,,
13,Rueben Bain,0.0014,0.0,0.0014,0.0014,v1,2026-04-15T16:13:59,,
17,Jordyn Tyson,0.0014,0.0,0.0014,0.0014,v1,2026-04-15T16:13:59,,
19,Jermod McCoy,0.0014,0.0,0.0014,0.0014,v1,2026-04-15T16:13:59,,
19,Olaivavega Ioane,0.0014,0.0,0.0014,0.0014,v1,2026-04-15T16:13:59,,
21,Caleb Downs,0.0014,0.0,0.0014,0.0014,v1,2026-04-15T16:13:59,,
25,Keldric Faulk,0.0014,0.0,0.0014,0.0014,v1,2026-04-15T16:13:59,,
25,Olaivavega Ioane,0.0014,0.0,0.0014,0.0014,v1,2026-04-15T16:13:59,,
26,Colton Hood,0.0014,0.0,0.0014,0.0014,v1,2026-04-15T16:13:59,,
27,Brandon Cisse,0.0014,0.0,0.0014,0.0014,v1,2026-04-15T16:13:59,,
27,Caleb Banks,0.0014,0.0,0.0014,0.0014,v1,2026-04-15T16:13:59,,
27,Chris Johnson,0.0014,0.0,0.0014,0.0014,v1,2026-04-15T16:13:59,,
6,Fernando Mendoza,0.0,0.0012807435490673,-0.0012807435490673,0.0012807435490673,v1,2026-04-15T16:13:59,DraftKings,2026-04-15 15:51:34
5,Fernando Mendoza,0.0,0.0012498595044524,-0.0012498595044524,0.0012498595044524,v1,2026-04-15T16:13:59,DraftKings,2026-04-15 15:51:34
11,Arvell Reese,0.0012,0.0,0.0012,0.0012,v1,2026-04-15T16:13:59,,
14,Emmanuel McNeil-Warren,0.0012,0.0,0.0012,0.0012,v1,2026-04-15T16:13:59,,
14,Mansoor Delane,0.0012,0.0,0.0012,0.0012,v1,2026-04-15T16:13:59,,
15,Blake Miller,0.0012,0.0,0.0012,0.0012,v1,2026-04-15T16:13:59,,
15,Caleb Lomu,0.0012,0.0,0.0012,0.0012,v1,2026-04-15T16:13:59,,
16,Caleb Downs,0.0012,0.0,0.0012,0.0012,v1,2026-04-15T16:13:59,,
18,Rueben Bain,0.0012,0.0,0.0012,0.0012,v1,2026-04-15T16:13:59,,
21,Dillon Thieneman,0.0012,0.0,0.0012,0.0012,v1,2026-04-15T16:13:59,,
24,Mansoor Delane,0.0012,0.0,0.0012,0.0012,v1,2026-04-15T16:13:59,,
25,Chris Johnson,0.0012,0.0,0.0012,0.0012,v1,2026-04-15T16:13:59,,
25,Jermod McCoy,0.0012,0.0,0.0012,0.0012,v1,2026-04-15T16:13:59,,
29,Olaivavega Ioane,0.0012,0.0,0.0012,0.0012,v1,2026-04-15T16:13:59,,
30,Peter Woods,0.0012,0.0,0.0012,0.0012,v1,2026-04-15T16:13:59,,
32,Dillon Thieneman,0.0012,0.0,0.0012,0.0012,v1,2026-04-15T16:13:59,,
32,Monroe Freeling,0.0012,0.0,0.0012,0.0012,v1,2026-04-15T16:13:59,,
11,Emmanuel McNeil-Warren,0.001,0.0,0.001,0.001,v1,2026-04-15T16:13:59,,
15,Carnell Tate,0.001,0.0,0.001,0.001,v1,2026-04-15T16:13:59,,
17,T.J. Parker,0.001,0.0,0.001,0.001,v1,2026-04-15T16:13:59,,
18,Jordyn Tyson,0.001,0.0,0.001,0.001,v1,2026-04-15T16:13:59,,
20,Jordyn Tyson,0.001,0.0,0.001,0.001,v1,2026-04-15T16:13:59,,
23,C.J. Allen,0.001,0.0,0.001,0.001,v1,2026-04-15T16:13:59,,
24,Keldric Faulk,0.001,0.0,0.001,0.001,v1,2026-04-15T16:13:59,,
27,Carnell Tate,0.001,0.0,0.001,0.001,v1,2026-04-15T16:13:59,,
28,Brandon Cisse,0.001,0.0,0.001,0.001,v1,2026-04-15T16:13:59,,
31,Jermod McCoy,0.001,0.0,0.001,0.001,v1,2026-04-15T16:13:59,,
31,Mansoor Delane,0.001,0.0,0.001,0.001,v1,2026-04-15T16:13:59,,
32,Kadyn Proctor,0.001,0.0,0.001,0.001,v1,2026-04-15T16:13:59,,
32,Kevin Concepcion,0.001,0.0,0.001,0.001,v1,2026-04-15T16:13:59,,
8,Arvell Reese,0.01,0.0090059066042324,0.0009940933957676007,0.0009940933957676007,v1,2026-04-15T16:13:59,DraftKings,2026-04-15 15:51:34
12,Caleb Lomu,0.0008,0.0,0.0008,0.0008,v1,2026-04-15T16:13:59,,
13,David Bailey,0.0008,0.0,0.0008,0.0008,v1,2026-04-15T16:13:59,,
13,Emmanuel McNeil-Warren,0.0008,0.0,0.0008,0.0008,v1,2026-04-15T16:13:59,,
14,Caleb Lomu,0.0008,0.0,0.0008,0.0008,v1,2026-04-15T16:13:59,,
15,Kevin Concepcion,0.0008,0.0,0.0008,0.0008,v1,2026-04-15T16:13:59,,
16,Peter Woods,0.0008,0.0,0.0008,0.0008,v1,2026-04-15T16:13:59,,
18,Makai Lemon,0.0008,0.0,0.0008,0.0008,v1,2026-04-15T16:13:59,,
21,Rueben Bain,0.0008,0.0,0.0008,0.0008,v1,2026-04-15T16:13:59,,
21,Sonny Styles,0.0008,0.0,0.0008,0.0008,v1,2026-04-15T16:13:59,,
22,Colton Hood,0.0008,0.0,0.0008,0.0008,v1,2026-04-15T16:13:59,,
23,Sonny Styles,0.0008,0.0,0.0008,0.0008,v1,2026-04-15T16:13:59,,
25,Akheem Mesidor,0.0008,0.0,0.0008,0.0008,v1,2026-04-15T16:13:59,,
25,Francis Mauigoa,0.0008,0.0,0.0008,0.0008,v1,2026-04-15T16:13:59,,
25,Jordyn Tyson,0.0008,0.0,0.0008,0.0008,v1,2026-04-15T16:13:59,,
25,Makai Lemon,0.0008,0.0,0.0008,0.0008,v1,2026-04-15T16:13:59,,
26,Chris Johnson,0.0008,0.0,0.0008,0.0008,v1,2026-04-15T16:13:59,,
27,Ty Simpson,0.0008,0.0,0.0008,0.0008,v1,2026-04-15T16:13:59,,
28,Caleb Downs,0.0008,0.0,0.0008,0.0008,v1,2026-04-15T16:13:59,,
28,Jacob Rodriguez,0.0008,0.0,0.0008,0.0008,v1,2026-04-15T16:13:59,,
30,Caleb Lomu,0.0008,0.0,0.0008,0.0008,v1,2026-04-15T16:13:59,,
30,Christen Miller,0.0008,0.0,0.0008,0.0008,v1,2026-04-15T16:13:59,,
30,Jadarian Price,0.0008,0.0,0.0008,0.0008,v1,2026-04-15T16:13:59,,
32,Jordyn Tyson,0.0008,0.0,0.0008,0.0008,v1,2026-04-15T16:13:59,,
12,Carnell Tate,0.0006,0.0,0.0006,0.0006,v1,2026-04-15T16:13:59,,
15,Arvell Reese,0.0006,0.0,0.0006,0.0006,v1,2026-04-15T16:13:59,,
15,Caleb Downs,0.0006,0.0,0.0006,0.0006,v1,2026-04-15T16:13:59,,
17,Avieon Terrell,0.0006,0.0,0.0006,0.0006,v1,2026-04-15T16:13:59,,
17,Carnell Tate,0.0006,0.0,0.0006,0.0006,v1,2026-04-15T16:13:59,,
17,Jermod McCoy,0.0006,0.0,0.0006,0.0006,v1,2026-04-15T16:13:59,,
18,T.J. Parker,0.0006,0.0,0.0006,0.0006,v1,2026-04-15T16:13:59,,
23,Olaivavega Ioane,0.0006,0.0,0.0006,0.0006,v1,2026-04-15T16:13:59,,
24,Caleb Banks,0.0006,0.0,0.0006,0.0006,v1,2026-04-15T16:13:59,,
24,Rueben Bain,0.0006,0.0,0.0006,0.0006,v1,2026-04-15T16:13:59,,
25,Brandon Cisse,0.0006,0.0,0.0006,0.0006,v1,2026-04-15T16:13:59,,
28,Jermod McCoy,0.0006,0.0,0.0006,0.0006,v1,2026-04-15T16:13:59,,
28,Makai Lemon,0.0006,0.0,0.0006,0.0006,v1,2026-04-15T16:13:59,,
29,Christen Miller,0.0006,0.0,0.0006,0.0006,v1,2026-04-15T16:13:59,,
32,Caleb Lomu,0.0006,0.0,0.0006,0.0006,v1,2026-04-15T16:13:59,,
32,Christen Miller,0.0006,0.0,0.0006,0.0006,v1,2026-04-15T16:13:59,,
32,Omar Cooper Jr.,0.0006,0.0,0.0006,0.0006,v1,2026-04-15T16:13:59,,
10,Makai Lemon,0.0174,0.0169935430854316,0.00040645691456839966,0.00040645691456839966,v1,2026-04-15T16:13:59,DraftKings,2026-04-15 15:51:34
14,Arvell Reese,0.0004,0.0,0.0004,0.0004,v1,2026-04-15T16:13:59,,
15,Makai Lemon,0.0004,0.0,0.0004,0.0004,v1,2026-04-15T16:13:59,,
16,Drew Allar,0.0004,0.0,0.0004,0.0004,v1,2026-04-15T16:13:59,,
16,Garrett Nussmeier,0.0004,0.0,0.0004,0.0004,v1,2026-04-15T16:13:59,,
17,Mansoor Delane,0.0004,0.0,0.0004,0.0004,v1,2026-04-15T16:13:59,,
19,Arvell Reese,0.0004,0.0,0.0004,0.0004,v1,2026-04-15T16:13:59,,
20,Carnell Tate,0.0004,0.0,0.0004,0.0004,v1,2026-04-15T16:13:59,,
21,Caleb Banks,0.0004,0.0,0.0004,0.0004,v1,2026-04-15T16:13:59,,
21,Garrett Nussmeier,0.0004,0.0,0.0004,0.0004,v1,2026-04-15T16:13:59,,
22,Chris Johnson,0.0004,0.0,0.0004,0.0004,v1,2026-04-15T16:13:59,,
22,Mansoor Delane,0.0004,0.0,0.0004,0.0004,v1,2026-04-15T16:13:59,,
26,Brandon Cisse,0.0004,0.0,0.0004,0.0004,v1,2026-04-15T16:13:59,,
26,Jermod McCoy,0.0004,0.0,0.0004,0.0004,v1,2026-04-15T16:13:59,,
28,Akheem Mesidor,0.0004,0.0,0.0004,0.0004,v1,2026-04-15T16:13:59,,
29,Carnell Tate,0.0004,0.0,0.0004,0.0004,v1,2026-04-15T16:13:59,,
29,Emmanuel Pregnon,0.0004,0.0,0.0004,0.0004,v1,2026-04-15T16:13:59,,
29,Jadarian Price,0.0004,0.0,0.0004,0.0004,v1,2026-04-15T16:13:59,,
30,Carnell Tate,0.0004,0.0,0.0004,0.0004,v1,2026-04-15T16:13:59,,
30,Jacob Rodriguez,0.0004,0.0,0.0004,0.0004,v1,2026-04-15T16:13:59,,
31,Caleb Downs,0.0004,0.0,0.0004,0.0004,v1,2026-04-15T16:13:59,,
31,Francis Mauigoa,0.0004,0.0,0.0004,0.0004,v1,2026-04-15T16:13:59,,
31,Jadarian Price,0.0004,0.0,0.0004,0.0004,v1,2026-04-15T16:13:59,,
32,Jacob Rodriguez,0.0004,0.0,0.0004,0.0004,v1,2026-04-15T16:13:59,,
32,Lee Hunter,0.0004,0.0,0.0004,0.0004,v1,2026-04-15T16:13:59,,
32,Rueben Bain,0.0004,0.0,0.0004,0.0004,v1,2026-04-15T16:13:59,,
11,Blake Miller,0.0002,0.0,0.0002,0.0002,v1,2026-04-15T16:13:59,,
12,Blake Miller,0.0002,0.0,0.0002,0.0002,v1,2026-04-15T16:13:59,,
13,Ty Simpson,0.0002,0.0,0.0002,0.0002,v1,2026-04-15T16:13:59,,
14,Avieon Terrell,0.0002,0.0,0.0002,0.0002,v1,2026-04-15T16:13:59,,
14,Ty Simpson,0.0002,0.0,0.0002,0.0002,v1,2026-04-15T16:13:59,,
16,David Bailey,0.0002,0.0,0.0002,0.0002,v1,2026-04-15T16:13:59,,
17,Arvell Reese,0.0002,0.0,0.0002,0.0002,v1,2026-04-15T16:13:59,,
17,David Bailey,0.0002,0.0,0.0002,0.0002,v1,2026-04-15T16:13:59,,
17,Denzel Boston,0.0002,0.0,0.0002,0.0002,v1,2026-04-15T16:13:59,,
18,Carnell Tate,0.0002,0.0,0.0002,0.0002,v1,2026-04-15T16:13:59,,
18,Denzel Boston,0.0002,0.0,0.0002,0.0002,v1,2026-04-15T16:13:59,,
19,David Bailey,0.0002,0.0,0.0002,0.0002,v1,2026-04-15T16:13:59,,
19,Ty Simpson,0.0002,0.0,0.0002,0.0002,v1,2026-04-15T16:13:59,,
21,Drew Allar,0.0002,0.0,0.0002,0.0002,v1,2026-04-15T16:13:59,,
22,C.J. Allen,0.0002,0.0,0.0002,0.0002,v1,2026-04-15T16:13:59,,
22,Jermod McCoy,0.0002,0.0,0.0002,0.0002,v1,2026-04-15T16:13:59,,
22,Max Iheanachor,0.0002,0.0,0.0002,0.0002,v1,2026-04-15T16:13:59,,
22,Ty Simpson,0.0002,0.0,0.0002,0.0002,v1,2026-04-15T16:13:59,,
23,Ty Simpson,0.0002,0.0,0.0002,0.0002,v1,2026-04-15T16:13:59,,
24,Chris Johnson,0.0002,0.0,0.0002,0.0002,v1,2026-04-15T16:13:59,,
24,Zion Young,0.0002,0.0,0.0002,0.0002,v1,2026-04-15T16:13:59,,
25,Chase Bisontis,0.0002,0.0,0.0002,0.0002,v1,2026-04-15T16:13:59,,
25,Emmanuel Pregnon,0.0002,0.0,0.0002,0.0002,v1,2026-04-15T16:13:59,,
25,Rueben Bain,0.0002,0.0,0.0002,0.0002,v1,2026-04-15T16:13:59,,
26,Mansoor Delane,0.0002,0.0,0.0002,0.0002,v1,2026-04-15T16:13:59,,
28,Jordyn Tyson,0.0002,0.0,0.0002,0.0002,v1,2026-04-15T16:13:59,,
28,Malachi Lawrence,0.0002,0.0,0.0002,0.0002,v1,2026-04-15T16:13:59,,
29,Francis Mauigoa,0.0002,0.0,0.0002,0.0002,v1,2026-04-15T16:13:59,,
29,Jacob Rodriguez,0.0002,0.0,0.0002,0.0002,v1,2026-04-15T16:13:59,,
31,Carnell Tate,0.0002,0.0,0.0002,0.0002,v1,2026-04-15T16:13:59,,
32,Anthony Hill Jr.,0.0002,0.0,0.0002,0.0002,v1,2026-04-15T16:13:59,,
32,Makai Lemon,0.0002,0.0,0.0002,0.0002,v1,2026-04-15T16:13:59,,
32,Peter Woods,0.0002,0.0,0.0002,0.0002,v1,2026-04-15T16:13:59,,
