pick,team,player,previous_probability,current_probability,diff,abs_diff,previous_run,current_run
10,CIN,Sonny Styles,0.339,0.1514,-0.18760000000000002,0.18760000000000002,2026-04-15_135014_v1,2026-04-15_141537_v1
17,DET,Monroe Freeling,0.222,0.0836,-0.13840000000000002,0.13840000000000002,2026-04-15_135014_v1,2026-04-15_141537_v1
17,DET,Spencer Fano,0.2158,0.0866,-0.12919999999999998,0.12919999999999998,2026-04-15_135014_v1,2026-04-15_141537_v1
17,DET,Kadyn Proctor,0.292,0.409,0.11699999999999999,0.11699999999999999,2026-04-15_135014_v1,2026-04-15_141537_v1
7,WAS,Jeremiyah Love,0.1674,0.0718,-0.09559999999999999,0.09559999999999999,2026-04-15_135014_v1,2026-04-15_141537_v1
28,HOU,Blake Miller,0.146,0.0518,-0.09419999999999999,0.09419999999999999,2026-04-15_135014_v1,2026-04-15_141537_v1
27,SF,Blake Miller,0.1632,0.075,-0.08820000000000001,0.08820000000000001,2026-04-15_135014_v1,2026-04-15_141537_v1
32,SEA,Avieon Terrell,0.134,0.0486,-0.0854,0.0854,2026-04-15_135014_v1,2026-04-15_141537_v1
9,KC,Francis Mauigoa,0.1114,0.0336,-0.07780000000000001,0.07780000000000001,2026-04-15_135014_v1,2026-04-15_141537_v1
22,LAC,Olaivavega Ioane,0.1122,0.0344,-0.0778,0.0778,2026-04-15_135014_v1,2026-04-15_141537_v1
23,PHI,Kadyn Proctor,0.096,0.0196,-0.0764,0.0764,2026-04-15_135014_v1,2026-04-15_141537_v1
10,CIN,Caleb Downs,0.3482,0.4176,0.06940000000000002,0.06940000000000002,2026-04-15_135014_v1,2026-04-15_141537_v1
30,MIA,Avieon Terrell,0.1424,0.0734,-0.06899999999999999,0.06899999999999999,2026-04-15_135014_v1,2026-04-15_141537_v1
24,CLE,Kadyn Proctor,0.1066,0.0386,-0.068,0.068,2026-04-15_135014_v1,2026-04-15_141537_v1
28,HOU,Caleb Lomu,0.1074,0.044,-0.0634,0.0634,2026-04-15_135014_v1,2026-04-15_141537_v1
30,MIA,Colton Hood,0.1398,0.198,0.0582,0.0582,2026-04-15_135014_v1,2026-04-15_141537_v1
26,BUF,Omar Cooper Jr.,0.0738,0.0172,-0.056600000000000004,0.056600000000000004,2026-04-15_135014_v1,2026-04-15_141537_v1
25,CHI,Dillon Thieneman,0.0864,0.0316,-0.0548,0.0548,2026-04-15_135014_v1,2026-04-15_141537_v1
25,CHI,Kayden McDonald,0.2036,0.2582,0.05459999999999998,0.05459999999999998,2026-04-15_135014_v1,2026-04-15_141537_v1
20,DAL,Sonny Styles,0.0048,0.058,0.053200000000000004,0.053200000000000004,2026-04-15_135014_v1,2026-04-15_141537_v1
12,DAL,Caleb Downs,0.075,0.0218,-0.0532,0.0532,2026-04-15_135014_v1,2026-04-15_141537_v1
18,MIN,Jeremiyah Love,0.0244,0.0774,0.05299999999999999,0.05299999999999999,2026-04-15_135014_v1,2026-04-15_141537_v1
24,CLE,Monroe Freeling,0.0242,0.0748,0.050600000000000006,0.050600000000000006,2026-04-15_135014_v1,2026-04-15_141537_v1
26,BUF,Denzel Boston,0.1378,0.188,0.050199999999999995,0.050199999999999995,2026-04-15_135014_v1,2026-04-15_141537_v1
7,WAS,Rueben Bain,0.306,0.3556,0.04960000000000003,0.04960000000000003,2026-04-15_135014_v1,2026-04-15_141537_v1
17,DET,Francis Mauigoa,0.0102,0.0564,0.0462,0.0462,2026-04-15_135014_v1,2026-04-15_141537_v1
32,SEA,T.J. Parker,0.0696,0.0236,-0.046,0.046,2026-04-15_135014_v1,2026-04-15_141537_v1
17,DET,Blake Miller,0.0684,0.1126,0.0442,0.0442,2026-04-15_135014_v1,2026-04-15_141537_v1
18,MIN,Emmanuel McNeil-Warren,0.2404,0.2844,0.043999999999999984,0.043999999999999984,2026-04-15_135014_v1,2026-04-15_141537_v1
15,TB,Keldric Faulk,0.284,0.3276,0.04360000000000003,0.04360000000000003,2026-04-15_135014_v1,2026-04-15_141537_v1
30,MIA,Kenyon Sadiq,0.072,0.0284,-0.04359999999999999,0.04359999999999999,2026-04-15_135014_v1,2026-04-15_141537_v1
10,CIN,Dillon Thieneman,0.0648,0.108,0.0432,0.0432,2026-04-15_135014_v1,2026-04-15_141537_v1
18,MIN,Caleb Downs,0.0852,0.0422,-0.043,0.043,2026-04-15_135014_v1,2026-04-15_141537_v1
28,HOU,Spencer Fano,0.0044,0.047,0.0426,0.0426,2026-04-15_135014_v1,2026-04-15_141537_v1
18,MIN,Jermod McCoy,0.0512,0.0116,-0.0396,0.0396,2026-04-15_135014_v1,2026-04-15_141537_v1
21,PIT,Jeremiyah Love,0.0048,0.0442,0.039400000000000004,0.039400000000000004,2026-04-15_135014_v1,2026-04-15_141537_v1
5,NYG,Arvell Reese,0.1102,0.071,-0.03920000000000001,0.03920000000000001,2026-04-15_135014_v1,2026-04-15_141537_v1
28,HOU,Monroe Freeling,0.0056,0.0448,0.0392,0.0392,2026-04-15_135014_v1,2026-04-15_141537_v1
32,SEA,Chris Johnson,0.1094,0.1484,0.03900000000000001,0.03900000000000001,2026-04-15_135014_v1,2026-04-15_141537_v1
26,BUF,Akheem Mesidor,0.0516,0.0132,-0.038400000000000004,0.038400000000000004,2026-04-15_135014_v1,2026-04-15_141537_v1
14,BAL,Olaivavega Ioane,0.2864,0.3248,0.03839999999999999,0.03839999999999999,2026-04-15_135014_v1,2026-04-15_141537_v1
27,SF,Spencer Fano,0.0126,0.0508,0.0382,0.0382,2026-04-15_135014_v1,2026-04-15_141537_v1
30,MIA,Kevin Concepcion,0.0506,0.0132,-0.0374,0.0374,2026-04-15_135014_v1,2026-04-15_141537_v1
28,HOU,Max Iheanachor,0.132,0.1684,0.03639999999999999,0.03639999999999999,2026-04-15_135014_v1,2026-04-15_141537_v1
17,DET,Caleb Lomu,0.0676,0.1038,0.03620000000000001,0.03620000000000001,2026-04-15_135014_v1,2026-04-15_141537_v1
16,NYJ,Makai Lemon,0.0694,0.0332,-0.0362,0.0362,2026-04-15_135014_v1,2026-04-15_141537_v1
22,LAC,Dillon Thieneman,0.0488,0.0128,-0.036000000000000004,0.036000000000000004,2026-04-15_135014_v1,2026-04-15_141537_v1
23,PHI,Kenyon Sadiq,0.0434,0.0076,-0.0358,0.0358,2026-04-15_135014_v1,2026-04-15_141537_v1
26,BUF,Cashius Howell,0.0764,0.1122,0.0358,0.0358,2026-04-15_135014_v1,2026-04-15_141537_v1
27,SF,Monroe Freeling,0.0102,0.0454,0.0352,0.0352,2026-04-15_135014_v1,2026-04-15_141537_v1
15,TB,Mansoor Delane,0.0416,0.0066,-0.034999999999999996,0.034999999999999996,2026-04-15_135014_v1,2026-04-15_141537_v1
21,PIT,Olaivavega Ioane,0.0456,0.0112,-0.0344,0.0344,2026-04-15_135014_v1,2026-04-15_141537_v1
26,BUF,T.J. Parker,0.1554,0.1894,0.034,0.034,2026-04-15_135014_v1,2026-04-15_141537_v1
16,NYJ,Sonny Styles,0.0092,0.043,0.0338,0.0338,2026-04-15_135014_v1,2026-04-15_141537_v1
29,KC,Cashius Howell,0.142,0.1752,0.03320000000000001,0.03320000000000001,2026-04-15_135014_v1,2026-04-15_141537_v1
29,KC,Zion Young,0.0662,0.099,0.03280000000000001,0.03280000000000001,2026-04-15_135014_v1,2026-04-15_141537_v1
31,NE,T.J. Parker,0.1246,0.0926,-0.032,0.032,2026-04-15_135014_v1,2026-04-15_141537_v1
8,NO,Jeremiyah Love,0.0416,0.0112,-0.030399999999999996,0.030399999999999996,2026-04-15_135014_v1,2026-04-15_141537_v1
10,CIN,Arvell Reese,0.0042,0.0344,0.0302,0.0302,2026-04-15_135014_v1,2026-04-15_141537_v1
29,KC,Kevin Concepcion,0.0418,0.012,-0.029799999999999997,0.029799999999999997,2026-04-15_135014_v1,2026-04-15_141537_v1
27,SF,Omar Cooper Jr.,0.0502,0.021,-0.0292,0.0292,2026-04-15_135014_v1,2026-04-15_141537_v1
23,PHI,Keldric Faulk,0.042,0.013,-0.029000000000000005,0.029000000000000005,2026-04-15_135014_v1,2026-04-15_141537_v1
23,PHI,Caleb Lomu,0.1502,0.1792,0.028999999999999998,0.028999999999999998,2026-04-15_135014_v1,2026-04-15_141537_v1
31,NE,Zion Young,0.104,0.1328,0.028800000000000006,0.028800000000000006,2026-04-15_135014_v1,2026-04-15_141537_v1
32,SEA,Cashius Howell,0.1252,0.0964,-0.028800000000000006,0.028800000000000006,2026-04-15_135014_v1,2026-04-15_141537_v1
7,WAS,David Bailey,0.075,0.0464,-0.0286,0.0286,2026-04-15_135014_v1,2026-04-15_141537_v1
9,KC,Jermod McCoy,0.1074,0.1358,0.02840000000000001,0.02840000000000001,2026-04-15_135014_v1,2026-04-15_141537_v1
21,PIT,Monroe Freeling,0.09,0.062,-0.027999999999999997,0.027999999999999997,2026-04-15_135014_v1,2026-04-15_141537_v1
19,CAR,Jordyn Tyson,0.0388,0.011,-0.027800000000000002,0.027800000000000002,2026-04-15_135014_v1,2026-04-15_141537_v1
28,HOU,Jeremiyah Love,0.0008,0.0286,0.027800000000000002,0.027800000000000002,2026-04-15_135014_v1,2026-04-15_141537_v1
26,BUF,Keldric Faulk,0.0424,0.0148,-0.0276,0.0276,2026-04-15_135014_v1,2026-04-15_141537_v1
31,NE,Max Iheanachor,0.0846,0.1122,0.0276,0.0276,2026-04-15_135014_v1,2026-04-15_141537_v1
7,WAS,Sonny Styles,0.1136,0.141,0.02739999999999998,0.02739999999999998,2026-04-15_135014_v1,2026-04-15_141537_v1
27,SF,Emmanuel McNeil-Warren,0.0372,0.0104,-0.026799999999999997,0.026799999999999997,2026-04-15_135014_v1,2026-04-15_141537_v1
29,KC,Emmanuel McNeil-Warren,0.0376,0.011,-0.026600000000000002,0.026600000000000002,2026-04-15_135014_v1,2026-04-15_141537_v1
24,CLE,Olaivavega Ioane,0.0546,0.0282,-0.026400000000000003,0.026400000000000003,2026-04-15_135014_v1,2026-04-15_141537_v1
16,NYJ,Monroe Freeling,0.0338,0.0074,-0.026399999999999996,0.026399999999999996,2026-04-15_135014_v1,2026-04-15_141537_v1
8,NO,Mansoor Delane,0.33,0.3564,0.02639999999999998,0.02639999999999998,2026-04-15_135014_v1,2026-04-15_141537_v1
27,SF,Cashius Howell,0.0602,0.0864,0.026200000000000008,0.026200000000000008,2026-04-15_135014_v1,2026-04-15_141537_v1
26,BUF,Emmanuel McNeil-Warren,0.0414,0.0152,-0.0262,0.0262,2026-04-15_135014_v1,2026-04-15_141537_v1
22,LAC,Kevin Concepcion,0.0746,0.0996,0.024999999999999994,0.024999999999999994,2026-04-15_135014_v1,2026-04-15_141537_v1
23,PHI,Kevin Concepcion,0.0892,0.1142,0.024999999999999994,0.024999999999999994,2026-04-15_135014_v1,2026-04-15_141537_v1
15,TB,Kenyon Sadiq,0.2212,0.246,0.02479999999999999,0.02479999999999999,2026-04-15_135014_v1,2026-04-15_141537_v1
16,NYJ,Spencer Fano,0.0342,0.0098,-0.0244,0.0244,2026-04-15_135014_v1,2026-04-15_141537_v1
27,SF,Kadyn Proctor,0.0516,0.0272,-0.0244,0.0244,2026-04-15_135014_v1,2026-04-15_141537_v1
11,MIA,Rueben Bain,0.0392,0.015,-0.0242,0.0242,2026-04-15_135014_v1,2026-04-15_141537_v1
32,SEA,Colton Hood,0.1822,0.2064,0.0242,0.0242,2026-04-15_135014_v1,2026-04-15_141537_v1
27,SF,Denzel Boston,0.1218,0.1456,0.0238,0.0238,2026-04-15_135014_v1,2026-04-15_141537_v1
29,KC,Colton Hood,0.0578,0.0814,0.023600000000000003,0.023600000000000003,2026-04-15_135014_v1,2026-04-15_141537_v1
12,DAL,Rueben Bain,0.0392,0.0156,-0.0236,0.0236,2026-04-15_135014_v1,2026-04-15_141537_v1
21,PIT,Kadyn Proctor,0.183,0.16,-0.022999999999999993,0.022999999999999993,2026-04-15_135014_v1,2026-04-15_141537_v1
10,CIN,Jeremiyah Love,0.041,0.0182,-0.0228,0.0228,2026-04-15_135014_v1,2026-04-15_141537_v1
15,TB,Akheem Mesidor,0.1496,0.1724,0.022799999999999987,0.022799999999999987,2026-04-15_135014_v1,2026-04-15_141537_v1
27,SF,T.J. Parker,0.0896,0.1122,0.022599999999999995,0.022599999999999995,2026-04-15_135014_v1,2026-04-15_141537_v1
23,PHI,Blake Miller,0.1478,0.17,0.022200000000000025,0.022200000000000025,2026-04-15_135014_v1,2026-04-15_141537_v1
31,NE,Cashius Howell,0.2092,0.187,-0.022199999999999998,0.022199999999999998,2026-04-15_135014_v1,2026-04-15_141537_v1
19,CAR,Monroe Freeling,0.0334,0.0116,-0.0218,0.0218,2026-04-15_135014_v1,2026-04-15_141537_v1
31,NE,Caleb Banks,0.037,0.0588,0.0218,0.0218,2026-04-15_135014_v1,2026-04-15_141537_v1
30,MIA,Zion Young,0.0466,0.068,0.021400000000000002,0.021400000000000002,2026-04-15_135014_v1,2026-04-15_141537_v1
24,CLE,Denzel Boston,0.0812,0.1022,0.021000000000000005,0.021000000000000005,2026-04-15_135014_v1,2026-04-15_141537_v1
32,SEA,Brandon Cisse,0.0278,0.0488,0.021000000000000005,0.021000000000000005,2026-04-15_135014_v1,2026-04-15_141537_v1
21,PIT,Blake Miller,0.1506,0.1716,0.02099999999999999,0.02099999999999999,2026-04-15_135014_v1,2026-04-15_141537_v1
23,PHI,T.J. Parker,0.0432,0.0642,0.02099999999999999,0.02099999999999999,2026-04-15_135014_v1,2026-04-15_141537_v1
20,DAL,Keldric Faulk,0.127,0.1062,-0.0208,0.0208,2026-04-15_135014_v1,2026-04-15_141537_v1
30,MIA,Olaivavega Ioane,0.0072,0.028,0.0208,0.0208,2026-04-15_135014_v1,2026-04-15_141537_v1
16,NYJ,Akheem Mesidor,0.135,0.1558,0.020799999999999985,0.020799999999999985,2026-04-15_135014_v1,2026-04-15_141537_v1
16,NYJ,Omar Cooper Jr.,0.1222,0.1428,0.020600000000000007,0.020600000000000007,2026-04-15_135014_v1,2026-04-15_141537_v1
23,PHI,Denzel Boston,0.0412,0.0618,0.0206,0.0206,2026-04-15_135014_v1,2026-04-15_141537_v1
30,MIA,Cashius Howell,0.1176,0.1382,0.020599999999999993,0.020599999999999993,2026-04-15_135014_v1,2026-04-15_141537_v1
30,MIA,Emmanuel McNeil-Warren,0.0332,0.0128,-0.0204,0.0204,2026-04-15_135014_v1,2026-04-15_141537_v1
9,KC,Caleb Downs,0.1114,0.1316,0.020199999999999996,0.020199999999999996,2026-04-15_135014_v1,2026-04-15_141537_v1
11,MIA,Olaivavega Ioane,0.0996,0.1196,0.020000000000000004,0.020000000000000004,2026-04-15_135014_v1,2026-04-15_141537_v1
22,LAC,Peter Woods,0.0748,0.0946,0.019799999999999998,0.019799999999999998,2026-04-15_135014_v1,2026-04-15_141537_v1
32,SEA,Zion Young,0.1744,0.1938,0.0194,0.0194,2026-04-15_135014_v1,2026-04-15_141537_v1
31,NE,Peter Woods,0.037,0.0176,-0.019399999999999997,0.019399999999999997,2026-04-15_135014_v1,2026-04-15_141537_v1
14,BAL,Spencer Fano,0.0298,0.0106,-0.019200000000000002,0.019200000000000002,2026-04-15_135014_v1,2026-04-15_141537_v1
19,CAR,Spencer Fano,0.0332,0.014,-0.019200000000000002,0.019200000000000002,2026-04-15_135014_v1,2026-04-15_141537_v1
22,LAC,T.J. Parker,0.099,0.1182,0.019199999999999995,0.019199999999999995,2026-04-15_135014_v1,2026-04-15_141537_v1
20,DAL,Akheem Mesidor,0.1642,0.1452,-0.019000000000000017,0.019000000000000017,2026-04-15_135014_v1,2026-04-15_141537_v1
21,PIT,Francis Mauigoa,0.001,0.02,0.019,0.019,2026-04-15_135014_v1,2026-04-15_141537_v1
11,MIA,Jordyn Tyson,0.1418,0.1608,0.01899999999999999,0.01899999999999999,2026-04-15_135014_v1,2026-04-15_141537_v1
23,PHI,Dillon Thieneman,0.0256,0.0068,-0.0188,0.0188,2026-04-15_135014_v1,2026-04-15_141537_v1
21,PIT,Avieon Terrell,0.0484,0.0672,0.018799999999999997,0.018799999999999997,2026-04-15_135014_v1,2026-04-15_141537_v1
31,NE,Kenyon Sadiq,0.0454,0.0268,-0.018600000000000002,0.018600000000000002,2026-04-15_135014_v1,2026-04-15_141537_v1
22,LAC,Omar Cooper Jr.,0.0932,0.1118,0.01859999999999999,0.01859999999999999,2026-04-15_135014_v1,2026-04-15_141537_v1
12,DAL,Sonny Styles,0.0758,0.0942,0.0184,0.0184,2026-04-15_135014_v1,2026-04-15_141537_v1
9,KC,Spencer Fano,0.1126,0.1306,0.017999999999999988,0.017999999999999988,2026-04-15_135014_v1,2026-04-15_141537_v1
20,DAL,Monroe Freeling,0.0238,0.0062,-0.0176,0.0176,2026-04-15_135014_v1,2026-04-15_141537_v1
10,CIN,Spencer Fano,0.0264,0.044,0.017599999999999998,0.017599999999999998,2026-04-15_135014_v1,2026-04-15_141537_v1
11,MIA,Caleb Downs,0.0532,0.0356,-0.017599999999999998,0.017599999999999998,2026-04-15_135014_v1,2026-04-15_141537_v1
15,TB,Jermod McCoy,0.0928,0.0752,-0.01759999999999999,0.01759999999999999,2026-04-15_135014_v1,2026-04-15_141537_v1
31,NE,Kevin Concepcion,0.0254,0.0086,-0.0168,0.0168,2026-04-15_135014_v1,2026-04-15_141537_v1
10,CIN,Olaivavega Ioane,0.0328,0.0496,0.016799999999999995,0.016799999999999995,2026-04-15_135014_v1,2026-04-15_141537_v1
13,LAR,Monroe Freeling,0.1572,0.174,0.01679999999999998,0.01679999999999998,2026-04-15_135014_v1,2026-04-15_141537_v1
28,HOU,Olaivavega Ioane,0.0212,0.0376,0.0164,0.0164,2026-04-15_135014_v1,2026-04-15_141537_v1
14,BAL,Jordyn Tyson,0.1926,0.1762,-0.016399999999999998,0.016399999999999998,2026-04-15_135014_v1,2026-04-15_141537_v1
12,DAL,Keldric Faulk,0.0384,0.0546,0.016200000000000006,0.016200000000000006,2026-04-15_135014_v1,2026-04-15_141537_v1
14,BAL,Kenyon Sadiq,0.0892,0.1054,0.016199999999999992,0.016199999999999992,2026-04-15_135014_v1,2026-04-15_141537_v1
20,DAL,Olaivavega Ioane,0.0192,0.0034,-0.015799999999999998,0.015799999999999998,2026-04-15_135014_v1,2026-04-15_141537_v1
29,KC,Caleb Lomu,0.0232,0.0076,-0.0156,0.0156,2026-04-15_135014_v1,2026-04-15_141537_v1
15,TB,Monroe Freeling,0.0194,0.0044,-0.015,0.015,2026-04-15_135014_v1,2026-04-15_141537_v1
31,NE,Caleb Lomu,0.0216,0.007,-0.014600000000000002,0.014600000000000002,2026-04-15_135014_v1,2026-04-15_141537_v1
11,MIA,Carnell Tate,0.0236,0.009,-0.0146,0.0146,2026-04-15_135014_v1,2026-04-15_141537_v1
19,CAR,Makai Lemon,0.0236,0.009,-0.0146,0.0146,2026-04-15_135014_v1,2026-04-15_141537_v1
20,DAL,Jeremiyah Love,0.0038,0.0184,0.0146,0.0146,2026-04-15_135014_v1,2026-04-15_141537_v1
29,KC,Omar Cooper Jr.,0.0218,0.0072,-0.0146,0.0146,2026-04-15_135014_v1,2026-04-15_141537_v1
12,DAL,Jeremiyah Love,0.0336,0.019,-0.014599999999999998,0.014599999999999998,2026-04-15_135014_v1,2026-04-15_141537_v1
27,SF,Max Iheanachor,0.0226,0.037,0.0144,0.0144,2026-04-15_135014_v1,2026-04-15_141537_v1
14,BAL,Makai Lemon,0.1268,0.1124,-0.014399999999999996,0.014399999999999996,2026-04-15_135014_v1,2026-04-15_141537_v1
15,TB,Spencer Fano,0.0172,0.003,-0.0142,0.0142,2026-04-15_135014_v1,2026-04-15_141537_v1
21,PIT,Jordyn Tyson,0.0202,0.006,-0.014199999999999999,0.014199999999999999,2026-04-15_135014_v1,2026-04-15_141537_v1
29,KC,Blake Miller,0.0248,0.0106,-0.014199999999999999,0.014199999999999999,2026-04-15_135014_v1,2026-04-15_141537_v1
7,WAS,Makai Lemon,0.046,0.06,0.013999999999999999,0.013999999999999999,2026-04-15_135014_v1,2026-04-15_141537_v1
32,SEA,Chase Bisontis,0.0322,0.0462,0.013999999999999999,0.013999999999999999,2026-04-15_135014_v1,2026-04-15_141537_v1
23,PHI,Monroe Freeling,0.0336,0.0474,0.0138,0.0138,2026-04-15_135014_v1,2026-04-15_141537_v1
8,NO,Rueben Bain,0.2132,0.1996,-0.013600000000000001,0.013600000000000001,2026-04-15_135014_v1,2026-04-15_141537_v1
12,DAL,Mansoor Delane,0.162,0.1484,-0.013600000000000001,0.013600000000000001,2026-04-15_135014_v1,2026-04-15_141537_v1
20,DAL,Jermod McCoy,0.0318,0.0182,-0.013600000000000001,0.013600000000000001,2026-04-15_135014_v1,2026-04-15_141537_v1
25,CHI,Caleb Downs,0.0046,0.0182,0.013600000000000001,0.013600000000000001,2026-04-15_135014_v1,2026-04-15_141537_v1
29,KC,Spencer Fano,0.0006,0.014,0.0134,0.0134,2026-04-15_135014_v1,2026-04-15_141537_v1
11,MIA,Makai Lemon,0.2052,0.2184,0.013200000000000017,0.013200000000000017,2026-04-15_135014_v1,2026-04-15_141537_v1
32,SEA,Malachi Lawrence,0.031,0.0442,0.013200000000000003,0.013200000000000003,2026-04-15_135014_v1,2026-04-15_141537_v1
29,KC,Akheem Mesidor,0.0256,0.0124,-0.013200000000000002,0.013200000000000002,2026-04-15_135014_v1,2026-04-15_141537_v1
14,BAL,Jeremiyah Love,0.0274,0.0142,-0.0132,0.0132,2026-04-15_135014_v1,2026-04-15_141537_v1
31,NE,Spencer Fano,0.0006,0.0138,0.0132,0.0132,2026-04-15_135014_v1,2026-04-15_141537_v1
12,DAL,Jermod McCoy,0.4008,0.414,0.01319999999999999,0.01319999999999999,2026-04-15_135014_v1,2026-04-15_141537_v1
24,CLE,Spencer Fano,0.0096,0.0226,0.013,0.013,2026-04-15_135014_v1,2026-04-15_141537_v1
20,DAL,Dillon Thieneman,0.1086,0.0956,-0.012999999999999998,0.012999999999999998,2026-04-15_135014_v1,2026-04-15_141537_v1
19,CAR,Omar Cooper Jr.,0.0934,0.1062,0.012800000000000006,0.012800000000000006,2026-04-15_135014_v1,2026-04-15_141537_v1
14,BAL,Omar Cooper Jr.,0.1038,0.1166,0.012799999999999992,0.012799999999999992,2026-04-15_135014_v1,2026-04-15_141537_v1
9,KC,Mansoor Delane,0.2074,0.22,0.0126,0.0126,2026-04-15_135014_v1,2026-04-15_141537_v1
30,MIA,Chris Johnson,0.0232,0.0358,0.0126,0.0126,2026-04-15_135014_v1,2026-04-15_141537_v1
23,PHI,Spencer Fano,0.0288,0.0412,0.012400000000000001,0.012400000000000001,2026-04-15_135014_v1,2026-04-15_141537_v1
31,NE,Denzel Boston,0.07,0.0578,-0.01220000000000001,0.01220000000000001,2026-04-15_135014_v1,2026-04-15_141537_v1
30,MIA,Chase Bisontis,0.023,0.0352,0.012200000000000003,0.012200000000000003,2026-04-15_135014_v1,2026-04-15_141537_v1
31,NE,Blake Miller,0.0308,0.0186,-0.012200000000000003,0.012200000000000003,2026-04-15_135014_v1,2026-04-15_141537_v1
12,DAL,Dillon Thieneman,0.0304,0.0426,0.012199999999999999,0.012199999999999999,2026-04-15_135014_v1,2026-04-15_141537_v1
22,LAC,Kayden McDonald,0.021,0.0332,0.012199999999999999,0.012199999999999999,2026-04-15_135014_v1,2026-04-15_141537_v1
6,CLE,David Bailey,0.0252,0.0132,-0.012,0.012,2026-04-15_135014_v1,2026-04-15_141537_v1
9,KC,David Bailey,0.0036,0.0156,0.012,0.012,2026-04-15_135014_v1,2026-04-15_141537_v1
9,KC,Jeremiyah Love,0.0168,0.0048,-0.012,0.012,2026-04-15_135014_v1,2026-04-15_141537_v1
22,LAC,Jordyn Tyson,0.019,0.007,-0.012,0.012,2026-04-15_135014_v1,2026-04-15_141537_v1
31,NE,C.J. Allen,0.0194,0.0314,0.011999999999999997,0.011999999999999997,2026-04-15_135014_v1,2026-04-15_141537_v1
21,PIT,Spencer Fano,0.0748,0.063,-0.011800000000000005,0.011800000000000005,2026-04-15_135014_v1,2026-04-15_141537_v1
11,MIA,Jeremiyah Love,0.0202,0.0084,-0.0118,0.0118,2026-04-15_135014_v1,2026-04-15_141537_v1
13,LAR,Jeremiyah Love,0.0218,0.01,-0.0118,0.0118,2026-04-15_135014_v1,2026-04-15_141537_v1
24,CLE,Jeremiyah Love,0.0002,0.0118,0.0116,0.0116,2026-04-15_135014_v1,2026-04-15_141537_v1
26,BUF,Olaivavega Ioane,0.0432,0.0316,-0.0116,0.0116,2026-04-15_135014_v1,2026-04-15_141537_v1
7,WAS,Caleb Downs,0.0828,0.0942,0.011400000000000007,0.011400000000000007,2026-04-15_135014_v1,2026-04-15_141537_v1
8,NO,David Bailey,0.0206,0.032,0.0114,0.0114,2026-04-15_135014_v1,2026-04-15_141537_v1
8,NO,Francis Mauigoa,0.0202,0.0088,-0.011399999999999999,0.011399999999999999,2026-04-15_135014_v1,2026-04-15_141537_v1
30,MIA,Denzel Boston,0.1172,0.1058,-0.011399999999999993,0.011399999999999993,2026-04-15_135014_v1,2026-04-15_141537_v1
10,CIN,Monroe Freeling,0.0278,0.039,0.011200000000000002,0.011200000000000002,2026-04-15_135014_v1,2026-04-15_141537_v1
20,DAL,Spencer Fano,0.0198,0.0086,-0.011200000000000002,0.011200000000000002,2026-04-15_135014_v1,2026-04-15_141537_v1
20,DAL,Avieon Terrell,0.1332,0.1442,0.010999999999999982,0.010999999999999982,2026-04-15_135014_v1,2026-04-15_141537_v1
5,NYG,Carnell Tate,0.2256,0.2364,0.010800000000000004,0.010800000000000004,2026-04-15_135014_v1,2026-04-15_141537_v1
29,KC,T.J. Parker,0.1618,0.151,-0.010800000000000004,0.010800000000000004,2026-04-15_135014_v1,2026-04-15_141537_v1
31,NE,Monroe Freeling,0.0004,0.0112,0.0108,0.0108,2026-04-15_135014_v1,2026-04-15_141537_v1
11,MIA,Jermod McCoy,0.142,0.1526,0.010600000000000026,0.010600000000000026,2026-04-15_135014_v1,2026-04-15_141537_v1
29,KC,Monroe Freeling,0.0006,0.0112,0.0106,0.0106,2026-04-15_135014_v1,2026-04-15_141537_v1
9,KC,Rueben Bain,0.1202,0.1096,-0.010599999999999998,0.010599999999999998,2026-04-15_135014_v1,2026-04-15_141537_v1
20,DAL,Peter Woods,0.0598,0.07,0.010200000000000008,0.010200000000000008,2026-04-15_135014_v1,2026-04-15_141537_v1
10,CIN,Francis Mauigoa,0.0252,0.015,-0.0102,0.0102,2026-04-15_135014_v1,2026-04-15_141537_v1
5,NYG,Sonny Styles,0.1824,0.1926,0.010199999999999987,0.010199999999999987,2026-04-15_135014_v1,2026-04-15_141537_v1
16,NYJ,Jermod McCoy,0.0536,0.0436,-0.010000000000000002,0.010000000000000002,2026-04-15_135014_v1,2026-04-15_141537_v1
16,NYJ,Kevin Concepcion,0.0354,0.0454,0.010000000000000002,0.010000000000000002,2026-04-15_135014_v1,2026-04-15_141537_v1
22,LAC,Denzel Boston,0.037,0.047,0.010000000000000002,0.010000000000000002,2026-04-15_135014_v1,2026-04-15_141537_v1
24,CLE,Kenyon Sadiq,0.013,0.003,-0.009999999999999998,0.009999999999999998,2026-04-15_135014_v1,2026-04-15_141537_v1
30,MIA,Emmanuel Pregnon,0.0224,0.0324,0.009999999999999998,0.009999999999999998,2026-04-15_135014_v1,2026-04-15_141537_v1
22,LAC,Keldric Faulk,0.0958,0.0858,-0.009999999999999995,0.009999999999999995,2026-04-15_135014_v1,2026-04-15_141537_v1
19,CAR,Akheem Mesidor,0.1464,0.1562,0.009800000000000003,0.009800000000000003,2026-04-15_135014_v1,2026-04-15_141537_v1
13,LAR,Carnell Tate,0.0174,0.0076,-0.0098,0.0098,2026-04-15_135014_v1,2026-04-15_141537_v1
20,DAL,Kenyon Sadiq,0.0154,0.0056,-0.0098,0.0098,2026-04-15_135014_v1,2026-04-15_141537_v1
19,CAR,Kevin Concepcion,0.0458,0.0556,0.009799999999999996,0.009799999999999996,2026-04-15_135014_v1,2026-04-15_141537_v1
19,CAR,Francis Mauigoa,0.0006,0.0102,0.009600000000000001,0.009600000000000001,2026-04-15_135014_v1,2026-04-15_141537_v1
20,DAL,Emmanuel McNeil-Warren,0.1016,0.1112,0.009599999999999997,0.009599999999999997,2026-04-15_135014_v1,2026-04-15_141537_v1
28,HOU,Kayden McDonald,0.202,0.2116,0.009599999999999997,0.009599999999999997,2026-04-15_135014_v1,2026-04-15_141537_v1
16,NYJ,Olaivavega Ioane,0.1106,0.1012,-0.009400000000000006,0.009400000000000006,2026-04-15_135014_v1,2026-04-15_141537_v1
22,LAC,Kenyon Sadiq,0.0106,0.0012,-0.0094,0.0094,2026-04-15_135014_v1,2026-04-15_141537_v1
25,CHI,Emmanuel McNeil-Warren,0.1816,0.1724,-0.009200000000000014,0.009200000000000014,2026-04-15_135014_v1,2026-04-15_141537_v1
7,WAS,Jordyn Tyson,0.0348,0.044,0.0092,0.0092,2026-04-15_135014_v1,2026-04-15_141537_v1
16,NYJ,Caleb Downs,0.0126,0.0034,-0.0092,0.0092,2026-04-15_135014_v1,2026-04-15_141537_v1
18,MIN,Monroe Freeling,0.0124,0.0032,-0.0092,0.0092,2026-04-15_135014_v1,2026-04-15_141537_v1
26,BUF,Dillon Thieneman,0.0196,0.0104,-0.0092,0.0092,2026-04-15_135014_v1,2026-04-15_141537_v1
28,HOU,Caleb Banks,0.0354,0.0446,0.0092,0.0092,2026-04-15_135014_v1,2026-04-15_141537_v1
21,PIT,Caleb Lomu,0.1494,0.1586,0.009199999999999986,0.009199999999999986,2026-04-15_135014_v1,2026-04-15_141537_v1
14,BAL,Rueben Bain,0.0128,0.0038,-0.009000000000000001,0.009000000000000001,2026-04-15_135014_v1,2026-04-15_141537_v1
19,CAR,Olaivavega Ioane,0.0132,0.0042,-0.009000000000000001,0.009000000000000001,2026-04-15_135014_v1,2026-04-15_141537_v1
25,CHI,Omar Cooper Jr.,0.0114,0.0024,-0.009000000000000001,0.009000000000000001,2026-04-15_135014_v1,2026-04-15_141537_v1
32,SEA,Olaivavega Ioane,0.0012,0.0102,0.009000000000000001,0.009000000000000001,2026-04-15_135014_v1,2026-04-15_141537_v1
16,NYJ,Mansoor Delane,0.0158,0.007,-0.008800000000000002,0.008800000000000002,2026-04-15_135014_v1,2026-04-15_141537_v1
27,SF,Akheem Mesidor,0.0166,0.0078,-0.0088,0.0088,2026-04-15_135014_v1,2026-04-15_141537_v1
29,KC,Dillon Thieneman,0.017,0.0082,-0.0088,0.0088,2026-04-15_135014_v1,2026-04-15_141537_v1
15,TB,Rueben Bain,0.037,0.0282,-0.008799999999999999,0.008799999999999999,2026-04-15_135014_v1,2026-04-15_141537_v1
12,DAL,Monroe Freeling,0.0268,0.0354,0.0086,0.0086,2026-04-15_135014_v1,2026-04-15_141537_v1
24,CLE,Omar Cooper Jr.,0.092,0.0834,-0.008599999999999997,0.008599999999999997,2026-04-15_135014_v1,2026-04-15_141537_v1
26,BUF,Kayden McDonald,0.049,0.0576,0.008599999999999997,0.008599999999999997,2026-04-15_135014_v1,2026-04-15_141537_v1
31,NE,Kayden McDonald,0.0824,0.091,0.008599999999999997,0.008599999999999997,2026-04-15_135014_v1,2026-04-15_141537_v1
22,LAC,Emmanuel McNeil-Warren,0.0876,0.096,0.008400000000000005,0.008400000000000005,2026-04-15_135014_v1,2026-04-15_141537_v1
27,SF,Dillon Thieneman,0.0156,0.0072,-0.0084,0.0084,2026-04-15_135014_v1,2026-04-15_141537_v1
28,HOU,Kenyon Sadiq,0.0124,0.004,-0.0084,0.0084,2026-04-15_135014_v1,2026-04-15_141537_v1
30,MIA,C.J. Allen,0.0088,0.0172,0.0084,0.0084,2026-04-15_135014_v1,2026-04-15_141537_v1
12,DAL,Spencer Fano,0.0306,0.0388,0.008200000000000002,0.008200000000000002,2026-04-15_135014_v1,2026-04-15_141537_v1
14,BAL,Caleb Downs,0.0094,0.0012,-0.0082,0.0082,2026-04-15_135014_v1,2026-04-15_141537_v1
19,CAR,Jeremiyah Love,0.0038,0.012,0.0082,0.0082,2026-04-15_135014_v1,2026-04-15_141537_v1
9,KC,Sonny Styles,0.0168,0.0086,-0.008199999999999999,0.008199999999999999,2026-04-15_135014_v1,2026-04-15_141537_v1
16,NYJ,Kadyn Proctor,0.017,0.0252,0.008199999999999999,0.008199999999999999,2026-04-15_135014_v1,2026-04-15_141537_v1
22,LAC,Cashius Howell,0.0286,0.0368,0.008199999999999999,0.008199999999999999,2026-04-15_135014_v1,2026-04-15_141537_v1
22,LAC,Rueben Bain,0.0002,0.0084,0.008199999999999999,0.008199999999999999,2026-04-15_135014_v1,2026-04-15_141537_v1
27,SF,Keldric Faulk,0.0156,0.0074,-0.008199999999999999,0.008199999999999999,2026-04-15_135014_v1,2026-04-15_141537_v1
11,MIA,Francis Mauigoa,0.0144,0.0064,-0.008,0.008,2026-04-15_135014_v1,2026-04-15_141537_v1
20,DAL,Rueben Bain,0.0022,0.0102,0.008,0.008,2026-04-15_135014_v1,2026-04-15_141537_v1
29,KC,Keldric Faulk,0.019,0.011,-0.008,0.008,2026-04-15_135014_v1,2026-04-15_141537_v1
10,CIN,Makai Lemon,0.0112,0.0192,0.007999999999999998,0.007999999999999998,2026-04-15_135014_v1,2026-04-15_141537_v1
19,CAR,Peter Woods,0.0302,0.0382,0.007999999999999997,0.007999999999999997,2026-04-15_135014_v1,2026-04-15_141537_v1
28,HOU,Peter Woods,0.1518,0.1438,-0.00799999999999998,0.00799999999999998,2026-04-15_135014_v1,2026-04-15_141537_v1
27,SF,Avieon Terrell,0.0294,0.037,0.007599999999999999,0.007599999999999999,2026-04-15_135014_v1,2026-04-15_141537_v1
13,LAR,Makai Lemon,0.1754,0.1678,-0.007599999999999996,0.007599999999999996,2026-04-15_135014_v1,2026-04-15_141537_v1
23,PHI,Akheem Mesidor,0.0546,0.0472,-0.007400000000000004,0.007400000000000004,2026-04-15_135014_v1,2026-04-15_141537_v1
29,KC,Denzel Boston,0.0882,0.0808,-0.007400000000000004,0.007400000000000004,2026-04-15_135014_v1,2026-04-15_141537_v1
17,DET,Kenyon Sadiq,0.0074,0.0148,0.0074,0.0074,2026-04-15_135014_v1,2026-04-15_141537_v1
18,MIN,Spencer Fano,0.0106,0.0032,-0.0074,0.0074,2026-04-15_135014_v1,2026-04-15_141537_v1
23,PHI,Francis Mauigoa,0.0,0.0074,0.0074,0.0074,2026-04-15_135014_v1,2026-04-15_141537_v1
22,LAC,Jeremiyah Love,0.0006,0.0078,0.0072,0.0072,2026-04-15_135014_v1,2026-04-15_141537_v1
25,CHI,Kenyon Sadiq,0.011,0.0038,-0.0072,0.0072,2026-04-15_135014_v1,2026-04-15_141537_v1
27,SF,Caleb Lomu,0.1216,0.1146,-0.007000000000000006,0.007000000000000006,2026-04-15_135014_v1,2026-04-15_141537_v1
20,DAL,Jordyn Tyson,0.0082,0.0012,-0.007000000000000001,0.007000000000000001,2026-04-15_135014_v1,2026-04-15_141537_v1
31,NE,Avieon Terrell,0.0102,0.0032,-0.007000000000000001,0.007000000000000001,2026-04-15_135014_v1,2026-04-15_141537_v1
8,NO,Jordyn Tyson,0.0534,0.0604,0.006999999999999999,0.006999999999999999,2026-04-15_135014_v1,2026-04-15_141537_v1
13,LAR,Omar Cooper Jr.,0.019,0.026,0.006999999999999999,0.006999999999999999,2026-04-15_135014_v1,2026-04-15_141537_v1
23,PHI,Jordyn Tyson,0.015,0.008,-0.006999999999999999,0.006999999999999999,2026-04-15_135014_v1,2026-04-15_141537_v1
26,BUF,Zion Young,0.0228,0.0298,0.006999999999999999,0.006999999999999999,2026-04-15_135014_v1,2026-04-15_141537_v1
27,SF,Colton Hood,0.008,0.015,0.006999999999999999,0.006999999999999999,2026-04-15_135014_v1,2026-04-15_141537_v1
10,CIN,Mansoor Delane,0.0216,0.0284,0.0068000000000000005,0.0068000000000000005,2026-04-15_135014_v1,2026-04-15_141537_v1
12,DAL,Jordyn Tyson,0.0086,0.0154,0.0068000000000000005,0.0068000000000000005,2026-04-15_135014_v1,2026-04-15_141537_v1
20,DAL,Francis Mauigoa,0.0006,0.0074,0.0068000000000000005,0.0068000000000000005,2026-04-15_135014_v1,2026-04-15_141537_v1
25,CHI,Jeremiyah Love,0.0006,0.0074,0.0068000000000000005,0.0068000000000000005,2026-04-15_135014_v1,2026-04-15_141537_v1
26,BUF,Jeremiyah Love,0.0,0.0068,0.0068,0.0068,2026-04-15_135014_v1,2026-04-15_141537_v1
13,LAR,Spencer Fano,0.1818,0.1884,0.0066000000000000225,0.0066000000000000225,2026-04-15_135014_v1,2026-04-15_141537_v1
8,NO,Jermod McCoy,0.0556,0.0622,0.006600000000000002,0.006600000000000002,2026-04-15_135014_v1,2026-04-15_141537_v1
16,NYJ,Francis Mauigoa,0.0062,0.0128,0.006600000000000001,0.006600000000000001,2026-04-15_135014_v1,2026-04-15_141537_v1
10,CIN,Jordyn Tyson,0.0152,0.0218,0.0066,0.0066,2026-04-15_135014_v1,2026-04-15_141537_v1
27,SF,Jordyn Tyson,0.0024,0.009,0.0066,0.0066,2026-04-15_135014_v1,2026-04-15_141537_v1
30,MIA,Akheem Mesidor,0.0152,0.0086,-0.0066,0.0066,2026-04-15_135014_v1,2026-04-15_141537_v1
13,LAR,Caleb Downs,0.0076,0.0012,-0.0064,0.0064,2026-04-15_135014_v1,2026-04-15_141537_v1
19,CAR,Rueben Bain,0.0026,0.009,0.0063999999999999994,0.0063999999999999994,2026-04-15_135014_v1,2026-04-15_141537_v1
24,CLE,Keldric Faulk,0.0072,0.0008,-0.0063999999999999994,0.0063999999999999994,2026-04-15_135014_v1,2026-04-15_141537_v1
28,HOU,Kadyn Proctor,0.0416,0.0352,-0.006399999999999996,0.006399999999999996,2026-04-15_135014_v1,2026-04-15_141537_v1
19,CAR,Avieon Terrell,0.0098,0.016,0.006200000000000001,0.006200000000000001,2026-04-15_135014_v1,2026-04-15_141537_v1
25,CHI,Caleb Banks,0.0078,0.014,0.006200000000000001,0.006200000000000001,2026-04-15_135014_v1,2026-04-15_141537_v1
30,MIA,Makai Lemon,0.0002,0.0064,0.006200000000000001,0.006200000000000001,2026-04-15_135014_v1,2026-04-15_141537_v1
31,NE,Omar Cooper Jr.,0.0166,0.0104,-0.006200000000000001,0.006200000000000001,2026-04-15_135014_v1,2026-04-15_141537_v1
21,PIT,Kenyon Sadiq,0.0068,0.0006,-0.0062,0.0062,2026-04-15_135014_v1,2026-04-15_141537_v1
28,HOU,Emmanuel McNeil-Warren,0.0078,0.0016,-0.0062,0.0062,2026-04-15_135014_v1,2026-04-15_141537_v1
30,MIA,Jermod McCoy,0.0022,0.0084,0.006199999999999999,0.006199999999999999,2026-04-15_135014_v1,2026-04-15_141537_v1
31,NE,Keldric Faulk,0.0094,0.0156,0.006199999999999999,0.006199999999999999,2026-04-15_135014_v1,2026-04-15_141537_v1
20,DAL,T.J. Parker,0.0198,0.026,0.006199999999999997,0.006199999999999997,2026-04-15_135014_v1,2026-04-15_141537_v1
5,NYG,Caleb Downs,0.1302,0.1364,0.006199999999999983,0.006199999999999983,2026-04-15_135014_v1,2026-04-15_141537_v1
21,PIT,Omar Cooper Jr.,0.0822,0.0882,0.006000000000000005,0.006000000000000005,2026-04-15_135014_v1,2026-04-15_141537_v1
18,MIN,Avieon Terrell,0.0178,0.0238,0.006000000000000002,0.006000000000000002,2026-04-15_135014_v1,2026-04-15_141537_v1
19,CAR,Blake Miller,0.029,0.035,0.006000000000000002,0.006000000000000002,2026-04-15_135014_v1,2026-04-15_141537_v1
21,PIT,Jermod McCoy,0.01,0.004,-0.006,0.006,2026-04-15_135014_v1,2026-04-15_141537_v1
24,CLE,Dillon Thieneman,0.0078,0.0018,-0.006,0.006,2026-04-15_135014_v1,2026-04-15_141537_v1
28,HOU,Omar Cooper Jr.,0.007,0.001,-0.006,0.006,2026-04-15_135014_v1,2026-04-15_141537_v1
31,NE,Malachi Lawrence,0.006,0.012,0.006,0.006,2026-04-15_135014_v1,2026-04-15_141537_v1
24,CLE,Akheem Mesidor,0.009,0.003,-0.005999999999999999,0.005999999999999999,2026-04-15_135014_v1,2026-04-15_141537_v1
17,DET,Peter Woods,0.021,0.027,0.005999999999999998,0.005999999999999998,2026-04-15_135014_v1,2026-04-15_141537_v1
15,TB,Caleb Downs,0.0062,0.0004,-0.0058,0.0058,2026-04-15_135014_v1,2026-04-15_141537_v1
17,DET,Caleb Downs,0.008,0.0022,-0.0058,0.0058,2026-04-15_135014_v1,2026-04-15_141537_v1
26,BUF,Kevin Concepcion,0.1514,0.1456,-0.0058,0.0058,2026-04-15_135014_v1,2026-04-15_141537_v1
27,SF,Kenyon Sadiq,0.0086,0.0028,-0.0058,0.0058,2026-04-15_135014_v1,2026-04-15_141537_v1
32,SEA,Jermod McCoy,0.001,0.0068,0.0058,0.0058,2026-04-15_135014_v1,2026-04-15_141537_v1
5,NYG,Jeremiyah Love,0.1226,0.1282,0.005600000000000008,0.005600000000000008,2026-04-15_135014_v1,2026-04-15_141537_v1
19,CAR,Keldric Faulk,0.1114,0.117,0.005600000000000008,0.005600000000000008,2026-04-15_135014_v1,2026-04-15_141537_v1
26,BUF,Avieon Terrell,0.0108,0.0164,0.005600000000000001,0.005600000000000001,2026-04-15_135014_v1,2026-04-15_141537_v1
11,MIA,David Bailey,0.0004,0.006,0.0056,0.0056,2026-04-15_135014_v1,2026-04-15_141537_v1
23,PHI,Jeremiyah Love,0.0,0.0056,0.0056,0.0056,2026-04-15_135014_v1,2026-04-15_141537_v1
19,CAR,Kenyon Sadiq,0.2594,0.265,0.005599999999999994,0.005599999999999994,2026-04-15_135014_v1,2026-04-15_141537_v1
29,KC,Max Iheanachor,0.0274,0.0328,0.005400000000000002,0.005400000000000002,2026-04-15_135014_v1,2026-04-15_141537_v1
12,DAL,Akheem Mesidor,0.0122,0.0176,0.0054,0.0054,2026-04-15_135014_v1,2026-04-15_141537_v1
24,CLE,Peter Woods,0.01,0.0154,0.0054,0.0054,2026-04-15_135014_v1,2026-04-15_141537_v1
25,CHI,Akheem Mesidor,0.0066,0.0012,-0.0054,0.0054,2026-04-15_135014_v1,2026-04-15_141537_v1
29,KC,Jermod McCoy,0.002,0.0074,0.0054,0.0054,2026-04-15_135014_v1,2026-04-15_141537_v1
30,MIA,Omar Cooper Jr.,0.0214,0.016,-0.0053999999999999986,0.0053999999999999986,2026-04-15_135014_v1,2026-04-15_141537_v1
21,PIT,Kevin Concepcion,0.0618,0.0672,0.005399999999999995,0.005399999999999995,2026-04-15_135014_v1,2026-04-15_141537_v1
9,KC,Monroe Freeling,0.0682,0.0734,0.00520000000000001,0.00520000000000001,2026-04-15_135014_v1,2026-04-15_141537_v1
20,DAL,Mansoor Delane,0.0046,0.0098,0.0052,0.0052,2026-04-15_135014_v1,2026-04-15_141537_v1
24,CLE,Ty Simpson,0.0108,0.016,0.0052,0.0052,2026-04-15_135014_v1,2026-04-15_141537_v1
11,MIA,Mansoor Delane,0.147,0.142,-0.0050000000000000044,0.0050000000000000044,2026-04-15_135014_v1,2026-04-15_141537_v1
15,TB,Olaivavega Ioane,0.0734,0.0684,-0.0050000000000000044,0.0050000000000000044,2026-04-15_135014_v1,2026-04-15_141537_v1
14,BAL,Monroe Freeling,0.0254,0.0304,0.005000000000000001,0.005000000000000001,2026-04-15_135014_v1,2026-04-15_141537_v1
22,LAC,Kadyn Proctor,0.0102,0.0052,-0.005000000000000001,0.005000000000000001,2026-04-15_135014_v1,2026-04-15_141537_v1
12,DAL,Arvell Reese,0.0002,0.0052,0.005,0.005,2026-04-15_135014_v1,2026-04-15_141537_v1
16,NYJ,Carnell Tate,0.0026,0.0076,0.005,0.005,2026-04-15_135014_v1,2026-04-15_141537_v1
26,BUF,Kenyon Sadiq,0.008,0.003,-0.005,0.005,2026-04-15_135014_v1,2026-04-15_141537_v1
31,NE,Kadyn Proctor,0.0076,0.0126,0.005,0.005,2026-04-15_135014_v1,2026-04-15_141537_v1
32,SEA,Jeremiyah Love,0.0,0.005,0.005,0.005,2026-04-15_135014_v1,2026-04-15_141537_v1
22,LAC,Blake Miller,0.0136,0.0186,0.004999999999999999,0.004999999999999999,2026-04-15_135014_v1,2026-04-15_141537_v1
20,DAL,Caleb Lomu,0.0162,0.021,0.004800000000000002,0.004800000000000002,2026-04-15_135014_v1,2026-04-15_141537_v1
29,KC,Caleb Downs,0.0002,0.005,0.0048000000000000004,0.0048000000000000004,2026-04-15_135014_v1,2026-04-15_141537_v1
11,MIA,Sonny Styles,0.0084,0.0036,-0.0048,0.0048,2026-04-15_135014_v1,2026-04-15_141537_v1
27,SF,Caleb Downs,0.0004,0.0052,0.0048,0.0048,2026-04-15_135014_v1,2026-04-15_141537_v1
27,SF,Kevin Concepcion,0.097,0.0924,-0.004600000000000007,0.004600000000000007,2026-04-15_135014_v1,2026-04-15_141537_v1
12,DAL,Francis Mauigoa,0.0196,0.015,-0.0046,0.0046,2026-04-15_135014_v1,2026-04-15_141537_v1
25,CHI,Avieon Terrell,0.042,0.0466,0.0046,0.0046,2026-04-15_135014_v1,2026-04-15_141537_v1
25,CHI,Kadyn Proctor,0.0056,0.001,-0.0046,0.0046,2026-04-15_135014_v1,2026-04-15_141537_v1
27,SF,Jeremiyah Love,0.0,0.0046,0.0046,0.0046,2026-04-15_135014_v1,2026-04-15_141537_v1
27,SF,Zion Young,0.0106,0.0152,0.0046,0.0046,2026-04-15_135014_v1,2026-04-15_141537_v1
6,CLE,Makai Lemon,0.0782,0.0828,0.004599999999999993,0.004599999999999993,2026-04-15_135014_v1,2026-04-15_141537_v1
8,NO,Carnell Tate,0.0724,0.068,-0.004400000000000001,0.004400000000000001,2026-04-15_135014_v1,2026-04-15_141537_v1
23,PHI,Olaivavega Ioane,0.005,0.0006,-0.0044,0.0044,2026-04-15_135014_v1,2026-04-15_141537_v1
26,BUF,Makai Lemon,0.003,0.0074,0.0044,0.0044,2026-04-15_135014_v1,2026-04-15_141537_v1
13,LAR,Kenyon Sadiq,0.0052,0.0096,0.004399999999999999,0.004399999999999999,2026-04-15_135014_v1,2026-04-15_141537_v1
16,NYJ,Ty Simpson,0.014,0.0184,0.004399999999999999,0.004399999999999999,2026-04-15_135014_v1,2026-04-15_141537_v1
28,HOU,Chase Bisontis,0.0046,0.009,0.004399999999999999,0.004399999999999999,2026-04-15_135014_v1,2026-04-15_141537_v1
24,CLE,T.J. Parker,0.0136,0.0178,0.004200000000000001,0.004200000000000001,2026-04-15_135014_v1,2026-04-15_141537_v1
26,BUF,Rueben Bain,0.0002,0.0044,0.004200000000000001,0.004200000000000001,2026-04-15_135014_v1,2026-04-15_141537_v1
30,MIA,Keldric Faulk,0.0108,0.0066,-0.004200000000000001,0.004200000000000001,2026-04-15_135014_v1,2026-04-15_141537_v1
24,CLE,Makai Lemon,0.005,0.0092,0.0042,0.0042,2026-04-15_135014_v1,2026-04-15_141537_v1
25,CHI,Olaivavega Ioane,0.0048,0.0006,-0.0042,0.0042,2026-04-15_135014_v1,2026-04-15_141537_v1
28,HOU,Sonny Styles,0.0,0.0042,0.0042,0.0042,2026-04-15_135014_v1,2026-04-15_141537_v1
32,SEA,Akheem Mesidor,0.0064,0.0106,0.0042,0.0042,2026-04-15_135014_v1,2026-04-15_141537_v1
32,SEA,Emmanuel McNeil-Warren,0.0046,0.0004,-0.0042,0.0042,2026-04-15_135014_v1,2026-04-15_141537_v1
32,SEA,Peter Woods,0.0048,0.0006,-0.0042,0.0042,2026-04-15_135014_v1,2026-04-15_141537_v1
32,SEA,C.J. Allen,0.0154,0.0196,0.004199999999999999,0.004199999999999999,2026-04-15_135014_v1,2026-04-15_141537_v1
7,WAS,Carnell Tate,0.1034,0.1076,0.004199999999999995,0.004199999999999995,2026-04-15_135014_v1,2026-04-15_141537_v1
8,NO,Makai Lemon,0.1164,0.1206,0.004199999999999995,0.004199999999999995,2026-04-15_135014_v1,2026-04-15_141537_v1
23,PHI,Omar Cooper Jr.,0.0998,0.1038,0.0040000000000000036,0.0040000000000000036,2026-04-15_135014_v1,2026-04-15_141537_v1
19,CAR,Caleb Lomu,0.013,0.017,0.004000000000000002,0.004000000000000002,2026-04-15_135014_v1,2026-04-15_141537_v1
17,DET,Dillon Thieneman,0.011,0.015,0.004,0.004,2026-04-15_135014_v1,2026-04-15_141537_v1
25,CHI,T.J. Parker,0.0086,0.0126,0.004,0.004,2026-04-15_135014_v1,2026-04-15_141537_v1
26,BUF,Jordyn Tyson,0.0054,0.0094,0.004,0.004,2026-04-15_135014_v1,2026-04-15_141537_v1
30,MIA,Caleb Downs,0.0002,0.0042,0.004,0.004,2026-04-15_135014_v1,2026-04-15_141537_v1
32,SEA,Keldric Faulk,0.0058,0.0098,0.004,0.004,2026-04-15_135014_v1,2026-04-15_141537_v1
32,SEA,Kenyon Sadiq,0.007,0.003,-0.004,0.004,2026-04-15_135014_v1,2026-04-15_141537_v1
32,SEA,Max Iheanachor,0.0082,0.0122,0.004,0.004,2026-04-15_135014_v1,2026-04-15_141537_v1
17,DET,Olaivavega Ioane,0.0056,0.0096,0.003999999999999999,0.003999999999999999,2026-04-15_135014_v1,2026-04-15_141537_v1
16,NYJ,Keldric Faulk,0.1116,0.1156,0.00399999999999999,0.00399999999999999,2026-04-15_135014_v1,2026-04-15_141537_v1
20,DAL,Kevin Concepcion,0.0084,0.0122,0.0038000000000000013,0.0038000000000000013,2026-04-15_135014_v1,2026-04-15_141537_v1
15,TB,Kadyn Proctor,0.0062,0.01,0.0038000000000000004,0.0038000000000000004,2026-04-15_135014_v1,2026-04-15_141537_v1
30,MIA,Peter Woods,0.008,0.0042,-0.0038000000000000004,0.0038000000000000004,2026-04-15_135014_v1,2026-04-15_141537_v1
12,DAL,David Bailey,0.0002,0.004,0.0038,0.0038,2026-04-15_135014_v1,2026-04-15_141537_v1
29,KC,Mansoor Delane,0.0002,0.004,0.0038,0.0038,2026-04-15_135014_v1,2026-04-15_141537_v1
23,PHI,Avieon Terrell,0.003,0.0068,0.0037999999999999996,0.0037999999999999996,2026-04-15_135014_v1,2026-04-15_141537_v1
11,MIA,Kenyon Sadiq,0.0202,0.0238,0.0036000000000000025,0.0036000000000000025,2026-04-15_135014_v1,2026-04-15_141537_v1
12,DAL,Kenyon Sadiq,0.0058,0.0094,0.0036000000000000008,0.0036000000000000008,2026-04-15_135014_v1,2026-04-15_141537_v1
26,BUF,Spencer Fano,0.0008,0.0044,0.0036000000000000003,0.0036000000000000003,2026-04-15_135014_v1,2026-04-15_141537_v1
6,CLE,Arvell Reese,0.0098,0.0062,-0.0036,0.0036,2026-04-15_135014_v1,2026-04-15_141537_v1
10,CIN,David Bailey,0.0,0.0036,0.0036,0.0036,2026-04-15_135014_v1,2026-04-15_141537_v1
14,BAL,Mansoor Delane,0.0038,0.0002,-0.0036,0.0036,2026-04-15_135014_v1,2026-04-15_141537_v1
19,CAR,Jermod McCoy,0.0062,0.0026,-0.0036,0.0036,2026-04-15_135014_v1,2026-04-15_141537_v1
23,PHI,Rueben Bain,0.0002,0.0038,0.0036,0.0036,2026-04-15_135014_v1,2026-04-15_141537_v1
19,CAR,Kadyn Proctor,0.045,0.0414,-0.003599999999999999,0.003599999999999999,2026-04-15_135014_v1,2026-04-15_141537_v1
28,HOU,Avieon Terrell,0.027,0.0234,-0.003599999999999999,0.003599999999999999,2026-04-15_135014_v1,2026-04-15_141537_v1
25,CHI,Peter Woods,0.3486,0.3522,0.003599999999999992,0.003599999999999992,2026-04-15_135014_v1,2026-04-15_141537_v1
21,PIT,Makai Lemon,0.0082,0.0048,-0.003400000000000001,0.003400000000000001,2026-04-15_135014_v1,2026-04-15_141537_v1
9,KC,Jordyn Tyson,0.0228,0.0262,0.0034000000000000002,0.0034000000000000002,2026-04-15_135014_v1,2026-04-15_141537_v1
11,MIA,Spencer Fano,0.019,0.0224,0.0034000000000000002,0.0034000000000000002,2026-04-15_135014_v1,2026-04-15_141537_v1
18,MIN,Mansoor Delane,0.0122,0.0088,-0.0034000000000000002,0.0034000000000000002,2026-04-15_135014_v1,2026-04-15_141537_v1
19,CAR,Caleb Downs,0.0046,0.0012,-0.0034000000000000002,0.0034000000000000002,2026-04-15_135014_v1,2026-04-15_141537_v1
26,BUF,C.J. Allen,0.006,0.0094,0.0034000000000000002,0.0034000000000000002,2026-04-15_135014_v1,2026-04-15_141537_v1
26,BUF,Malachi Lawrence,0.003,0.0064,0.0034000000000000002,0.0034000000000000002,2026-04-15_135014_v1,2026-04-15_141537_v1
30,MIA,Jordyn Tyson,0.0012,0.0046,0.0034000000000000002,0.0034000000000000002,2026-04-15_135014_v1,2026-04-15_141537_v1
32,SEA,Kevin Concepcion,0.005,0.0016,-0.0034000000000000002,0.0034000000000000002,2026-04-15_135014_v1,2026-04-15_141537_v1
10,CIN,Kenyon Sadiq,0.0034,0.0068,0.0034,0.0034,2026-04-15_135014_v1,2026-04-15_141537_v1
26,BUF,Sonny Styles,0.0002,0.0036,0.0034,0.0034,2026-04-15_135014_v1,2026-04-15_141537_v1
29,KC,Jeremiyah Love,0.0,0.0034,0.0034,0.0034,2026-04-15_135014_v1,2026-04-15_141537_v1
31,NE,Jeremiyah Love,0.0,0.0034,0.0034,0.0034,2026-04-15_135014_v1,2026-04-15_141537_v1
11,MIA,Monroe Freeling,0.0128,0.0162,0.0033999999999999985,0.0033999999999999985,2026-04-15_135014_v1,2026-04-15_141537_v1
9,KC,Makai Lemon,0.0494,0.0526,0.0032000000000000015,0.0032000000000000015,2026-04-15_135014_v1,2026-04-15_141537_v1
16,NYJ,Kenyon Sadiq,0.0206,0.0174,-0.0032000000000000015,0.0032000000000000015,2026-04-15_135014_v1,2026-04-15_141537_v1
30,MIA,Blake Miller,0.0056,0.0024,-0.0032,0.0032,2026-04-15_135014_v1,2026-04-15_141537_v1
31,NE,Ty Simpson,0.0038,0.007,0.0032,0.0032,2026-04-15_135014_v1,2026-04-15_141537_v1
32,SEA,Mansoor Delane,0.0,0.0032,0.0032,0.0032,2026-04-15_135014_v1,2026-04-15_141537_v1
10,CIN,Carnell Tate,0.0062,0.003,-0.0031999999999999997,0.0031999999999999997,2026-04-15_135014_v1,2026-04-15_141537_v1
12,DAL,Olaivavega Ioane,0.0088,0.012,0.0031999999999999997,0.0031999999999999997,2026-04-15_135014_v1,2026-04-15_141537_v1
25,CHI,Spencer Fano,0.001,0.0042,0.0031999999999999997,0.0031999999999999997,2026-04-15_135014_v1,2026-04-15_141537_v1
29,KC,C.J. Allen,0.0082,0.0114,0.0031999999999999997,0.0031999999999999997,2026-04-15_135014_v1,2026-04-15_141537_v1
16,NYJ,Jeremiyah Love,0.0204,0.0236,0.003199999999999998,0.003199999999999998,2026-04-15_135014_v1,2026-04-15_141537_v1
19,CAR,Sonny Styles,0.0014,0.0044,0.003,0.003,2026-04-15_135014_v1,2026-04-15_141537_v1
28,HOU,Emmanuel Pregnon,0.0062,0.0092,0.003,0.003,2026-04-15_135014_v1,2026-04-15_141537_v1
29,KC,Kenyon Sadiq,0.0066,0.0036,-0.003,0.003,2026-04-15_135014_v1,2026-04-15_141537_v1
31,NE,Sonny Styles,0.0002,0.0032,0.003,0.003,2026-04-15_135014_v1,2026-04-15_141537_v1
7,WAS,Mansoor Delane,0.0138,0.0168,0.002999999999999999,0.002999999999999999,2026-04-15_135014_v1,2026-04-15_141537_v1
16,NYJ,Dillon Thieneman,0.0204,0.0234,0.002999999999999999,0.002999999999999999,2026-04-15_135014_v1,2026-04-15_141537_v1
20,DAL,Omar Cooper Jr.,0.0288,0.0258,-0.002999999999999999,0.002999999999999999,2026-04-15_135014_v1,2026-04-15_141537_v1
25,CHI,Blake Miller,0.0158,0.013,-0.002800000000000002,0.002800000000000002,2026-04-15_135014_v1,2026-04-15_141537_v1
10,CIN,Jermod McCoy,0.0116,0.0144,0.0028000000000000004,0.0028000000000000004,2026-04-15_135014_v1,2026-04-15_141537_v1
12,DAL,Makai Lemon,0.0148,0.0176,0.0028000000000000004,0.0028000000000000004,2026-04-15_135014_v1,2026-04-15_141537_v1
14,BAL,Akheem Mesidor,0.0132,0.016,0.0028000000000000004,0.0028000000000000004,2026-04-15_135014_v1,2026-04-15_141537_v1
15,TB,Sonny Styles,0.0036,0.0064,0.0028000000000000004,0.0028000000000000004,2026-04-15_135014_v1,2026-04-15_141537_v1
25,CHI,Denzel Boston,0.0146,0.0118,-0.0028000000000000004,0.0028000000000000004,2026-04-15_135014_v1,2026-04-15_141537_v1
27,SF,C.J. Allen,0.0016,0.0044,0.0028000000000000004,0.0028000000000000004,2026-04-15_135014_v1,2026-04-15_141537_v1
19,CAR,Carnell Tate,0.0002,0.003,0.0028,0.0028,2026-04-15_135014_v1,2026-04-15_141537_v1
25,CHI,Keldric Faulk,0.0034,0.0006,-0.0028,0.0028,2026-04-15_135014_v1,2026-04-15_141537_v1
26,BUF,Caleb Downs,0.0006,0.0034,0.0028,0.0028,2026-04-15_135014_v1,2026-04-15_141537_v1
27,SF,Makai Lemon,0.001,0.0038,0.0028,0.0028,2026-04-15_135014_v1,2026-04-15_141537_v1
30,MIA,Spencer Fano,0.0004,0.0032,0.0028,0.0028,2026-04-15_135014_v1,2026-04-15_141537_v1
18,MIN,Jordyn Tyson,0.0048,0.002,-0.0027999999999999995,0.0027999999999999995,2026-04-15_135014_v1,2026-04-15_141537_v1
28,HOU,Colton Hood,0.0044,0.0072,0.0027999999999999995,0.0027999999999999995,2026-04-15_135014_v1,2026-04-15_141537_v1
5,NYG,Francis Mauigoa,0.1446,0.1474,0.002799999999999997,0.002799999999999997,2026-04-15_135014_v1,2026-04-15_141537_v1
32,SEA,Emmanuel Pregnon,0.0096,0.0122,0.0026000000000000016,0.0026000000000000016,2026-04-15_135014_v1,2026-04-15_141537_v1
13,LAR,Mansoor Delane,0.0032,0.0006,-0.0026000000000000003,0.0026000000000000003,2026-04-15_135014_v1,2026-04-15_141537_v1
30,MIA,Caleb Banks,0.0038,0.0064,0.0026000000000000003,0.0026000000000000003,2026-04-15_135014_v1,2026-04-15_141537_v1
9,KC,Keldric Faulk,0.014,0.0166,0.0026,0.0026,2026-04-15_135014_v1,2026-04-15_141537_v1
11,MIA,Keldric Faulk,0.0072,0.0098,0.0026,0.0026,2026-04-15_135014_v1,2026-04-15_141537_v1
14,BAL,Dillon Thieneman,0.0094,0.012,0.0026,0.0026,2026-04-15_135014_v1,2026-04-15_141537_v1
14,BAL,Keldric Faulk,0.0136,0.0162,0.0026,0.0026,2026-04-15_135014_v1,2026-04-15_141537_v1
16,NYJ,Rueben Bain,0.0106,0.0132,0.0026,0.0026,2026-04-15_135014_v1,2026-04-15_141537_v1
25,CHI,Monroe Freeling,0.0016,0.0042,0.0026,0.0026,2026-04-15_135014_v1,2026-04-15_141537_v1
28,HOU,Akheem Mesidor,0.004,0.0014,-0.0026,0.0026,2026-04-15_135014_v1,2026-04-15_141537_v1
28,HOU,Cashius Howell,0.0106,0.0132,0.0026,0.0026,2026-04-15_135014_v1,2026-04-15_141537_v1
28,HOU,Kevin Concepcion,0.01,0.0074,-0.0026,0.0026,2026-04-15_135014_v1,2026-04-15_141537_v1
31,NE,Jordyn Tyson,0.0004,0.003,0.0026,0.0026,2026-04-15_135014_v1,2026-04-15_141537_v1
32,SEA,Ty Simpson,0.0046,0.0072,0.0026,0.0026,2026-04-15_135014_v1,2026-04-15_141537_v1
6,CLE,Spencer Fano,0.07,0.0726,0.002599999999999991,0.002599999999999991,2026-04-15_135014_v1,2026-04-15_141537_v1
24,CLE,Caleb Lomu,0.22,0.2174,-0.002599999999999991,0.002599999999999991,2026-04-15_135014_v1,2026-04-15_141537_v1
6,CLE,Monroe Freeling,0.1286,0.131,0.0024000000000000132,0.0024000000000000132,2026-04-15_135014_v1,2026-04-15_141537_v1
31,NE,Akheem Mesidor,0.013,0.0154,0.002400000000000001,0.002400000000000001,2026-04-15_135014_v1,2026-04-15_141537_v1
13,LAR,Rueben Bain,0.0038,0.0014,-0.0024000000000000002,0.0024000000000000002,2026-04-15_135014_v1,2026-04-15_141537_v1
21,PIT,Mansoor Delane,0.0016,0.004,0.0024000000000000002,0.0024000000000000002,2026-04-15_135014_v1,2026-04-15_141537_v1
22,LAC,Zion Young,0.0048,0.0072,0.0024000000000000002,0.0024000000000000002,2026-04-15_135014_v1,2026-04-15_141537_v1
24,CLE,Chase Bisontis,0.0012,0.0036,0.0024000000000000002,0.0024000000000000002,2026-04-15_135014_v1,2026-04-15_141537_v1
26,BUF,Kadyn Proctor,0.004,0.0016,-0.0024000000000000002,0.0024000000000000002,2026-04-15_135014_v1,2026-04-15_141537_v1
27,SF,Chase Bisontis,0.003,0.0054,0.0024000000000000002,0.0024000000000000002,2026-04-15_135014_v1,2026-04-15_141537_v1
31,NE,Chris Johnson,0.0068,0.0092,0.0024000000000000002,0.0024000000000000002,2026-04-15_135014_v1,2026-04-15_141537_v1
18,MIN,Makai Lemon,0.0026,0.0002,-0.0024,0.0024,2026-04-15_135014_v1,2026-04-15_141537_v1
24,CLE,Francis Mauigoa,0.0,0.0024,0.0024,0.0024,2026-04-15_135014_v1,2026-04-15_141537_v1
25,CHI,Sonny Styles,0.0,0.0024,0.0024,0.0024,2026-04-15_135014_v1,2026-04-15_141537_v1
13,LAR,Kadyn Proctor,0.037,0.0394,0.0023999999999999994,0.0023999999999999994,2026-04-15_135014_v1,2026-04-15_141537_v1
19,CAR,Dillon Thieneman,0.0092,0.0116,0.0023999999999999994,0.0023999999999999994,2026-04-15_135014_v1,2026-04-15_141537_v1
29,KC,Kadyn Proctor,0.0088,0.0112,0.0023999999999999994,0.0023999999999999994,2026-04-15_135014_v1,2026-04-15_141537_v1
32,SEA,Kayden McDonald,0.0098,0.0074,-0.0023999999999999994,0.0023999999999999994,2026-04-15_135014_v1,2026-04-15_141537_v1
17,DET,Keldric Faulk,0.0142,0.0164,0.0022000000000000006,0.0022000000000000006,2026-04-15_135014_v1,2026-04-15_141537_v1
18,MIN,Kadyn Proctor,0.0138,0.0116,-0.0022000000000000006,0.0022000000000000006,2026-04-15_135014_v1,2026-04-15_141537_v1
23,PHI,Cashius Howell,0.0168,0.019,0.0022000000000000006,0.0022000000000000006,2026-04-15_135014_v1,2026-04-15_141537_v1
24,CLE,Kayden McDonald,0.0078,0.01,0.0022000000000000006,0.0022000000000000006,2026-04-15_135014_v1,2026-04-15_141537_v1
30,MIA,Brandon Cisse,0.0048,0.007,0.0022000000000000006,0.0022000000000000006,2026-04-15_135014_v1,2026-04-15_141537_v1
10,CIN,Keldric Faulk,0.001,0.0032,0.0022,0.0022,2026-04-15_135014_v1,2026-04-15_141537_v1
29,KC,Jordyn Tyson,0.0008,0.003,0.0022,0.0022,2026-04-15_135014_v1,2026-04-15_141537_v1
12,DAL,Emmanuel McNeil-Warren,0.0076,0.0098,0.0021999999999999997,0.0021999999999999997,2026-04-15_135014_v1,2026-04-15_141537_v1
14,BAL,Carnell Tate,0.0064,0.0086,0.0021999999999999997,0.0021999999999999997,2026-04-15_135014_v1,2026-04-15_141537_v1
18,MIN,Sonny Styles,0.0012,0.0034,0.0021999999999999997,0.0021999999999999997,2026-04-15_135014_v1,2026-04-15_141537_v1
23,PHI,Caleb Downs,0.0026,0.0048,0.0021999999999999997,0.0021999999999999997,2026-04-15_135014_v1,2026-04-15_141537_v1
24,CLE,Sonny Styles,0.0002,0.0024,0.0021999999999999997,0.0021999999999999997,2026-04-15_135014_v1,2026-04-15_141537_v1
30,MIA,Sonny Styles,0.0002,0.0024,0.0021999999999999997,0.0021999999999999997,2026-04-15_135014_v1,2026-04-15_141537_v1
18,MIN,Dillon Thieneman,0.4352,0.433,-0.0021999999999999797,0.0021999999999999797,2026-04-15_135014_v1,2026-04-15_141537_v1
20,DAL,Caleb Downs,0.02,0.018,-0.0020000000000000018,0.0020000000000000018,2026-04-15_135014_v1,2026-04-15_141537_v1
7,WAS,Jermod McCoy,0.0036,0.0056,0.002,0.002,2026-04-15_135014_v1,2026-04-15_141537_v1
13,LAR,Jermod McCoy,0.0062,0.0042,-0.002,0.002,2026-04-15_135014_v1,2026-04-15_141537_v1
15,TB,David Bailey,0.0,0.002,0.002,0.002,2026-04-15_135014_v1,2026-04-15_141537_v1
15,TB,Jeremiyah Love,0.0122,0.0102,-0.002,0.002,2026-04-15_135014_v1,2026-04-15_141537_v1
18,MIN,Francis Mauigoa,0.001,0.003,0.002,0.002,2026-04-15_135014_v1,2026-04-15_141537_v1
18,MIN,Omar Cooper Jr.,0.008,0.01,0.002,0.002,2026-04-15_135014_v1,2026-04-15_141537_v1
20,DAL,Makai Lemon,0.0034,0.0014,-0.002,0.002,2026-04-15_135014_v1,2026-04-15_141537_v1
21,PIT,Dillon Thieneman,0.0032,0.0012,-0.002,0.002,2026-04-15_135014_v1,2026-04-15_141537_v1
31,NE,Emmanuel McNeil-Warren,0.003,0.001,-0.002,0.002,2026-04-15_135014_v1,2026-04-15_141537_v1
31,NE,Makai Lemon,0.0,0.002,0.002,0.002,2026-04-15_135014_v1,2026-04-15_141537_v1
32,SEA,Caleb Lomu,0.0032,0.0012,-0.002,0.002,2026-04-15_135014_v1,2026-04-15_141537_v1
15,TB,Emmanuel McNeil-Warren,0.0038,0.0058,0.0019999999999999996,0.0019999999999999996,2026-04-15_135014_v1,2026-04-15_141537_v1
16,NYJ,T.J. Parker,0.0032,0.0052,0.0019999999999999996,0.0019999999999999996,2026-04-15_135014_v1,2026-04-15_141537_v1
30,MIA,Malachi Lawrence,0.0028,0.0048,0.0019999999999999996,0.0019999999999999996,2026-04-15_135014_v1,2026-04-15_141537_v1
30,MIA,Mansoor Delane,0.0004,0.0024,0.0019999999999999996,0.0019999999999999996,2026-04-15_135014_v1,2026-04-15_141537_v1
7,WAS,Arvell Reese,0.0204,0.0224,0.0019999999999999983,0.0019999999999999983,2026-04-15_135014_v1,2026-04-15_141537_v1
24,CLE,Avieon Terrell,0.0164,0.0184,0.0019999999999999983,0.0019999999999999983,2026-04-15_135014_v1,2026-04-15_141537_v1
6,CLE,Mansoor Delane,0.0146,0.0164,0.0018000000000000013,0.0018000000000000013,2026-04-15_135014_v1,2026-04-15_141537_v1
30,MIA,Dillon Thieneman,0.0148,0.013,-0.0018000000000000013,0.0018000000000000013,2026-04-15_135014_v1,2026-04-15_141537_v1
12,DAL,Carnell Tate,0.0026,0.0008,-0.0018,0.0018,2026-04-15_135014_v1,2026-04-15_141537_v1
17,DET,Sonny Styles,0.0024,0.0042,0.0018,0.0018,2026-04-15_135014_v1,2026-04-15_141537_v1
21,PIT,Carnell Tate,0.0,0.0018,0.0018,0.0018,2026-04-15_135014_v1,2026-04-15_141537_v1
23,PHI,Peter Woods,0.0024,0.0042,0.0018,0.0018,2026-04-15_135014_v1,2026-04-15_141537_v1
24,CLE,Caleb Downs,0.001,0.0028,0.0018,0.0018,2026-04-15_135014_v1,2026-04-15_141537_v1
30,MIA,Jeremiyah Love,0.0,0.0018,0.0018,0.0018,2026-04-15_135014_v1,2026-04-15_141537_v1
32,SEA,Caleb Banks,0.0032,0.005,0.0018,0.0018,2026-04-15_135014_v1,2026-04-15_141537_v1
32,SEA,Spencer Fano,0.0,0.0018,0.0018,0.0018,2026-04-15_135014_v1,2026-04-15_141537_v1
13,LAR,Dillon Thieneman,0.0078,0.006,-0.0017999999999999995,0.0017999999999999995,2026-04-15_135014_v1,2026-04-15_141537_v1
14,BAL,Jermod McCoy,0.0126,0.0108,-0.0017999999999999995,0.0017999999999999995,2026-04-15_135014_v1,2026-04-15_141537_v1
17,DET,Omar Cooper Jr.,0.0078,0.0096,0.0017999999999999995,0.0017999999999999995,2026-04-15_135014_v1,2026-04-15_141537_v1
19,CAR,T.J. Parker,0.0126,0.0144,0.0017999999999999995,0.0017999999999999995,2026-04-15_135014_v1,2026-04-15_141537_v1
21,PIT,Ty Simpson,0.0086,0.0104,0.0017999999999999995,0.0017999999999999995,2026-04-15_135014_v1,2026-04-15_141537_v1
25,CHI,Caleb Lomu,0.01,0.0082,-0.0017999999999999995,0.0017999999999999995,2026-04-15_135014_v1,2026-04-15_141537_v1
28,HOU,Denzel Boston,0.0142,0.016,0.0017999999999999995,0.0017999999999999995,2026-04-15_135014_v1,2026-04-15_141537_v1
16,NYJ,Avieon Terrell,0.0156,0.0172,0.0016000000000000007,0.0016000000000000007,2026-04-15_135014_v1,2026-04-15_141537_v1
17,DET,Kevin Concepcion,0.0006,0.0022,0.0016000000000000003,0.0016000000000000003,2026-04-15_135014_v1,2026-04-15_141537_v1
22,LAC,Spencer Fano,0.004,0.0024,-0.0016000000000000003,0.0016000000000000003,2026-04-15_135014_v1,2026-04-15_141537_v1
31,NE,Olaivavega Ioane,0.0006,0.0022,0.0016000000000000003,0.0016000000000000003,2026-04-15_135014_v1,2026-04-15_141537_v1
26,BUF,Caleb Banks,0.0016,0.0032,0.0016,0.0016,2026-04-15_135014_v1,2026-04-15_141537_v1
27,SF,Francis Mauigoa,0.0,0.0016,0.0016,0.0016,2026-04-15_135014_v1,2026-04-15_141537_v1
15,TB,Jordyn Tyson,0.006,0.0044,-0.0015999999999999999,0.0015999999999999999,2026-04-15_135014_v1,2026-04-15_141537_v1
22,LAC,Avieon Terrell,0.005,0.0066,0.0015999999999999999,0.0015999999999999999,2026-04-15_135014_v1,2026-04-15_141537_v1
22,LAC,Monroe Freeling,0.0046,0.003,-0.0015999999999999999,0.0015999999999999999,2026-04-15_135014_v1,2026-04-15_141537_v1
26,BUF,Caleb Lomu,0.0084,0.0068,-0.0015999999999999999,0.0015999999999999999,2026-04-15_135014_v1,2026-04-15_141537_v1
30,MIA,Max Iheanachor,0.0052,0.0068,0.0015999999999999999,0.0015999999999999999,2026-04-15_135014_v1,2026-04-15_141537_v1
30,MIA,R Mason Thomas,0.0036,0.0052,0.0015999999999999999,0.0015999999999999999,2026-04-15_135014_v1,2026-04-15_141537_v1
32,SEA,Denzel Boston,0.006,0.0044,-0.0015999999999999999,0.0015999999999999999,2026-04-15_135014_v1,2026-04-15_141537_v1
17,DET,Emmanuel McNeil-Warren,0.0032,0.0048,0.0015999999999999994,0.0015999999999999994,2026-04-15_135014_v1,2026-04-15_141537_v1
13,LAR,Francis Mauigoa,0.0468,0.0484,0.0015999999999999973,0.0015999999999999973,2026-04-15_135014_v1,2026-04-15_141537_v1
26,BUF,Peter Woods,0.057,0.0586,0.0015999999999999973,0.0015999999999999973,2026-04-15_135014_v1,2026-04-15_141537_v1
22,LAC,Akheem Mesidor,0.1252,0.1238,-0.0014000000000000123,0.0014000000000000123,2026-04-15_135014_v1,2026-04-15_141537_v1
24,CLE,Kevin Concepcion,0.191,0.1896,-0.0014000000000000123,0.0014000000000000123,2026-04-15_135014_v1,2026-04-15_141537_v1
5,NYG,Spencer Fano,0.019,0.0204,0.001400000000000002,0.001400000000000002,2026-04-15_135014_v1,2026-04-15_141537_v1
6,CLE,Rueben Bain,0.0272,0.0286,0.001400000000000002,0.001400000000000002,2026-04-15_135014_v1,2026-04-15_141537_v1
12,DAL,Kadyn Proctor,0.005,0.0064,0.0014000000000000002,0.0014000000000000002,2026-04-15_135014_v1,2026-04-15_141537_v1
22,LAC,Caleb Downs,0.0086,0.01,0.0014000000000000002,0.0014000000000000002,2026-04-15_135014_v1,2026-04-15_141537_v1
24,CLE,Jordyn Tyson,0.0112,0.0126,0.0014000000000000002,0.0014000000000000002,2026-04-15_135014_v1,2026-04-15_141537_v1
29,KC,Malachi Lawrence,0.0036,0.005,0.0014000000000000002,0.0014000000000000002,2026-04-15_135014_v1,2026-04-15_141537_v1
11,MIA,Arvell Reese,0.0,0.0014,0.0014,0.0014,2026-04-15_135014_v1,2026-04-15_141537_v1
22,LAC,Francis Mauigoa,0.0,0.0014,0.0014,0.0014,2026-04-15_135014_v1,2026-04-15_141537_v1
24,CLE,Carnell Tate,0.0,0.0014,0.0014,0.0014,2026-04-15_135014_v1,2026-04-15_141537_v1
27,SF,Sonny Styles,0.0,0.0014,0.0014,0.0014,2026-04-15_135014_v1,2026-04-15_141537_v1
29,KC,Makai Lemon,0.0002,0.0016,0.0014,0.0014,2026-04-15_135014_v1,2026-04-15_141537_v1
29,KC,Rueben Bain,0.0,0.0014,0.0014,0.0014,2026-04-15_135014_v1,2026-04-15_141537_v1
29,KC,Sonny Styles,0.0002,0.0016,0.0014,0.0014,2026-04-15_135014_v1,2026-04-15_141537_v1
30,MIA,Monroe Freeling,0.0,0.0014,0.0014,0.0014,2026-04-15_135014_v1,2026-04-15_141537_v1
31,NE,Dillon Thieneman,0.0028,0.0014,-0.0014,0.0014,2026-04-15_135014_v1,2026-04-15_141537_v1
17,DET,Makai Lemon,0.0024,0.001,-0.0013999999999999998,0.0013999999999999998,2026-04-15_135014_v1,2026-04-15_141537_v1
18,MIN,Caleb Lomu,0.0044,0.0058,0.0013999999999999993,0.0013999999999999993,2026-04-15_135014_v1,2026-04-15_141537_v1
6,CLE,Jeremiyah Love,0.042,0.0434,0.0013999999999999985,0.0013999999999999985,2026-04-15_135014_v1,2026-04-15_141537_v1
11,MIA,Dillon Thieneman,0.0188,0.0202,0.0013999999999999985,0.0013999999999999985,2026-04-15_135014_v1,2026-04-15_141537_v1
20,DAL,Blake Miller,0.0186,0.0198,0.0012000000000000031,0.0012000000000000031,2026-04-15_135014_v1,2026-04-15_141537_v1
11,MIA,Akheem Mesidor,0.0068,0.008,0.0012000000000000005,0.0012000000000000005,2026-04-15_135014_v1,2026-04-15_141537_v1
15,TB,Makai Lemon,0.0048,0.006,0.0012000000000000005,0.0012000000000000005,2026-04-15_135014_v1,2026-04-15_141537_v1
16,NYJ,Emmanuel McNeil-Warren,0.0048,0.006,0.0012000000000000005,0.0012000000000000005,2026-04-15_135014_v1,2026-04-15_141537_v1
22,LAC,Caleb Banks,0.0042,0.0054,0.0012000000000000005,0.0012000000000000005,2026-04-15_135014_v1,2026-04-15_141537_v1
25,CHI,Cashius Howell,0.0048,0.006,0.0012000000000000005,0.0012000000000000005,2026-04-15_135014_v1,2026-04-15_141537_v1
32,SEA,R Mason Thomas,0.0068,0.008,0.0012000000000000005,0.0012000000000000005,2026-04-15_135014_v1,2026-04-15_141537_v1
21,PIT,Caleb Downs,0.002,0.0008,-0.0012000000000000001,0.0012000000000000001,2026-04-15_135014_v1,2026-04-15_141537_v1
22,LAC,Sonny Styles,0.0004,0.0016,0.0012000000000000001,0.0012000000000000001,2026-04-15_135014_v1,2026-04-15_141537_v1
28,HOU,Dillon Thieneman,0.0036,0.0024,-0.0012000000000000001,0.0012000000000000001,2026-04-15_135014_v1,2026-04-15_141537_v1
32,SEA,Dillon Thieneman,0.0022,0.001,-0.0012000000000000001,0.0012000000000000001,2026-04-15_135014_v1,2026-04-15_141537_v1
32,SEA,Omar Cooper Jr.,0.0022,0.001,-0.0012000000000000001,0.0012000000000000001,2026-04-15_135014_v1,2026-04-15_141537_v1
13,LAR,Arvell Reese,0.0,0.0012,0.0012,0.0012,2026-04-15_135014_v1,2026-04-15_141537_v1
14,BAL,Blake Miller,0.0012,0.0024,0.0012,0.0012,2026-04-15_135014_v1,2026-04-15_141537_v1
17,DET,Mansoor Delane,0.0012,0.0,-0.0012,0.0012,2026-04-15_135014_v1,2026-04-15_141537_v1
22,LAC,Carnell Tate,0.0002,0.0014,0.0012,0.0012,2026-04-15_135014_v1,2026-04-15_141537_v1
23,PHI,Carnell Tate,0.0,0.0012,0.0012,0.0012,2026-04-15_135014_v1,2026-04-15_141537_v1
26,BUF,Carnell Tate,0.0,0.0012,0.0012,0.0012,2026-04-15_135014_v1,2026-04-15_141537_v1
27,SF,Rueben Bain,0.0,0.0012,0.0012,0.0012,2026-04-15_135014_v1,2026-04-15_141537_v1
28,HOU,Keldric Faulk,0.0026,0.0014,-0.0012,0.0012,2026-04-15_135014_v1,2026-04-15_141537_v1
32,SEA,Sonny Styles,0.0,0.0012,0.0012,0.0012,2026-04-15_135014_v1,2026-04-15_141537_v1
9,KC,Kadyn Proctor,0.0054,0.0066,0.0011999999999999997,0.0011999999999999997,2026-04-15_135014_v1,2026-04-15_141537_v1
10,CIN,Rueben Bain,0.0174,0.0186,0.0011999999999999997,0.0011999999999999997,2026-04-15_135014_v1,2026-04-15_141537_v1
18,MIN,Kenyon Sadiq,0.0126,0.0114,-0.0011999999999999997,0.0011999999999999997,2026-04-15_135014_v1,2026-04-15_141537_v1
19,CAR,Kayden McDonald,0.0044,0.0056,0.0011999999999999997,0.0011999999999999997,2026-04-15_135014_v1,2026-04-15_141537_v1
28,HOU,T.J. Parker,0.0192,0.018,-0.0011999999999999997,0.0011999999999999997,2026-04-15_135014_v1,2026-04-15_141537_v1
32,SEA,Blake Miller,0.0034,0.0022,-0.0011999999999999997,0.0011999999999999997,2026-04-15_135014_v1,2026-04-15_141537_v1
5,NYG,Monroe Freeling,0.0138,0.0148,0.0010000000000000009,0.0010000000000000009,2026-04-15_135014_v1,2026-04-15_141537_v1
6,CLE,Francis Mauigoa,0.1992,0.2002,0.0010000000000000009,0.0010000000000000009,2026-04-15_135014_v1,2026-04-15_141537_v1
13,LAR,Blake Miller,0.0084,0.0094,0.0010000000000000009,0.0010000000000000009,2026-04-15_135014_v1,2026-04-15_141537_v1
17,DET,Akheem Mesidor,0.0166,0.0176,0.0010000000000000009,0.0010000000000000009,2026-04-15_135014_v1,2026-04-15_141537_v1
17,DET,Jeremiyah Love,0.013,0.014,0.0010000000000000009,0.0010000000000000009,2026-04-15_135014_v1,2026-04-15_141537_v1
18,MIN,Keldric Faulk,0.0098,0.0108,0.0010000000000000009,0.0010000000000000009,2026-04-15_135014_v1,2026-04-15_141537_v1
27,SF,Emmanuel Pregnon,0.0034,0.0044,0.0010000000000000005,0.0010000000000000005,2026-04-15_135014_v1,2026-04-15_141537_v1
30,MIA,Kadyn Proctor,0.0012,0.0022,0.0010000000000000002,0.0010000000000000002,2026-04-15_135014_v1,2026-04-15_141537_v1
15,TB,Francis Mauigoa,0.0056,0.0066,0.001,0.001,2026-04-15_135014_v1,2026-04-15_141537_v1
17,DET,Jermod McCoy,0.0018,0.0008,-0.001,0.001,2026-04-15_135014_v1,2026-04-15_141537_v1
24,CLE,Colton Hood,0.0018,0.0028,0.001,0.001,2026-04-15_135014_v1,2026-04-15_141537_v1
25,CHI,Colton Hood,0.0036,0.0046,0.001,0.001,2026-04-15_135014_v1,2026-04-15_141537_v1
26,BUF,Monroe Freeling,0.002,0.003,0.001,0.001,2026-04-15_135014_v1,2026-04-15_141537_v1
28,HOU,Francis Mauigoa,0.0,0.001,0.001,0.001,2026-04-15_135014_v1,2026-04-15_141537_v1
28,HOU,Jadarian Price,0.0026,0.0036,0.001,0.001,2026-04-15_135014_v1,2026-04-15_141537_v1
28,HOU,Mansoor Delane,0.0,0.001,0.001,0.001,2026-04-15_135014_v1,2026-04-15_141537_v1
30,MIA,Rueben Bain,0.0,0.001,0.001,0.001,2026-04-15_135014_v1,2026-04-15_141537_v1
31,NE,Anthony Hill Jr.,0.0004,0.0014,0.001,0.001,2026-04-15_135014_v1,2026-04-15_141537_v1
32,SEA,Monroe Freeling,0.0,0.001,0.001,0.001,2026-04-15_135014_v1,2026-04-15_141537_v1
9,KC,Arvell Reese,0.0016,0.0026,0.0009999999999999998,0.0009999999999999998,2026-04-15_135014_v1,2026-04-15_141537_v1
25,CHI,Chris Johnson,0.0002,0.0012,0.0009999999999999998,0.0009999999999999998,2026-04-15_135014_v1,2026-04-15_141537_v1
8,NO,Monroe Freeling,0.0088,0.0098,0.0009999999999999992,0.0009999999999999992,2026-04-15_135014_v1,2026-04-15_141537_v1
21,PIT,Denzel Boston,0.0088,0.0098,0.0009999999999999992,0.0009999999999999992,2026-04-15_135014_v1,2026-04-15_141537_v1
6,CLE,Carnell Tate,0.337,0.3362,-0.0008000000000000229,0.0008000000000000229,2026-04-15_135014_v1,2026-04-15_141537_v1
13,LAR,Jordyn Tyson,0.2562,0.257,0.0008000000000000229,0.0008000000000000229,2026-04-15_135014_v1,2026-04-15_141537_v1
8,NO,Sonny Styles,0.0378,0.0386,0.0008000000000000021,0.0008000000000000021,2026-04-15_135014_v1,2026-04-15_141537_v1
20,DAL,Kayden McDonald,0.021,0.0202,-0.0008000000000000021,0.0008000000000000021,2026-04-15_135014_v1,2026-04-15_141537_v1
8,NO,Arvell Reese,0.0048,0.0056,0.0008000000000000004,0.0008000000000000004,2026-04-15_135014_v1,2026-04-15_141537_v1
8,NO,Spencer Fano,0.0086,0.0094,0.0008000000000000004,0.0008000000000000004,2026-04-15_135014_v1,2026-04-15_141537_v1
13,LAR,Keldric Faulk,0.0036,0.0044,0.0008000000000000004,0.0008000000000000004,2026-04-15_135014_v1,2026-04-15_141537_v1
21,PIT,Max Iheanachor,0.0036,0.0044,0.0008000000000000004,0.0008000000000000004,2026-04-15_135014_v1,2026-04-15_141537_v1
22,LAC,Caleb Lomu,0.0068,0.0076,0.0008000000000000004,0.0008000000000000004,2026-04-15_135014_v1,2026-04-15_141537_v1
23,PHI,Makai Lemon,0.0056,0.0064,0.0008000000000000004,0.0008000000000000004,2026-04-15_135014_v1,2026-04-15_141537_v1
27,SF,Kayden McDonald,0.0064,0.0056,-0.0008000000000000004,0.0008000000000000004,2026-04-15_135014_v1,2026-04-15_141537_v1
28,HOU,Ty Simpson,0.0032,0.0024,-0.0008000000000000004,0.0008000000000000004,2026-04-15_135014_v1,2026-04-15_141537_v1
29,KC,Kayden McDonald,0.0082,0.0074,-0.0008000000000000004,0.0008000000000000004,2026-04-15_135014_v1,2026-04-15_141537_v1
29,KC,Peter Woods,0.0042,0.005,0.0008000000000000004,0.0008000000000000004,2026-04-15_135014_v1,2026-04-15_141537_v1
28,HOU,Chris Johnson,0.0014,0.0022,0.0008000000000000001,0.0008000000000000001,2026-04-15_135014_v1,2026-04-15_141537_v1
14,BAL,David Bailey,0.0,0.0008,0.0008,0.0008,2026-04-15_135014_v1,2026-04-15_141537_v1
16,NYJ,David Bailey,0.0,0.0008,0.0008,0.0008,2026-04-15_135014_v1,2026-04-15_141537_v1
18,MIN,Carnell Tate,0.0,0.0008,0.0008,0.0008,2026-04-15_135014_v1,2026-04-15_141537_v1
21,PIT,Sonny Styles,0.0,0.0008,0.0008,0.0008,2026-04-15_135014_v1,2026-04-15_141537_v1
27,SF,Mansoor Delane,0.0,0.0008,0.0008,0.0008,2026-04-15_135014_v1,2026-04-15_141537_v1
28,HOU,Jordyn Tyson,0.0002,0.001,0.0008,0.0008,2026-04-15_135014_v1,2026-04-15_141537_v1
31,NE,Jermod McCoy,0.0002,0.001,0.0008,0.0008,2026-04-15_135014_v1,2026-04-15_141537_v1
15,TB,Avieon Terrell,0.0046,0.0038,-0.0007999999999999999,0.0007999999999999999,2026-04-15_135014_v1,2026-04-15_141537_v1
19,CAR,Mansoor Delane,0.0028,0.002,-0.0007999999999999999,0.0007999999999999999,2026-04-15_135014_v1,2026-04-15_141537_v1
20,DAL,Denzel Boston,0.003,0.0038,0.0007999999999999999,0.0007999999999999999,2026-04-15_135014_v1,2026-04-15_141537_v1
21,PIT,Colton Hood,0.0038,0.0046,0.0007999999999999999,0.0007999999999999999,2026-04-15_135014_v1,2026-04-15_141537_v1
24,CLE,C.J. Allen,0.001,0.0018,0.0007999999999999999,0.0007999999999999999,2026-04-15_135014_v1,2026-04-15_141537_v1
25,CHI,Mansoor Delane,0.0004,0.0012,0.0007999999999999999,0.0007999999999999999,2026-04-15_135014_v1,2026-04-15_141537_v1
30,MIA,Caleb Lomu,0.003,0.0022,-0.0007999999999999999,0.0007999999999999999,2026-04-15_135014_v1,2026-04-15_141537_v1
31,NE,Christen Miller,0.0026,0.0034,0.0007999999999999999,0.0007999999999999999,2026-04-15_135014_v1,2026-04-15_141537_v1
32,SEA,Jadarian Price,0.002,0.0028,0.0007999999999999999,0.0007999999999999999,2026-04-15_135014_v1,2026-04-15_141537_v1
7,WAS,Dillon Thieneman,0.0016,0.0024,0.0007999999999999997,0.0007999999999999997,2026-04-15_135014_v1,2026-04-15_141537_v1
7,WAS,Monroe Freeling,0.0052,0.0044,-0.0007999999999999995,0.0007999999999999995,2026-04-15_135014_v1,2026-04-15_141537_v1
16,NYJ,Jordyn Tyson,0.1098,0.109,-0.0007999999999999952,0.0007999999999999952,2026-04-15_135014_v1,2026-04-15_141537_v1
7,WAS,Francis Mauigoa,0.0192,0.0198,0.0006000000000000033,0.0006000000000000033,2026-04-15_135014_v1,2026-04-15_141537_v1
23,PHI,Emmanuel McNeil-Warren,0.0452,0.0458,0.0006000000000000033,0.0006000000000000033,2026-04-15_135014_v1,2026-04-15_141537_v1
24,CLE,Blake Miller,0.0746,0.0752,0.0006000000000000033,0.0006000000000000033,2026-04-15_135014_v1,2026-04-15_141537_v1
14,BAL,Francis Mauigoa,0.0076,0.0082,0.0006000000000000007,0.0006000000000000007,2026-04-15_135014_v1,2026-04-15_141537_v1
15,TB,Dillon Thieneman,0.0058,0.0064,0.0006000000000000007,0.0006000000000000007,2026-04-15_135014_v1,2026-04-15_141537_v1
30,MIA,Ty Simpson,0.0048,0.0054,0.0006000000000000007,0.0006000000000000007,2026-04-15_135014_v1,2026-04-15_141537_v1
16,NYJ,Caleb Lomu,0.0024,0.003,0.0006000000000000003,0.0006000000000000003,2026-04-15_135014_v1,2026-04-15_141537_v1
21,PIT,Peter Woods,0.0038,0.0044,0.0006000000000000003,0.0006000000000000003,2026-04-15_135014_v1,2026-04-15_141537_v1
22,LAC,Jermod McCoy,0.0002,0.0008,0.0006000000000000001,0.0006000000000000001,2026-04-15_135014_v1,2026-04-15_141537_v1
23,PHI,C.J. Allen,0.0002,0.0008,0.0006000000000000001,0.0006000000000000001,2026-04-15_135014_v1,2026-04-15_141537_v1
24,CLE,Max Iheanachor,0.001,0.0016,0.0006000000000000001,0.0006000000000000001,2026-04-15_135014_v1,2026-04-15_141537_v1
25,CHI,C.J. Allen,0.0016,0.001,-0.0006000000000000001,0.0006000000000000001,2026-04-15_135014_v1,2026-04-15_141537_v1
26,BUF,Colton Hood,0.0012,0.0018,0.0006000000000000001,0.0006000000000000001,2026-04-15_135014_v1,2026-04-15_141537_v1
27,SF,Brandon Cisse,0.0002,0.0008,0.0006000000000000001,0.0006000000000000001,2026-04-15_135014_v1,2026-04-15_141537_v1
28,HOU,Caleb Downs,0.0002,0.0008,0.0006000000000000001,0.0006000000000000001,2026-04-15_135014_v1,2026-04-15_141537_v1
31,NE,Emmanuel Pregnon,0.0012,0.0018,0.0006000000000000001,0.0006000000000000001,2026-04-15_135014_v1,2026-04-15_141537_v1
10,CIN,Akheem Mesidor,0.0008,0.0014,0.0006,0.0006,2026-04-15_135014_v1,2026-04-15_141537_v1
15,TB,Arvell Reese,0.0,0.0006,0.0006,0.0006,2026-04-15_135014_v1,2026-04-15_141537_v1
20,DAL,Carnell Tate,0.0,0.0006,0.0006,0.0006,2026-04-15_135014_v1,2026-04-15_141537_v1
21,PIT,Kayden McDonald,0.0008,0.0014,0.0006,0.0006,2026-04-15_135014_v1,2026-04-15_141537_v1
24,CLE,Mansoor Delane,0.0,0.0006,0.0006,0.0006,2026-04-15_135014_v1,2026-04-15_141537_v1
24,CLE,Rueben Bain,0.0,0.0006,0.0006,0.0006,2026-04-15_135014_v1,2026-04-15_141537_v1
25,CHI,Ty Simpson,0.0014,0.0008,-0.0006,0.0006,2026-04-15_135014_v1,2026-04-15_141537_v1
26,BUF,Chris Johnson,0.0,0.0006,0.0006,0.0006,2026-04-15_135014_v1,2026-04-15_141537_v1
27,SF,Caleb Banks,0.0008,0.0014,0.0006,0.0006,2026-04-15_135014_v1,2026-04-15_141537_v1
32,SEA,Rueben Bain,0.0,0.0006,0.0006,0.0006,2026-04-15_135014_v1,2026-04-15_141537_v1
7,WAS,Spencer Fano,0.0062,0.0068,0.0005999999999999998,0.0005999999999999998,2026-04-15_135014_v1,2026-04-15_141537_v1
9,KC,Olaivavega Ioane,0.002,0.0026,0.0005999999999999998,0.0005999999999999998,2026-04-15_135014_v1,2026-04-15_141537_v1
11,MIA,Kadyn Proctor,0.0032,0.0038,0.0005999999999999998,0.0005999999999999998,2026-04-15_135014_v1,2026-04-15_141537_v1
13,LAR,Akheem Mesidor,0.004,0.0046,0.0005999999999999998,0.0005999999999999998,2026-04-15_135014_v1,2026-04-15_141537_v1
18,MIN,Kevin Concepcion,0.0042,0.0048,0.0005999999999999998,0.0005999999999999998,2026-04-15_135014_v1,2026-04-15_141537_v1
19,CAR,Cashius Howell,0.0036,0.0042,0.0005999999999999998,0.0005999999999999998,2026-04-15_135014_v1,2026-04-15_141537_v1
22,LAC,Makai Lemon,0.0074,0.008,0.0005999999999999998,0.0005999999999999998,2026-04-15_135014_v1,2026-04-15_141537_v1
23,PHI,Max Iheanachor,0.002,0.0026,0.0005999999999999998,0.0005999999999999998,2026-04-15_135014_v1,2026-04-15_141537_v1
24,CLE,Cashius Howell,0.0072,0.0078,0.0005999999999999998,0.0005999999999999998,2026-04-15_135014_v1,2026-04-15_141537_v1
26,BUF,Emmanuel Pregnon,0.004,0.0046,0.0005999999999999998,0.0005999999999999998,2026-04-15_135014_v1,2026-04-15_141537_v1
27,SF,Olaivavega Ioane,0.0254,0.026,0.0005999999999999998,0.0005999999999999998,2026-04-15_135014_v1,2026-04-15_141537_v1
28,HOU,C.J. Allen,0.006,0.0054,-0.0005999999999999998,0.0005999999999999998,2026-04-15_135014_v1,2026-04-15_141537_v1
29,KC,Brandon Cisse,0.0022,0.0028,0.0005999999999999998,0.0005999999999999998,2026-04-15_135014_v1,2026-04-15_141537_v1
29,KC,Chris Johnson,0.0196,0.019,-0.0005999999999999998,0.0005999999999999998,2026-04-15_135014_v1,2026-04-15_141537_v1
31,NE,Chase Bisontis,0.0022,0.0028,0.0005999999999999998,0.0005999999999999998,2026-04-15_135014_v1,2026-04-15_141537_v1
31,NE,Colton Hood,0.0106,0.01,-0.0005999999999999998,0.0005999999999999998,2026-04-15_135014_v1,2026-04-15_141537_v1
31,NE,R Mason Thomas,0.0068,0.0062,-0.0005999999999999998,0.0005999999999999998,2026-04-15_135014_v1,2026-04-15_141537_v1
29,KC,Avieon Terrell,0.1724,0.173,0.0005999999999999894,0.0005999999999999894,2026-04-15_135014_v1,2026-04-15_141537_v1
5,NYG,David Bailey,0.0118,0.0122,0.00040000000000000105,0.00040000000000000105,2026-04-15_135014_v1,2026-04-15_141537_v1
19,CAR,Denzel Boston,0.0148,0.0144,-0.00040000000000000105,0.00040000000000000105,2026-04-15_135014_v1,2026-04-15_141537_v1
24,CLE,Emmanuel McNeil-Warren,0.0166,0.0162,-0.00040000000000000105,0.00040000000000000105,2026-04-15_135014_v1,2026-04-15_141537_v1
6,CLE,Caleb Downs,0.0072,0.0076,0.0004000000000000002,0.0004000000000000002,2026-04-15_135014_v1,2026-04-15_141537_v1
13,LAR,Caleb Lomu,0.0012,0.0016,0.0004000000000000002,0.0004000000000000002,2026-04-15_135014_v1,2026-04-15_141537_v1
16,NYJ,Blake Miller,0.008,0.0076,-0.0004000000000000002,0.0004000000000000002,2026-04-15_135014_v1,2026-04-15_141537_v1
18,MIN,Blake Miller,0.0034,0.0038,0.0004000000000000002,0.0004000000000000002,2026-04-15_135014_v1,2026-04-15_141537_v1
18,MIN,Olaivavega Ioane,0.0076,0.0072,-0.0004000000000000002,0.0004000000000000002,2026-04-15_135014_v1,2026-04-15_141537_v1
19,CAR,Emmanuel McNeil-Warren,0.0076,0.008,0.0004000000000000002,0.0004000000000000002,2026-04-15_135014_v1,2026-04-15_141537_v1
20,DAL,Cashius Howell,0.0028,0.0024,-0.0004000000000000002,0.0004000000000000002,2026-04-15_135014_v1,2026-04-15_141537_v1
26,BUF,Chase Bisontis,0.0046,0.005,0.0004000000000000002,0.0004000000000000002,2026-04-15_135014_v1,2026-04-15_141537_v1
27,SF,Malachi Lawrence,0.0018,0.0022,0.0004000000000000002,0.0004000000000000002,2026-04-15_135014_v1,2026-04-15_141537_v1
12,DAL,Caleb Lomu,0.0004,0.0008,0.0004,0.0004,2026-04-15_135014_v1,2026-04-15_141537_v1
14,BAL,Arvell Reese,0.0,0.0004,0.0004,0.0004,2026-04-15_135014_v1,2026-04-15_141537_v1
17,DET,Carnell Tate,0.0,0.0004,0.0004,0.0004,2026-04-15_135014_v1,2026-04-15_141537_v1
22,LAC,C.J. Allen,0.0,0.0004,0.0004,0.0004,2026-04-15_135014_v1,2026-04-15_141537_v1
23,PHI,Mansoor Delane,0.0,0.0004,0.0004,0.0004,2026-04-15_135014_v1,2026-04-15_141537_v1
27,SF,Carnell Tate,0.0,0.0004,0.0004,0.0004,2026-04-15_135014_v1,2026-04-15_141537_v1
28,HOU,Brandon Cisse,0.0008,0.0004,-0.0004,0.0004,2026-04-15_135014_v1,2026-04-15_141537_v1
28,HOU,Jacob Rodriguez,0.0004,0.0008,0.0004,0.0004,2026-04-15_135014_v1,2026-04-15_141537_v1
28,HOU,Malachi Lawrence,0.0004,0.0008,0.0004,0.0004,2026-04-15_135014_v1,2026-04-15_141537_v1
28,HOU,Rueben Bain,0.0,0.0004,0.0004,0.0004,2026-04-15_135014_v1,2026-04-15_141537_v1
30,MIA,Jacob Rodriguez,0.0004,0.0008,0.0004,0.0004,2026-04-15_135014_v1,2026-04-15_141537_v1
31,NE,Rueben Bain,0.0,0.0004,0.0004,0.0004,2026-04-15_135014_v1,2026-04-15_141537_v1
32,SEA,Caleb Downs,0.0,0.0004,0.0004,0.0004,2026-04-15_135014_v1,2026-04-15_141537_v1
32,SEA,Jacob Rodriguez,0.0,0.0004,0.0004,0.0004,2026-04-15_135014_v1,2026-04-15_141537_v1
8,NO,Olaivavega Ioane,0.0014,0.0018,0.00039999999999999996,0.00039999999999999996,2026-04-15_135014_v1,2026-04-15_141537_v1
17,DET,Rueben Bain,0.0014,0.0018,0.00039999999999999996,0.00039999999999999996,2026-04-15_135014_v1,2026-04-15_141537_v1
22,LAC,Ty Simpson,0.0002,0.0006,0.00039999999999999996,0.00039999999999999996,2026-04-15_135014_v1,2026-04-15_141537_v1
29,KC,Chase Bisontis,0.001,0.0014,0.00039999999999999996,0.00039999999999999996,2026-04-15_135014_v1,2026-04-15_141537_v1
31,NE,Jacob Rodriguez,0.0014,0.0018,0.00039999999999999996,0.00039999999999999996,2026-04-15_135014_v1,2026-04-15_141537_v1
32,SEA,Kadyn Proctor,0.001,0.0014,0.00039999999999999996,0.00039999999999999996,2026-04-15_135014_v1,2026-04-15_141537_v1
15,TB,Caleb Lomu,0.0008,0.0012,0.00039999999999999986,0.00039999999999999986,2026-04-15_135014_v1,2026-04-15_141537_v1
25,CHI,Jordyn Tyson,0.0012,0.0008,-0.00039999999999999986,0.00039999999999999986,2026-04-15_135014_v1,2026-04-15_141537_v1
28,HOU,Jermod McCoy,0.0008,0.0012,0.00039999999999999986,0.00039999999999999986,2026-04-15_135014_v1,2026-04-15_141537_v1
15,TB,Omar Cooper Jr.,0.0024,0.002,-0.00039999999999999975,0.00039999999999999975,2026-04-15_135014_v1,2026-04-15_141537_v1
29,KC,Ty Simpson,0.003,0.0034,0.00039999999999999975,0.00039999999999999975,2026-04-15_135014_v1,2026-04-15_141537_v1
18,MIN,Akheem Mesidor,0.0088,0.0092,0.0003999999999999993,0.0003999999999999993,2026-04-15_135014_v1,2026-04-15_141537_v1
5,NYG,Makai Lemon,0.0284,0.0288,0.0003999999999999976,0.0003999999999999976,2026-04-15_135014_v1,2026-04-15_141537_v1
6,CLE,Jordyn Tyson,0.025,0.0254,0.0003999999999999976,0.0003999999999999976,2026-04-15_135014_v1,2026-04-15_141537_v1
30,MIA,T.J. Parker,0.0742,0.074,-0.00020000000000000573,0.00020000000000000573,2026-04-15_135014_v1,2026-04-15_141537_v1
18,MIN,Peter Woods,0.0226,0.0228,0.00020000000000000226,0.00020000000000000226,2026-04-15_135014_v1,2026-04-15_141537_v1
5,NYG,Rueben Bain,0.0072,0.0074,0.00020000000000000052,0.00020000000000000052,2026-04-15_135014_v1,2026-04-15_141537_v1
8,NO,Caleb Downs,0.0144,0.0146,0.00020000000000000052,0.00020000000000000052,2026-04-15_135014_v1,2026-04-15_141537_v1
14,BAL,Kadyn Proctor,0.012,0.0122,0.00020000000000000052,0.00020000000000000052,2026-04-15_135014_v1,2026-04-15_141537_v1
14,BAL,Sonny Styles,0.008,0.0078,-0.00020000000000000052,0.00020000000000000052,2026-04-15_135014_v1,2026-04-15_141537_v1
17,DET,Jordyn Tyson,0.005,0.0048,-0.00020000000000000052,0.00020000000000000052,2026-04-15_135014_v1,2026-04-15_141537_v1
21,PIT,Emmanuel McNeil-Warren,0.0096,0.0098,0.00020000000000000052,0.00020000000000000052,2026-04-15_135014_v1,2026-04-15_141537_v1
25,CHI,Kevin Concepcion,0.0126,0.0124,-0.00020000000000000052,0.00020000000000000052,2026-04-15_135014_v1,2026-04-15_141537_v1
26,BUF,Blake Miller,0.0104,0.0106,0.00020000000000000052,0.00020000000000000052,2026-04-15_135014_v1,2026-04-15_141537_v1
27,SF,Peter Woods,0.0086,0.0088,0.00020000000000000052,0.00020000000000000052,2026-04-15_135014_v1,2026-04-15_141537_v1
6,CLE,Jermod McCoy,0.002,0.0022,0.0002000000000000001,0.0002000000000000001,2026-04-15_135014_v1,2026-04-15_141537_v1
9,KC,Kenyon Sadiq,0.0014,0.0016,0.0002000000000000001,0.0002000000000000001,2026-04-15_135014_v1,2026-04-15_141537_v1
10,CIN,Kadyn Proctor,0.002,0.0022,0.0002000000000000001,0.0002000000000000001,2026-04-15_135014_v1,2026-04-15_141537_v1
14,BAL,Caleb Lomu,0.0006,0.0008,0.0002000000000000001,0.0002000000000000001,2026-04-15_135014_v1,2026-04-15_141537_v1
17,DET,T.J. Parker,0.0006,0.0008,0.0002000000000000001,0.0002000000000000001,2026-04-15_135014_v1,2026-04-15_141537_v1
23,PHI,Zion Young,0.0028,0.003,0.0002000000000000001,0.0002000000000000001,2026-04-15_135014_v1,2026-04-15_141537_v1
24,CLE,Emmanuel Pregnon,0.002,0.0022,0.0002000000000000001,0.0002000000000000001,2026-04-15_135014_v1,2026-04-15_141537_v1
25,CHI,Makai Lemon,0.0006,0.0008,0.0002000000000000001,0.0002000000000000001,2026-04-15_135014_v1,2026-04-15_141537_v1
26,BUF,Ty Simpson,0.0014,0.0012,-0.0002000000000000001,0.0002000000000000001,2026-04-15_135014_v1,2026-04-15_141537_v1
27,SF,Chris Johnson,0.0012,0.0014,0.0002000000000000001,0.0002000000000000001,2026-04-15_135014_v1,2026-04-15_141537_v1
27,SF,Jermod McCoy,0.0008,0.0006,-0.0002000000000000001,0.0002000000000000001,2026-04-15_135014_v1,2026-04-15_141537_v1
27,SF,Ty Simpson,0.0008,0.0006,-0.0002000000000000001,0.0002000000000000001,2026-04-15_135014_v1,2026-04-15_141537_v1
28,HOU,Zion Young,0.002,0.0018,-0.0002000000000000001,0.0002000000000000001,2026-04-15_135014_v1,2026-04-15_141537_v1
29,KC,Caleb Banks,0.0018,0.002,0.0002000000000000001,0.0002000000000000001,2026-04-15_135014_v1,2026-04-15_141537_v1
29,KC,Olaivavega Ioane,0.0006,0.0008,0.0002000000000000001,0.0002000000000000001,2026-04-15_135014_v1,2026-04-15_141537_v1
8,NO,Kenyon Sadiq,0.0002,0.0004,0.0002,0.0002,2026-04-15_135014_v1,2026-04-15_141537_v1
13,LAR,David Bailey,0.0002,0.0004,0.0002,0.0002,2026-04-15_135014_v1,2026-04-15_141537_v1
16,NYJ,Arvell Reese,0.0,0.0002,0.0002,0.0002,2026-04-15_135014_v1,2026-04-15_141537_v1
17,DET,Denzel Boston,0.0,0.0002,0.0002,0.0002,2026-04-15_135014_v1,2026-04-15_141537_v1
21,PIT,Caleb Banks,0.0,0.0002,0.0002,0.0002,2026-04-15_135014_v1,2026-04-15_141537_v1
21,PIT,Rueben Bain,0.0002,0.0004,0.0002,0.0002,2026-04-15_135014_v1,2026-04-15_141537_v1
21,PIT,Zion Young,0.0,0.0002,0.0002,0.0002,2026-04-15_135014_v1,2026-04-15_141537_v1
22,LAC,Colton Hood,0.0004,0.0002,-0.0002,0.0002,2026-04-15_135014_v1,2026-04-15_141537_v1
22,LAC,Mansoor Delane,0.0002,0.0004,0.0002,0.0002,2026-04-15_135014_v1,2026-04-15_141537_v1
23,PHI,Jermod McCoy,0.0004,0.0002,-0.0002,0.0002,2026-04-15_135014_v1,2026-04-15_141537_v1
24,CLE,Chris Johnson,0.0002,0.0,-0.0002,0.0002,2026-04-15_135014_v1,2026-04-15_141537_v1
24,CLE,Garrett Nussmeier,0.0,0.0002,0.0002,0.0002,2026-04-15_135014_v1,2026-04-15_141537_v1
25,CHI,Chase Bisontis,0.0002,0.0,-0.0002,0.0002,2026-04-15_135014_v1,2026-04-15_141537_v1
25,CHI,Emmanuel Pregnon,0.0,0.0002,0.0002,0.0002,2026-04-15_135014_v1,2026-04-15_141537_v1
25,CHI,Francis Mauigoa,0.0,0.0002,0.0002,0.0002,2026-04-15_135014_v1,2026-04-15_141537_v1
25,CHI,Rueben Bain,0.0,0.0002,0.0002,0.0002,2026-04-15_135014_v1,2026-04-15_141537_v1
25,CHI,Zion Young,0.0002,0.0004,0.0002,0.0002,2026-04-15_135014_v1,2026-04-15_141537_v1
26,BUF,Jermod McCoy,0.0004,0.0002,-0.0002,0.0002,2026-04-15_135014_v1,2026-04-15_141537_v1
28,HOU,Makai Lemon,0.0002,0.0004,0.0002,0.0002,2026-04-15_135014_v1,2026-04-15_141537_v1
29,KC,Carnell Tate,0.0,0.0002,0.0002,0.0002,2026-04-15_135014_v1,2026-04-15_141537_v1
29,KC,Christen Miller,0.0002,0.0004,0.0002,0.0002,2026-04-15_135014_v1,2026-04-15_141537_v1
30,MIA,Carnell Tate,0.0,0.0002,0.0002,0.0002,2026-04-15_135014_v1,2026-04-15_141537_v1
31,NE,Caleb Downs,0.0,0.0002,0.0002,0.0002,2026-04-15_135014_v1,2026-04-15_141537_v1
31,NE,Carnell Tate,0.0,0.0002,0.0002,0.0002,2026-04-15_135014_v1,2026-04-15_141537_v1
31,NE,Jadarian Price,0.0002,0.0004,0.0002,0.0002,2026-04-15_135014_v1,2026-04-15_141537_v1
32,SEA,Jordyn Tyson,0.0,0.0002,0.0002,0.0002,2026-04-15_135014_v1,2026-04-15_141537_v1
32,SEA,Lee Hunter,0.0002,0.0004,0.0002,0.0002,2026-04-15_135014_v1,2026-04-15_141537_v1
32,SEA,Makai Lemon,0.0,0.0002,0.0002,0.0002,2026-04-15_135014_v1,2026-04-15_141537_v1
7,WAS,Kenyon Sadiq,0.0004,0.0006,0.00019999999999999993,0.00019999999999999993,2026-04-15_135014_v1,2026-04-15_141537_v1
15,TB,Carnell Tate,0.0004,0.0006,0.00019999999999999993,0.00019999999999999993,2026-04-15_135014_v1,2026-04-15_141537_v1
15,TB,Kevin Concepcion,0.0004,0.0006,0.00019999999999999993,0.00019999999999999993,2026-04-15_135014_v1,2026-04-15_141537_v1
16,NYJ,Garrett Nussmeier,0.0004,0.0006,0.00019999999999999993,0.00019999999999999993,2026-04-15_135014_v1,2026-04-15_141537_v1
18,MIN,Rueben Bain,0.0006,0.0004,-0.00019999999999999993,0.00019999999999999993,2026-04-15_135014_v1,2026-04-15_141537_v1
22,LAC,Chris Johnson,0.0006,0.0004,-0.00019999999999999993,0.00019999999999999993,2026-04-15_135014_v1,2026-04-15_141537_v1
24,CLE,Zion Young,0.0006,0.0004,-0.00019999999999999993,0.00019999999999999993,2026-04-15_135014_v1,2026-04-15_141537_v1
25,CHI,Brandon Cisse,0.0004,0.0006,0.00019999999999999993,0.00019999999999999993,2026-04-15_135014_v1,2026-04-15_141537_v1
30,MIA,Christen Miller,0.0004,0.0006,0.00019999999999999993,0.00019999999999999993,2026-04-15_135014_v1,2026-04-15_141537_v1
15,TB,Blake Miller,0.001,0.0012,0.00019999999999999987,0.00019999999999999987,2026-04-15_135014_v1,2026-04-15_141537_v1
21,PIT,Cashius Howell,0.0018,0.0016,-0.00019999999999999987,0.00019999999999999987,2026-04-15_135014_v1,2026-04-15_141537_v1
25,CHI,Jermod McCoy,0.0012,0.001,-0.00019999999999999987,0.00019999999999999987,2026-04-15_135014_v1,2026-04-15_141537_v1
26,BUF,Max Iheanachor,0.0018,0.0016,-0.00019999999999999987,0.00019999999999999987,2026-04-15_135014_v1,2026-04-15_141537_v1
5,NYG,Mansoor Delane,0.004,0.0042,0.00019999999999999966,0.00019999999999999966,2026-04-15_135014_v1,2026-04-15_141537_v1
9,KC,Dillon Thieneman,0.0046,0.0048,0.00019999999999999966,0.00019999999999999966,2026-04-15_135014_v1,2026-04-15_141537_v1
13,LAR,Kevin Concepcion,0.0046,0.0048,0.00019999999999999966,0.00019999999999999966,2026-04-15_135014_v1,2026-04-15_141537_v1
13,LAR,Olaivavega Ioane,0.0074,0.0076,0.00019999999999999966,0.00019999999999999966,2026-04-15_135014_v1,2026-04-15_141537_v1
21,PIT,Akheem Mesidor,0.0066,0.0068,0.00019999999999999966,0.00019999999999999966,2026-04-15_135014_v1,2026-04-15_141537_v1
6,CLE,Sonny Styles,0.0276,0.0278,0.0001999999999999988,0.0001999999999999988,2026-04-15_135014_v1,2026-04-15_141537_v1
9,KC,Carnell Tate,0.023,0.0228,-0.0001999999999999988,0.0001999999999999988,2026-04-15_135014_v1,2026-04-15_141537_v1
13,LAR,Sonny Styles,0.0234,0.0236,0.0001999999999999988,0.0001999999999999988,2026-04-15_135014_v1,2026-04-15_141537_v1
30,MIA,Kayden McDonald,0.0108,0.011,0.0001999999999999988,0.0001999999999999988,2026-04-15_135014_v1,2026-04-15_141537_v1
1,LV,Fernando Mendoza,1.0,1.0,0.0,0.0,2026-04-15_135014_v1,2026-04-15_141537_v1
2,NYJ,Arvell Reese,0.4754,0.4754,0.0,0.0,2026-04-15_135014_v1,2026-04-15_141537_v1
2,NYJ,Caleb Downs,0.0002,0.0002,0.0,0.0,2026-04-15_135014_v1,2026-04-15_141537_v1
2,NYJ,Carnell Tate,0.046,0.046,0.0,0.0,2026-04-15_135014_v1,2026-04-15_141537_v1
2,NYJ,David Bailey,0.401,0.401,0.0,0.0,2026-04-15_135014_v1,2026-04-15_141537_v1
2,NYJ,Francis Mauigoa,0.0052,0.0052,0.0,0.0,2026-04-15_135014_v1,2026-04-15_141537_v1
2,NYJ,Jeremiyah Love,0.0056,0.0056,0.0,0.0,2026-04-15_135014_v1,2026-04-15_141537_v1
2,NYJ,Mansoor Delane,0.0068,0.0068,0.0,0.0,2026-04-15_135014_v1,2026-04-15_141537_v1
2,NYJ,Rueben Bain,0.0192,0.0192,0.0,0.0,2026-04-15_135014_v1,2026-04-15_141537_v1
2,NYJ,Sonny Styles,0.0404,0.0404,0.0,0.0,2026-04-15_135014_v1,2026-04-15_141537_v1
2,NYJ,Ty Simpson,0.0002,0.0002,0.0,0.0,2026-04-15_135014_v1,2026-04-15_141537_v1
3,ARI,Arvell Reese,0.26,0.26,0.0,0.0,2026-04-15_135014_v1,2026-04-15_141537_v1
3,ARI,Caleb Downs,0.0006,0.0006,0.0,0.0,2026-04-15_135014_v1,2026-04-15_141537_v1
3,ARI,Carnell Tate,0.0056,0.0056,0.0,0.0,2026-04-15_135014_v1,2026-04-15_141537_v1
3,ARI,David Bailey,0.2618,0.2618,0.0,0.0,2026-04-15_135014_v1,2026-04-15_141537_v1
3,ARI,Francis Mauigoa,0.3474,0.3474,0.0,0.0,2026-04-15_135014_v1,2026-04-15_141537_v1
3,ARI,Jeremiyah Love,0.0164,0.0164,0.0,0.0,2026-04-15_135014_v1,2026-04-15_141537_v1
3,ARI,Mansoor Delane,0.0038,0.0038,0.0,0.0,2026-04-15_135014_v1,2026-04-15_141537_v1
3,ARI,Monroe Freeling,0.0066,0.0066,0.0,0.0,2026-04-15_135014_v1,2026-04-15_141537_v1
3,ARI,Rueben Bain,0.0382,0.0382,0.0,0.0,2026-04-15_135014_v1,2026-04-15_141537_v1
3,ARI,Sonny Styles,0.0348,0.0348,0.0,0.0,2026-04-15_135014_v1,2026-04-15_141537_v1
3,ARI,Spencer Fano,0.0248,0.0248,0.0,0.0,2026-04-15_135014_v1,2026-04-15_141537_v1
4,TEN,Arvell Reese,0.1134,0.1134,0.0,0.0,2026-04-15_135014_v1,2026-04-15_141537_v1
4,TEN,Caleb Downs,0.0026,0.0026,0.0,0.0,2026-04-15_135014_v1,2026-04-15_141537_v1
4,TEN,Carnell Tate,0.1274,0.1274,0.0,0.0,2026-04-15_135014_v1,2026-04-15_141537_v1
4,TEN,David Bailey,0.2002,0.2002,0.0,0.0,2026-04-15_135014_v1,2026-04-15_141537_v1
4,TEN,Francis Mauigoa,0.014,0.014,0.0,0.0,2026-04-15_135014_v1,2026-04-15_141537_v1
4,TEN,Jeremiyah Love,0.359,0.359,0.0,0.0,2026-04-15_135014_v1,2026-04-15_141537_v1
4,TEN,Makai Lemon,0.0106,0.0106,0.0,0.0,2026-04-15_135014_v1,2026-04-15_141537_v1
4,TEN,Mansoor Delane,0.001,0.001,0.0,0.0,2026-04-15_135014_v1,2026-04-15_141537_v1
4,TEN,Monroe Freeling,0.0008,0.0008,0.0,0.0,2026-04-15_135014_v1,2026-04-15_141537_v1
4,TEN,Rueben Bain,0.1012,0.1012,0.0,0.0,2026-04-15_135014_v1,2026-04-15_141537_v1
4,TEN,Sonny Styles,0.0674,0.0674,0.0,0.0,2026-04-15_135014_v1,2026-04-15_141537_v1
4,TEN,Spencer Fano,0.0024,0.0024,0.0,0.0,2026-04-15_135014_v1,2026-04-15_141537_v1
5,NYG,Jermod McCoy,0.0002,0.0002,0.0,0.0,2026-04-15_135014_v1,2026-04-15_141537_v1
6,CLE,Kenyon Sadiq,0.0004,0.0004,0.0,0.0,2026-04-15_135014_v1,2026-04-15_141537_v1
6,CLE,Olaivavega Ioane,0.0056,0.0056,0.0,0.0,2026-04-15_135014_v1,2026-04-15_141537_v1
6,CLE,Ty Simpson,0.0004,0.0004,0.0,0.0,2026-04-15_135014_v1,2026-04-15_141537_v1
7,WAS,Olaivavega Ioane,0.0006,0.0006,0.0,0.0,2026-04-15_135014_v1,2026-04-15_141537_v1
8,NO,Dillon Thieneman,0.0002,0.0002,0.0,0.0,2026-04-15_135014_v1,2026-04-15_141537_v1
8,NO,Kadyn Proctor,0.0004,0.0004,0.0,0.0,2026-04-15_135014_v1,2026-04-15_141537_v1
10,CIN,Ty Simpson,0.0002,0.0002,0.0,0.0,2026-04-15_135014_v1,2026-04-15_141537_v1
11,MIA,Blake Miller,0.0002,0.0002,0.0,0.0,2026-04-15_135014_v1,2026-04-15_141537_v1
11,MIA,Emmanuel McNeil-Warren,0.0006,0.0006,0.0,0.0,2026-04-15_135014_v1,2026-04-15_141537_v1
11,MIA,Omar Cooper Jr.,0.0162,0.0162,0.0,0.0,2026-04-15_135014_v1,2026-04-15_141537_v1
12,DAL,Blake Miller,0.0002,0.0002,0.0,0.0,2026-04-15_135014_v1,2026-04-15_141537_v1
12,DAL,Omar Cooper Jr.,0.0014,0.0014,0.0,0.0,2026-04-15_135014_v1,2026-04-15_141537_v1
13,LAR,Emmanuel McNeil-Warren,0.0006,0.0006,0.0,0.0,2026-04-15_135014_v1,2026-04-15_141537_v1
13,LAR,Ty Simpson,0.0002,0.0002,0.0,0.0,2026-04-15_135014_v1,2026-04-15_141537_v1
14,BAL,Emmanuel McNeil-Warren,0.0012,0.0012,0.0,0.0,2026-04-15_135014_v1,2026-04-15_141537_v1
14,BAL,Kevin Concepcion,0.0066,0.0066,0.0,0.0,2026-04-15_135014_v1,2026-04-15_141537_v1
14,BAL,Ty Simpson,0.0002,0.0002,0.0,0.0,2026-04-15_135014_v1,2026-04-15_141537_v1
16,NYJ,Drew Allar,0.0004,0.0004,0.0,0.0,2026-04-15_135014_v1,2026-04-15_141537_v1
16,NYJ,Peter Woods,0.0002,0.0002,0.0,0.0,2026-04-15_135014_v1,2026-04-15_141537_v1
17,DET,Avieon Terrell,0.0008,0.0008,0.0,0.0,2026-04-15_135014_v1,2026-04-15_141537_v1
18,MIN,Denzel Boston,0.0002,0.0002,0.0,0.0,2026-04-15_135014_v1,2026-04-15_141537_v1
18,MIN,Kayden McDonald,0.0042,0.0042,0.0,0.0,2026-04-15_135014_v1,2026-04-15_141537_v1
18,MIN,T.J. Parker,0.0008,0.0008,0.0,0.0,2026-04-15_135014_v1,2026-04-15_141537_v1
20,DAL,Kadyn Proctor,0.0294,0.0294,0.0,0.0,2026-04-15_135014_v1,2026-04-15_141537_v1
21,PIT,Drew Allar,0.0002,0.0002,0.0,0.0,2026-04-15_135014_v1,2026-04-15_141537_v1
21,PIT,Garrett Nussmeier,0.0004,0.0004,0.0,0.0,2026-04-15_135014_v1,2026-04-15_141537_v1
21,PIT,Keldric Faulk,0.0056,0.0056,0.0,0.0,2026-04-15_135014_v1,2026-04-15_141537_v1
21,PIT,T.J. Parker,0.0026,0.0026,0.0,0.0,2026-04-15_135014_v1,2026-04-15_141537_v1
22,LAC,Max Iheanachor,0.0004,0.0004,0.0,0.0,2026-04-15_135014_v1,2026-04-15_141537_v1
23,PHI,Kayden McDonald,0.003,0.003,0.0,0.0,2026-04-15_135014_v1,2026-04-15_141537_v1
23,PHI,Sonny Styles,0.0004,0.0004,0.0,0.0,2026-04-15_135014_v1,2026-04-15_141537_v1
24,CLE,Caleb Banks,0.0004,0.0004,0.0,0.0,2026-04-15_135014_v1,2026-04-15_141537_v1
24,CLE,Jermod McCoy,0.001,0.001,0.0,0.0,2026-04-15_135014_v1,2026-04-15_141537_v1
25,CHI,Max Iheanachor,0.002,0.002,0.0,0.0,2026-04-15_135014_v1,2026-04-15_141537_v1
26,BUF,Brandon Cisse,0.0004,0.0004,0.0,0.0,2026-04-15_135014_v1,2026-04-15_141537_v1
29,KC,Emmanuel Pregnon,0.0002,0.0002,0.0,0.0,2026-04-15_135014_v1,2026-04-15_141537_v1
29,KC,Jadarian Price,0.0004,0.0004,0.0,0.0,2026-04-15_135014_v1,2026-04-15_141537_v1
30,MIA,Jadarian Price,0.0004,0.0004,0.0,0.0,2026-04-15_135014_v1,2026-04-15_141537_v1
31,NE,Brandon Cisse,0.0016,0.0016,0.0,0.0,2026-04-15_135014_v1,2026-04-15_141537_v1
32,SEA,Anthony Hill Jr.,0.0002,0.0002,0.0,0.0,2026-04-15_135014_v1,2026-04-15_141537_v1
32,SEA,Christen Miller,0.0004,0.0004,0.0,0.0,2026-04-15_135014_v1,2026-04-15_141537_v1
