season,week,game_date,player,recent_team,home_team_abbr,away_team_abbr,market_key,line,over_price,under_price,actual_value,went_over,push,team_spread,game_total,team_total,is_home,is_favorite,is_underdog,pred_mean,pred_std,model_edge_yards
2024,11,2024-11-17,Russell Wilson,PIT,PIT,BAL,player_pass_yds,231.5,-110.0,-110,205.0,0,0,3.0,48.0,22.5,1,0,1,237.24560490876925,58.035128415058814,5.745604908769252
2024,11,2024-11-17,Lamar Jackson,BAL,PIT,BAL,player_pass_yds,237.5,-110.0,-110,207.0,0,0,-3.0,48.0,25.5,0,1,0,222.36543358295754,58.035128415058814,-15.134566417042464
2024,11,2024-11-17,Jordan Love,GB,CHI,GB,player_pass_yds,229.5,-110.0,-110,261.0,1,0,-6.0,41.0,23.5,0,1,0,230.40981023323556,58.035128415058814,0.9098102332355609
2024,11,2024-11-17,Caleb Williams,CHI,CHI,GB,player_pass_yds,190.5,-110.0,-110,231.0,1,0,6.0,41.0,17.5,1,0,1,216.62451394710445,58.035128415058814,26.124513947104447
2024,11,2024-11-17,Anthony Richardson,IND,NYJ,IND,player_pass_yds,176.5,-110.0,-110,272.0,1,0,4.0,43.0,19.5,0,0,1,235.29163468628226,58.035128415058814,58.791634686282265
2024,11,2024-11-17,Aaron Rodgers,NYJ,NYJ,IND,player_pass_yds,235.5,-110.0,-110,184.0,0,0,-4.0,43.0,23.5,1,1,0,215.70636960551457,58.035128415058814,-19.793630394485433
2024,12,2024-11-24,Brandon Allen,SF,GB,SF,player_pass_yds,205.5,-110.0,-110,199.0,0,0,6.5,44.5,19.0,0,0,1,178.1524896199369,58.035128415058814,-27.347510380063113
2024,12,2024-11-24,Jordan Love,GB,GB,SF,player_pass_yds,239.5,-110.0,-110,163.0,0,0,-6.5,44.5,25.5,1,1,0,236.99349787340964,58.035128415058814,-2.5065021265903624
2024,12,2024-11-24,Jalen Hurts,PHI,LAR,PHI,player_pass_yds,216.5,-110.0,-110,179.0,0,0,-3.0,49.0,26.0,0,1,0,194.9732758425862,58.035128415058814,-21.52672415741381
2024,12,2024-11-24,Matthew Stafford,LAR,LAR,PHI,player_pass_yds,250.5,-110.0,-110,243.0,0,0,3.0,49.0,23.0,1,0,1,228.07467026457238,58.035128415058814,-22.425329735427624
2024,12,2024-11-25,Justin Herbert,LAC,LAC,BAL,player_pass_yds,262.5,-110.0,-110,218.0,0,0,3.0,51.0,24.0,1,0,1,220.60387509008984,58.035128415058814,-41.89612490991016
2024,12,2024-11-25,Lamar Jackson,BAL,LAC,BAL,player_pass_yds,235.5,-110.0,-110,177.0,0,0,-3.0,51.0,27.0,0,1,0,212.79393158302398,58.035128415058814,-22.706068416976024
2024,13,2024-11-28,Jordan Love,GB,GB,MIA,player_pass_yds,238.5,-110.0,-110,274.0,1,0,-3.5,47.5,25.5,1,1,0,260.0513550091391,58.035128415058814,21.551355009139115
2024,13,2024-11-28,Tua Tagovailoa,MIA,GB,MIA,player_pass_yds,241.5,-110.0,-110,365.0,1,0,3.5,47.5,22.0,0,0,1,265.92605870199856,58.035128415058814,24.426058701998556
2024,13,2024-12-01,Jalen Hurts,PHI,BAL,PHI,player_pass_yds,228.5,-110.0,-110,118.0,0,0,3.0,50.0,23.5,0,0,1,192.2017110978254,58.035128415058814,-36.29828890217459
2024,13,2024-12-01,Lamar Jackson,BAL,BAL,PHI,player_pass_yds,222.5,-110.0,-110,237.0,1,0,-3.0,50.0,26.5,1,1,0,232.40960879808367,58.035128415058814,9.909608798083667
2024,13,2024-12-02,Jameis Winston,CLE,DEN,CLE,player_pass_yds,235.5,-110.0,-110,497.0,1,0,6.5,41.5,17.5,0,0,1,291.5196397291077,58.035128415058814,56.01963972910772
2024,14,2024-12-05,Jared Goff,DET,DET,GB,player_pass_yds,253.5,-110.0,-110,283.0,1,0,-3.0,53.0,28.0,1,1,0,244.4080411210456,58.035128415058814,-9.091958878954387
2024,14,2024-12-05,Jordan Love,GB,DET,GB,player_pass_yds,253.5,-110.0,-110,206.0,0,0,3.0,53.0,25.0,0,0,1,242.59520238198326,58.035128415058814,-10.904797618016744
2024,14,2024-12-08,Jalen Hurts,PHI,PHI,CAR,player_pass_yds,201.5,-110.0,-110,108.0,0,0,-14.0,44.5,29.25,1,1,0,224.3241483523562,58.035128415058814,22.82414835235619
2024,14,2024-12-08,Bryce Young,CAR,PHI,CAR,player_pass_yds,193.5,-110.0,-110,191.0,0,0,14.0,44.5,15.25,0,0,1,210.86992776292442,58.035128415058814,17.36992776292442
2024,1,2024-09-08,Kyler Murray,ARI,BUF,ARI,player_pass_yds,221.5,-110.0,-110,162.0,0,0,6.5,46.0,19.75,0,0,1,192.44177763781428,58.035128415058814,-29.058222362185717
2024,1,2024-09-08,Josh Allen,BUF,BUF,ARI,player_pass_yds,240.5,-110.0,-110,232.0,0,0,-6.5,46.0,26.25,1,1,0,222.35615850041444,58.035128415058814,-18.143841499585562
2024,1,2024-09-08,Justin Fields,PIT,ATL,PIT,player_pass_yds,191.5,-110.0,-110,156.0,0,0,4.0,43.0,19.5,0,0,1,172.30715692,58.035128415058814,-19.19284307999999
2024,1,2024-09-08,Kirk Cousins,ATL,ATL,PIT,player_pass_yds,243.5,-110.0,-110,155.0,0,0,-4.0,43.0,23.5,1,1,0,209.7778661924431,58.035128415058814,-33.7221338075569
2024,1,2024-09-08,Bryce Young,CAR,NO,CAR,player_pass_yds,201.5,-110.0,-110,161.0,0,0,3.5,41.5,19.0,0,0,1,180.60687590250052,58.035128415058814,-20.89312409749948
2024,1,2024-09-08,Derek Carr,NO,NO,CAR,player_pass_yds,224.5,-110.0,-110,200.0,0,0,-3.5,41.5,22.5,1,1,0,197.25924680725464,58.035128415058814,-27.24075319274536
2024,1,2024-09-08,Caleb Williams,CHI,CHI,TEN,player_pass_yds,235.5,-110.0,-110,93.0,0,0,-4.0,43.0,23.5,1,1,0,195.0284191940481,58.035128415058814,-40.4715808059519
2024,1,2024-09-08,Will Levis,TEN,CHI,TEN,player_pass_yds,233.5,-110.0,-110,127.0,0,0,4.0,43.0,19.5,0,0,1,193.84480800312258,58.035128415058814,-39.65519199687742
2024,1,2024-09-08,Jacoby Brissett,NE,CIN,NE,player_pass_yds,205.5,-110.0,-110,121.0,0,0,8.0,40.5,16.25,0,0,1,196.42546574683408,58.035128415058814,-9.074534253165922
2024,1,2024-09-08,Joe Burrow,CIN,CIN,NE,player_pass_yds,245.5,-110.0,-110,164.0,0,0,-8.0,40.5,24.25,1,1,0,210.17467685795927,58.035128415058814,-35.32532314204073
2024,1,2024-09-08,Anthony Richardson,IND,IND,HOU,player_pass_yds,227.5,-110.0,-110,212.0,0,0,3.0,49.0,23.0,1,0,1,198.54779817165976,58.035128415058814,-28.952201828340236
2024,1,2024-09-08,C.J. Stroud,HOU,IND,HOU,player_pass_yds,277.5,-110.0,-110,234.0,0,0,-3.0,49.0,26.0,0,1,0,234.69951093633026,58.035128415058814,-42.800489063669744
2024,1,2024-09-08,Trevor Lawrence,JAX,MIA,JAX,player_pass_yds,253.5,-110.0,-110,162.0,0,0,3.5,49.5,23.0,0,0,1,230.41647133038836,58.035128415058814,-23.08352866961164
2024,1,2024-09-08,Tua Tagovailoa,MIA,MIA,JAX,player_pass_yds,270.5,-110.0,-110,338.0,1,0,-3.5,49.5,26.5,1,1,0,237.0432285552029,58.035128415058814,-33.45677144479711
2024,1,2024-09-08,Daniel Jones,NYG,NYG,MIN,player_pass_yds,212.5,-110.0,-110,186.0,0,0,1.0,42.5,20.75,1,0,1,189.90732106485297,58.035128415058814,-22.592678935147035
2024,1,2024-09-08,Sam Darnold,MIN,NYG,MIN,player_pass_yds,229.5,-110.0,-110,208.0,0,0,-1.0,42.5,21.75,0,1,0,200.52334830759128,58.035128415058814,-28.976651692408723
2024,1,2024-09-08,Bo Nix,DEN,SEA,DEN,player_pass_yds,200.5,-110.0,-110,138.0,0,0,6.5,42.0,17.75,0,0,1,185.7247053815008,58.035128415058814,-14.775294618499203
2024,1,2024-09-08,Geno Smith,SEA,SEA,DEN,player_pass_yds,241.5,-110.0,-110,171.0,0,0,-6.5,42.0,24.25,1,1,0,214.69425615929734,58.035128415058814,-26.80574384070266
2024,1,2024-09-08,Gardner Minshew,LV,LAC,LV,player_pass_yds,218.5,-110.0,-110,257.0,1,0,3.0,41.0,19.0,0,0,1,192.14092569781894,58.035128415058814,-26.359074302181057
2024,1,2024-09-08,Justin Herbert,LAC,LAC,LV,player_pass_yds,228.5,-110.0,-110,144.0,0,0,-3.0,41.0,22.0,1,1,0,194.6202803629955,58.035128415058814,-33.87971963700451
2024,1,2024-09-08,Deshaun Watson,CLE,CLE,DAL,player_pass_yds,213.5,-110.0,-110,169.0,0,0,-2.5,42.0,22.25,1,1,0,187.8394129527782,58.035128415058814,-25.66058704722181
2024,1,2024-09-08,Dak Prescott,DAL,CLE,DAL,player_pass_yds,248.5,-110.0,-110,179.0,0,0,2.5,42.0,19.75,0,0,1,217.47424576449077,58.035128415058814,-31.025754235509226
2024,1,2024-09-08,Jayden Daniels,WAS,TB,WAS,player_pass_yds,211.5,-110.0,-110,184.0,0,0,4.0,42.0,19.0,0,0,1,176.36162547242722,58.035128415058814,-35.13837452757278
2024,1,2024-09-08,Baker Mayfield,TB,TB,WAS,player_pass_yds,248.5,-110.0,-110,289.0,1,0,-4.0,42.0,23.0,1,1,0,226.41709169404464,58.035128415058814,-22.082908305955357
2024,1,2024-09-08,Jared Goff,DET,DET,LAR,player_pass_yds,268.5,-110.0,-110,217.0,0,0,-5.0,54.0,29.5,1,1,0,227.33610665310437,58.035128415058814,-41.163893346895634
2024,1,2024-09-08,Matthew Stafford,LAR,DET,LAR,player_pass_yds,273.5,-110.0,-110,317.0,1,0,5.0,54.0,24.5,0,0,1,229.6726703754355,58.035128415058814,-43.8273296245645
2024,1,2024-09-09,Brock Purdy,SF,SF,NYJ,player_pass_yds,240.5,-110.0,-110,231.0,0,0,-3.5,43.0,23.25,1,1,0,226.91984244181376,58.035128415058814,-13.580157558186244
2024,1,2024-09-09,Aaron Rodgers,NYJ,SF,NYJ,player_pass_yds,228.5,-110.0,-110,167.0,0,0,3.5,43.0,19.75,0,0,1,186.21813831679034,58.035128415058814,-42.281861683209655
2024,2,2024-09-12,Josh Allen,BUF,MIA,BUF,player_pass_yds,245.5,-110.0,-110,139.0,0,0,2.5,48.5,23.0,0,0,1,235.45005902887365,58.035128415058814,-10.049940971126347
2024,2,2024-09-12,Tua Tagovailoa,MIA,MIA,BUF,player_pass_yds,270.5,-110.0,-110,145.0,0,0,-2.5,48.5,25.5,1,1,0,222.18496022598157,58.035128415058814,-48.31503977401843
2024,5,2024-10-03,Baker Mayfield,TB,ATL,TB,player_pass_yds,239.5,-110.0,-110,180.0,0,0,2.5,44.0,20.75,0,0,1,237.57047035041518,58.035128415058814,-1.929529649584822
2024,5,2024-10-03,Kirk Cousins,ATL,ATL,TB,player_pass_yds,234.5,-110.0,-110,509.0,1,0,-2.5,44.0,23.25,1,1,0,278.2920899185961,58.035128415058814,43.792089918596105
2024,5,2024-10-06,Aaron Rodgers,NYJ,MIN,NYJ,player_pass_yds,222.5,-110.0,-110,244.0,1,0,2.5,42.0,19.75,0,0,1,226.41438574379555,58.035128415058814,3.914385743795549
2024,5,2024-10-06,Sam Darnold,MIN,MIN,NYJ,player_pass_yds,217.5,-110.0,-110,179.0,0,0,-2.5,42.0,22.25,1,1,0,212.26294753489182,58.035128415058814,-5.237052465108178
2024,5,2024-10-06,Josh Allen,BUF,HOU,BUF,player_pass_yds,230.5,-110.0,-110,131.0,0,0,1.0,48.0,23.5,0,0,1,215.02996689949245,58.035128415058814,-15.47003310050755
2024,5,2024-10-06,C.J. Stroud,HOU,HOU,BUF,player_pass_yds,259.5,-110.0,-110,331.0,1,0,-1.0,48.0,24.5,1,1,0,271.141921621509,58.035128415058814,11.641921621509027
2024,5,2024-10-06,Andy Dalton,CAR,CHI,CAR,player_pass_yds,214.5,-110.0,-110,136.0,0,0,4.0,40.0,18.0,0,0,1,187.66764509500157,58.035128415058814,-26.832354904998425
2024,5,2024-10-06,Caleb Williams,CHI,CHI,CAR,player_pass_yds,211.5,-110.0,-110,304.0,1,0,-4.0,40.0,22.0,1,1,0,225.93214726601008,58.035128415058814,14.432147266010077
2024,5,2024-10-06,Deshaun Watson,CLE,WAS,CLE,player_pass_yds,212.5,-110.0,-110,125.0,0,0,3.0,44.0,20.5,0,0,1,184.7787674465867,58.035128415058814,-27.7212325534133
2024,5,2024-10-06,Jayden Daniels,WAS,WAS,CLE,player_pass_yds,200.5,-110.0,-110,238.0,1,0,-3.0,44.0,23.5,1,1,0,211.38930186054884,58.035128415058814,10.88930186054884
2024,5,2024-10-06,Trevor Lawrence,JAX,JAX,IND,player_pass_yds,234.5,-110.0,-110,371.0,1,0,-3.5,45.0,24.25,1,1,0,276.1439681010588,58.035128415058814,41.64396810105882
2024,5,2024-10-06,Joe Flacco,IND,JAX,IND,player_pass_yds,241.5,-110.0,-110,359.0,1,0,3.5,45.0,20.75,0,0,1,240.03634883592406,58.035128415058814,-1.4636511640759409
2024,5,2024-10-06,Tyler Huntley,MIA,NE,MIA,player_pass_yds,162.5,-110.0,-110,194.0,1,0,-2.0,37.0,19.5,0,1,0,186.60221250530958,58.035128415058814,24.10221250530958
2024,5,2024-10-06,Jacoby Brissett,NE,NE,MIA,player_pass_yds,158.5,-110.0,-110,160.0,1,0,2.0,37.0,17.5,1,0,1,186.48205367397412,58.035128415058814,27.98205367397412
2024,5,2024-10-06,Kyler Murray,ARI,SF,ARI,player_pass_yds,220.5,-110.0,-110,195.0,0,0,7.0,48.5,20.75,0,0,1,213.3586850134027,58.035128415058814,-7.141314986597308
2024,5,2024-10-06,Brock Purdy,SF,SF,ARI,player_pass_yds,259.5,-110.0,-110,244.0,0,0,-7.0,48.5,27.75,1,1,0,222.54502443546795,58.035128415058814,-36.95497556453205
2024,5,2024-10-06,Bo Nix,DEN,DEN,LV,player_pass_yds,188.5,-110.0,-110,206.0,1,0,-3.0,36.0,19.5,1,1,0,185.57284781582663,58.035128415058814,-2.927152184173366
2024,5,2024-10-06,Gardner Minshew,LV,DEN,LV,player_pass_yds,182.5,-110.0,-110,137.0,0,0,3.0,36.0,16.5,0,0,1,171.5574478101816,58.035128415058814,-10.9425521898184
2024,5,2024-10-06,Daniel Jones,NYG,SEA,NYG,player_pass_yds,181.5,-110.0,-110,257.0,1,0,7.0,42.5,17.75,0,0,1,209.81656053310257,58.035128415058814,28.316560533102574
2024,5,2024-10-06,Geno Smith,SEA,SEA,NYG,player_pass_yds,251.5,-110.0,-110,284.0,1,0,-7.0,42.5,24.75,1,1,0,259.3225524083515,58.035128415058814,7.822552408351498
2024,5,2024-10-06,Dak Prescott,DAL,PIT,DAL,player_pass_yds,241.5,-110.0,-110,352.0,1,0,2.5,43.5,20.5,0,0,1,256.7273078969393,58.035128415058814,15.227307896939294
2024,5,2024-10-06,Justin Fields,PIT,PIT,DAL,player_pass_yds,186.5,-110.0,-110,131.0,0,0,-2.5,43.5,23.0,1,1,0,179.53213418143835,58.035128415058814,-6.967865818561648
2024,5,2024-10-07,Patrick Mahomes,KC,KC,NO,player_pass_yds,232.5,-110.0,-110,331.0,1,0,-5.5,43.0,24.25,1,1,0,272.87846767974213,58.035128415058814,40.37846767974213
2024,5,2024-10-07,Derek Carr,NO,KC,NO,player_pass_yds,212.5,-110.0,-110,165.0,0,0,5.5,43.0,18.75,0,0,1,194.58928142710022,58.035128415058814,-17.910718572899782
2024,6,2024-10-10,Brock Purdy,SF,SEA,SF,player_pass_yds,253.5,-110.0,-110,255.0,1,0,-3.5,49.0,26.25,0,1,0,236.47616554506305,58.035128415058814,-17.023834454936946
2024,6,2024-10-10,Geno Smith,SEA,SEA,SF,player_pass_yds,248.5,-110.0,-110,312.0,1,0,3.5,49.0,22.75,1,0,1,249.5924932227173,58.035128415058814,1.0924932227173088
2024,6,2024-10-13,Caleb Williams,CHI,CHI,JAX,player_pass_yds,236.5,-110.0,-110,226.0,0,0,1.5,44.5,21.5,1,0,1,251.75514959392302,58.035128415058814,15.255149593923022
2024,6,2024-10-13,Trevor Lawrence,JAX,CHI,JAX,player_pass_yds,229.5,-110.0,-110,234.0,1,0,-1.5,44.5,23.0,0,1,0,245.0800645417181,58.035128415058814,15.580064541718087
2024,6,2024-10-13,Drake Maye,NE,NE,HOU,player_pass_yds,166.5,-110.0,-110,243.0,1,0,6.5,38.5,16.0,1,0,1,207.10609955384786,58.035128415058814,40.606099553847855
2024,6,2024-10-13,C.J. Stroud,HOU,NE,HOU,player_pass_yds,237.5,-110.0,-110,192.0,0,0,-6.5,38.5,22.5,0,1,0,231.38471194212428,58.035128415058814,-6.115288057875716
2024,6,2024-10-13,Joe Flacco,IND,TEN,IND,player_pass_yds,243.5,-110.0,-110,189.0,0,0,2.5,42.0,19.75,0,0,1,223.04567476776324,58.035128415058814,-20.454325232236755
2024,6,2024-10-13,Will Levis,TEN,TEN,IND,player_pass_yds,199.5,-110.0,-110,95.0,0,0,-2.5,42.0,22.25,1,1,0,190.12283034313506,58.035128415058814,-9.377169656864936
2024,6,2024-10-13,Spencer Rattler,NO,NO,TB,player_pass_yds,179.5,-110.0,-110,243.0,1,0,3.5,42.5,19.5,1,0,1,186.5610874246013,58.035128415058814,7.061087424601311
2024,6,2024-10-13,Baker Mayfield,TB,NO,TB,player_pass_yds,238.5,-110.0,-110,325.0,1,0,-3.5,42.5,23.0,0,1,0,273.7674663798159,58.035128415058814,35.267466379815914
2024,6,2024-10-13,Justin Herbert,LAC,DEN,LAC,player_pass_yds,177.5,-110.0,-110,237.0,1,0,-3.0,37.0,20.0,0,1,0,196.43098323739227,58.035128415058814,18.93098323739227
2024,6,2024-10-13,Bo Nix,DEN,DEN,LAC,player_pass_yds,187.5,-110.0,-110,216.0,1,0,3.0,37.0,17.0,1,0,1,192.1499639070894,58.035128415058814,4.649963907089386
2024,6,2024-10-13,Aidan O'Connell,LV,LV,PIT,player_pass_yds,188.5,-110.0,-110,227.0,1,0,3.5,36.5,16.5,1,0,1,190.69799475144907,58.035128415058814,2.197994751449073
2024,6,2024-10-13,Justin Fields,PIT,LV,PIT,player_pass_yds,175.5,-110.0,-110,145.0,0,0,-3.5,36.5,20.0,0,1,0,186.5274163748084,58.035128415058814,11.02741637480841
2024,6,2024-10-13,Kirk Cousins,ATL,CAR,ATL,player_pass_yds,252.5,-110.0,-110,225.0,0,0,-6.0,45.5,25.75,0,1,0,250.14311597383127,58.035128415058814,-2.3568840261687285
2024,6,2024-10-13,Andy Dalton,CAR,CAR,ATL,player_pass_yds,220.5,-110.0,-110,221.0,1,0,6.0,45.5,19.75,1,0,1,217.47411237023525,58.035128415058814,-3.0258876297647532
2024,6,2024-10-13,Dak Prescott,DAL,DAL,DET,player_pass_yds,282.5,-110.0,-110,178.0,0,0,3.5,52.5,24.5,1,0,1,224.35004537775268,58.035128415058814,-58.14995462224732
2024,6,2024-10-13,Jared Goff,DET,DAL,DET,player_pass_yds,245.5,-110.0,-110,315.0,1,0,-3.5,52.5,28.0,0,1,0,250.98021720606644,58.035128415058814,5.480217206066442
2024,6,2024-10-13,Joe Burrow,CIN,NYG,CIN,player_pass_yds,257.5,-110.0,-110,208.0,0,0,-4.5,46.0,25.25,0,1,0,252.23125407630718,58.035128415058814,-5.268745923692819
2024,6,2024-10-13,Daniel Jones,NYG,NYG,CIN,player_pass_yds,215.5,-110.0,-110,205.0,0,0,4.5,46.0,20.75,1,0,1,218.18624026835514,58.035128415058814,2.686240268355135
2024,6,2024-10-14,Josh Allen,BUF,NYJ,BUF,player_pass_yds,199.5,-110.0,-110,215.0,1,0,-1.0,42.0,21.5,0,1,0,214.93458964240372,58.035128415058814,15.434589642403722
2024,6,2024-10-14,Aaron Rodgers,NYJ,NYJ,BUF,player_pass_yds,213.5,-110.0,-110,294.0,1,0,1.0,42.0,20.5,1,0,1,234.17337801019957,58.035128415058814,20.67337801019957
2024,7,2024-10-17,Spencer Rattler,NO,NO,DEN,player_pass_yds,184.5,-110.0,-110,172.0,0,0,2.5,37.0,17.25,1,0,1,192.65822812634084,58.035128415058814,8.158228126340845
2024,7,2024-10-17,Bo Nix,DEN,NO,DEN,player_pass_yds,194.5,-110.0,-110,164.0,0,0,-2.5,37.0,19.75,0,1,0,192.03431199718256,58.035128415058814,-2.465688002817444
2024,7,2024-10-20,Drake Maye,NE,JAX,NE,player_pass_yds,200.5,-110.0,-110,276.0,1,0,6.5,42.0,17.75,0,0,1,204.67471705840433,58.035128415058814,4.174717058404326
2024,7,2024-10-20,Trevor Lawrence,JAX,JAX,NE,player_pass_yds,230.5,-110.0,-110,193.0,0,0,-6.5,42.0,24.25,1,1,0,244.02630700097276,58.035128415058814,13.526307000972764
2024,7,2024-10-20,Kirk Cousins,ATL,ATL,SEA,player_pass_yds,262.5,-110.0,-110,232.0,0,0,-3.0,51.5,27.25,1,1,0,233.68578114149994,58.035128415058814,-28.814218858500055
2024,7,2024-10-20,Geno Smith,SEA,ATL,SEA,player_pass_yds,267.5,-110.0,-110,207.0,0,0,3.0,51.5,24.25,0,0,1,219.91206088736703,58.035128415058814,-47.58793911263297
2024,7,2024-10-20,Josh Allen,BUF,BUF,TEN,player_pass_yds,215.5,-110.0,-110,323.0,1,0,-9.5,41.0,25.25,1,1,0,260.10253608143614,58.035128415058814,44.60253608143614
2024,7,2024-10-20,Mason Rudolph,TEN,BUF,TEN,player_pass_yds,181.5,-110.0,-110,215.0,1,0,9.5,41.0,15.75,0,0,1,209.24609320487556,58.035128415058814,27.746093204875564
2024,7,2024-10-20,Joe Burrow,CIN,CLE,CIN,player_pass_yds,249.5,-110.0,-110,181.0,0,0,-5.5,42.0,23.75,0,1,0,248.61107169489154,58.035128415058814,-0.8889283051084647
2024,7,2024-10-20,Deshaun Watson,CLE,CLE,CIN,player_pass_yds,178.5,-110.0,-110,128.0,0,0,5.5,42.0,18.25,1,0,1,193.5854821655887,58.035128415058814,15.0854821655887
2024,7,2024-10-20,Jared Goff,DET,MIN,DET,player_pass_yds,254.5,-110.0,-110,280.0,1,0,1.0,50.5,24.75,0,0,1,246.46510014372407,58.035128415058814,-8.034899856275928
2024,7,2024-10-20,Sam Darnold,MIN,MIN,DET,player_pass_yds,261.5,-110.0,-110,259.0,0,0,-1.0,50.5,25.75,1,1,0,249.65945539418868,58.035128415058814,-11.840544605811317
2024,7,2024-10-20,Tyler Huntley,MIA,IND,MIA,player_pass_yds,184.5,-110.0,-110,87.0,0,0,3.0,44.0,20.5,0,0,1,159.7258052267128,58.035128415058814,-24.774194773287206
2024,7,2024-10-20,Anthony Richardson,IND,IND,MIA,player_pass_yds,200.5,-110.0,-110,129.0,0,0,-3.0,44.0,23.5,1,1,0,193.20792254089073,58.035128415058814,-7.292077459109265
2024,7,2024-10-20,Jayden Daniels,WAS,WAS,CAR,player_pass_yds,239.5,-110.0,-110,6.0,0,0,-10.0,51.0,30.5,1,1,0,194.20934143073117,58.035128415058814,-45.29065856926883
2024,7,2024-10-20,Andy Dalton,CAR,WAS,CAR,player_pass_yds,233.5,-110.0,-110,93.0,0,0,10.0,51.0,20.5,0,0,1,184.81164920494749,58.035128415058814,-48.688350795052514
2024,7,2024-10-20,Aidan O'Connell,LV,LAR,LV,player_pass_yds,216.5,-110.0,-110,52.0,0,0,7.0,43.0,18.0,0,0,1,176.29697034962163,58.035128415058814,-40.20302965037837
2024,7,2024-10-20,Matthew Stafford,LAR,LAR,LV,player_pass_yds,230.5,-110.0,-110,154.0,0,0,-7.0,43.0,25.0,1,1,0,217.78463891709168,58.035128415058814,-12.715361082908316
2024,7,2024-10-20,Brock Purdy,SF,SF,KC,player_pass_yds,254.5,-110.0,-110,212.0,0,0,-2.5,47.5,25.0,1,1,0,228.69473021824666,58.035128415058814,-25.80526978175334
2024,7,2024-10-20,Patrick Mahomes,KC,SF,KC,player_pass_yds,246.5,-110.0,-110,154.0,0,0,2.5,47.5,22.5,0,0,1,235.07832797240988,58.035128415058814,-11.42167202759012
2024,7,2024-10-20,Aaron Rodgers,NYJ,PIT,NYJ,player_pass_yds,225.5,-110.0,-110,276.0,1,0,-3.0,40.0,21.5,0,1,0,244.49086220957264,58.035128415058814,18.99086220957264
2024,7,2024-10-20,Russell Wilson,PIT,PIT,NYJ,player_pass_yds,174.5,-110.0,-110,264.0,1,0,3.0,40.0,18.5,1,0,1,194.80207855771616,58.035128415058814,20.302078557716158
2024,7,2024-10-21,Justin Herbert,LAC,ARI,LAC,player_pass_yds,203.5,-110.0,-110,349.0,1,0,-1.0,44.0,22.5,0,1,0,248.57054638598964,58.035128415058814,45.070546385989644
2024,7,2024-10-21,Kyler Murray,ARI,ARI,LAC,player_pass_yds,215.5,-110.0,-110,145.0,0,0,1.0,44.0,21.5,1,0,1,227.86464873726715,58.035128415058814,12.364648737267146
2024,8,2024-10-24,Sam Darnold,MIN,LAR,MIN,player_pass_yds,244.5,-110.0,-110,240.0,0,0,-3.0,47.5,25.25,0,1,0,253.3215747945086,58.035128415058814,8.821574794508592
2024,8,2024-10-24,Matthew Stafford,LAR,LAR,MIN,player_pass_yds,244.5,-110.0,-110,279.0,1,0,3.0,47.5,22.25,1,0,1,262.50924066251173,58.035128415058814,18.00924066251173
2024,8,2024-10-27,Tua Tagovailoa,MIA,MIA,ARI,player_pass_yds,251.5,-110.0,-110,234.0,0,0,-4.0,46.5,25.25,1,1,0,270.28207210501495,58.035128415058814,18.782072105014947
2024,8,2024-10-27,Kyler Murray,ARI,MIA,ARI,player_pass_yds,203.5,-110.0,-110,307.0,1,0,4.0,46.5,21.25,0,0,1,248.7953477454403,58.035128415058814,45.295347745440296
2024,8,2024-10-27,Kirk Cousins,ATL,TB,ATL,player_pass_yds,248.5,-110.0,-110,276.0,1,0,-1.5,47.0,24.25,0,1,0,255.23275815755585,58.035128415058814,6.73275815755585
2024,8,2024-10-27,Baker Mayfield,TB,TB,ATL,player_pass_yds,222.5,-110.0,-110,330.0,1,0,1.5,47.0,22.75,1,0,1,256.7992889221564,58.035128415058814,34.29928892215639
2024,8,2024-10-27,Caleb Williams,CHI,WAS,CHI,player_pass_yds,227.5,-110.0,-110,131.0,0,0,1.5,46.5,22.5,0,0,1,211.17242783625017,58.035128415058814,-16.327572163749835
2024,8,2024-10-27,Mason Rudolph,TEN,DET,TEN,player_pass_yds,200.5,-115.0,-105,266.0,1,0,12.5,45.0,16.25,0,0,1,211.11040911496036,58.035128415058814,10.610409114960362
2024,8,2024-10-27,Jared Goff,DET,DET,TEN,player_pass_yds,237.5,-110.0,-110,85.0,0,0,-12.5,45.0,28.75,1,1,0,207.9283744875274,58.035128415058814,-29.571625512472593
2024,8,2024-10-27,Anthony Richardson,IND,HOU,IND,player_pass_yds,191.5,-110.0,-110,175.0,0,0,5.0,45.0,20.0,0,0,1,201.64343216103615,58.035128415058814,10.143432161036145
2024,8,2024-10-27,C.J. Stroud,HOU,HOU,IND,player_pass_yds,236.5,-110.0,-110,285.0,1,0,-5.0,45.0,25.0,1,1,0,247.8232711400914,58.035128415058814,11.323271140091407
2024,8,2024-10-27,Drake Maye,NE,NE,NYJ,player_pass_yds,203.5,-110.0,-110,23.0,0,0,7.0,41.0,17.0,1,0,1,177.3736401414749,58.035128415058814,-26.126359858525092
2024,8,2024-10-27,Aaron Rodgers,NYJ,NE,NYJ,player_pass_yds,237.5,-110.0,-110,233.0,0,0,-7.0,41.0,24.0,0,1,0,229.1682648301615,58.035128415058814,-8.33173516983851
2024,8,2024-10-27,Josh Allen,BUF,SEA,BUF,player_pass_yds,227.5,-110.0,-110,283.0,1,0,-3.0,45.5,24.25,0,1,0,250.6034551773719,58.035128415058814,23.1034551773719
2024,8,2024-10-27,Geno Smith,SEA,SEA,BUF,player_pass_yds,242.5,-110.0,-110,212.0,0,0,3.0,45.5,21.25,1,0,1,241.6898264123016,58.035128415058814,-0.8101735876983867
2024,8,2024-10-27,Justin Herbert,LAC,LAC,NO,player_pass_yds,205.5,-105.0,-115,279.0,1,0,-7.0,41.5,24.25,1,1,0,240.88043654979262,58.035128415058814,35.38043654979262
2024,8,2024-10-27,Spencer Rattler,NO,LAC,NO,player_pass_yds,180.5,-115.0,-105,156.0,0,0,7.0,41.5,17.25,0,0,1,196.76740697761483,58.035128415058814,16.267406977614826
2024,8,2024-10-27,Bo Nix,DEN,DEN,CAR,player_pass_yds,201.5,-110.0,-110,284.0,1,0,-13.0,40.5,26.75,1,1,0,241.32660637409765,58.035128415058814,39.82660637409765
2024,8,2024-10-27,Bryce Young,CAR,DEN,CAR,player_pass_yds,161.5,-110.0,-110,224.0,1,0,13.0,40.5,13.75,0,0,1,206.20733670896897,58.035128415058814,44.70733670896897
2024,8,2024-10-27,Gardner Minshew,LV,LV,KC,player_pass_yds,201.5,-110.0,-110,209.0,1,0,9.0,42.0,16.5,1,0,1,211.36632933308934,58.035128415058814,9.86632933308934
2024,8,2024-10-27,Patrick Mahomes,KC,LV,KC,player_pass_yds,235.5,-110.0,-110,262.0,1,0,-9.0,42.0,25.5,0,1,0,262.1054363396913,58.035128415058814,26.605436339691323
2024,8,2024-10-27,Brock Purdy,SF,SF,DAL,player_pass_yds,236.5,-110.0,-110,260.0,1,0,-5.5,48.0,26.75,1,1,0,241.81646103424114,58.035128415058814,5.316461034241144
2024,8,2024-10-27,Dak Prescott,DAL,SF,DAL,player_pass_yds,250.5,-110.0,-110,243.0,0,0,5.5,48.0,21.25,0,0,1,248.21949140966782,58.035128415058814,-2.2805085903321753
2024,8,2024-10-28,Daniel Jones,NYG,PIT,NYG,player_pass_yds,188.5,-110.0,-110,264.0,1,0,6.0,37.5,15.75,0,0,1,220.35008361730232,58.035128415058814,31.850083617302317
2024,8,2024-10-28,Russell Wilson,PIT,PIT,NYG,player_pass_yds,198.5,-110.0,-110,278.0,1,0,-6.0,37.5,21.75,1,1,0,216.65547401602944,58.035128415058814,18.155474016029444
2024,9,2024-10-31,Aaron Rodgers,NYJ,NYJ,HOU,player_pass_yds,229.5,-110.0,-110,211.0,0,0,-2.5,43.5,23.0,1,1,0,228.5085003227374,58.035128415058814,-0.9914996772625955
2024,9,2024-10-31,C.J. Stroud,HOU,NYJ,HOU,player_pass_yds,222.5,-110.0,-110,191.0,0,0,2.5,43.5,20.5,0,0,1,212.1715928244669,58.035128415058814,-10.328407175533101
2024,9,2024-11-03,Kirk Cousins,ATL,ATL,DAL,player_pass_yds,254.5,-110.0,-110,222.0,0,0,-3.0,52.0,27.5,1,1,0,242.46938475031095,58.035128415058814,-12.030615249689049
2024,9,2024-11-03,Dak Prescott,DAL,ATL,DAL,player_pass_yds,266.5,-110.0,-110,133.0,0,0,3.0,52.0,24.5,0,0,1,218.86593284853433,58.035128415058814,-47.63406715146567
2024,9,2024-11-03,Tua Tagovailoa,MIA,BUF,MIA,player_pass_yds,241.5,-110.0,-110,231.0,0,0,6.5,49.0,21.25,0,0,1,249.1871805857514,58.035128415058814,7.687180585751406
2024,9,2024-11-03,Josh Allen,BUF,BUF,MIA,player_pass_yds,237.5,-110.0,-110,235.0,0,0,-6.5,49.0,27.75,1,1,0,235.69627944945034,58.035128415058814,-1.8037205505496559
2024,9,2024-11-03,Derek Carr,NO,CAR,NO,player_pass_yds,227.5,-110.0,-110,236.0,1,0,-7.0,43.5,25.25,0,1,0,237.15367798482967,58.035128415058814,9.65367798482967
2024,9,2024-11-03,Bryce Young,CAR,CAR,NO,player_pass_yds,182.5,-110.0,-110,171.0,0,0,7.0,43.5,18.25,1,0,1,162.90737972197383,58.035128415058814,-19.592620278026175
2024,9,2024-11-03,Gardner Minshew,LV,CIN,LV,player_pass_yds,213.5,-110.0,-110,124.0,0,0,8.0,45.0,18.5,0,0,1,196.05216404153356,58.035128415058814,-17.44783595846644
2024,9,2024-11-03,Joe Burrow,CIN,CIN,LV,player_pass_yds,257.5,-110.0,-110,251.0,0,0,-8.0,45.0,26.5,1,1,0,278.1563937625392,58.035128415058814,20.65639376253921
2024,9,2024-11-03,Justin Herbert,LAC,CLE,LAC,player_pass_yds,226.5,-110.0,-110,282.0,1,0,-2.0,42.5,22.25,0,1,0,245.79285396177437,58.035128415058814,19.29285396177437
2024,9,2024-11-03,Jameis Winston,CLE,CLE,LAC,player_pass_yds,241.5,-110.0,-110,235.0,0,0,2.0,42.5,20.25,1,0,1,222.71078644753095,58.035128415058814,-18.78921355246905
2024,9,2024-11-03,Joe Flacco,IND,MIN,IND,player_pass_yds,239.5,-110.0,-110,179.0,0,0,6.5,47.0,20.25,0,0,1,246.68663094077291,58.035128415058814,7.186630940772915
2024,9,2024-11-03,Sam Darnold,MIN,MIN,IND,player_pass_yds,253.5,-110.0,-110,290.0,1,0,-6.5,47.0,26.75,1,1,0,282.0766270825689,58.035128415058814,28.576627082568905
2024,9,2024-11-03,Drake Maye,NE,TEN,NE,player_pass_yds,194.5,-110.0,-110,206.0,1,0,3.0,38.5,17.75,0,0,1,193.41623369021588,58.035128415058814,-1.0837663097841244
2024,9,2024-11-03,Mason Rudolph,TEN,TEN,NE,player_pass_yds,196.5,-110.0,-110,240.0,1,0,-3.0,38.5,20.75,1,1,0,220.89252803500395,58.035128415058814,24.39252803500395
2024,9,2024-11-03,Jayden Daniels,WAS,NYG,WAS,player_pass_yds,221.5,-110.0,-110,209.0,0,0,-4.5,44.5,24.5,0,1,0,236.55858356016185,58.035128415058814,15.05858356016185
2024,9,2024-11-03,Daniel Jones,NYG,NYG,WAS,player_pass_yds,195.5,-110.0,-110,174.0,0,0,4.5,44.5,20.0,1,0,1,206.52356600218488,58.035128415058814,11.023566002184879
2024,9,2024-11-03,Caleb Williams,CHI,ARI,CHI,player_pass_yds,223.5,-110.0,-110,217.0,0,0,1.5,44.5,21.5,0,0,1,226.57413646735736,58.035128415058814,3.074136467357363
2024,9,2024-11-03,Kyler Murray,ARI,ARI,CHI,player_pass_yds,220.5,-110.0,-110,154.0,0,0,-1.5,44.5,23.0,1,1,0,212.7304657064835,58.035128415058814,-7.7695342935165
2024,9,2024-11-03,Geno Smith,SEA,SEA,LAR,player_pass_yds,247.5,-110.0,-110,363.0,1,0,1.5,48.5,23.5,1,0,1,262.8377325980307,58.035128415058814,15.337732598030698
2024,9,2024-11-03,Matthew Stafford,LAR,SEA,LAR,player_pass_yds,241.5,-110.0,-110,298.0,1,0,-1.5,48.5,25.0,0,1,0,263.11554458059186,58.035128415058814,21.61554458059186
2024,9,2024-11-04,Baker Mayfield,TB,KC,TB,player_pass_yds,239.5,-110.0,-110,200.0,0,0,9.0,45.5,18.25,0,0,1,237.94477941662183,58.035128415058814,-1.5552205833781727
2024,9,2024-11-04,Patrick Mahomes,KC,KC,TB,player_pass_yds,250.5,-110.0,-110,291.0,1,0,-9.0,45.5,27.25,1,1,0,271.94788753772804,58.035128415058814,21.447887537728036
2024,10,2024-11-10,Daniel Jones,NYG,CAR,NYG,player_pass_yds,198.5,-110.0,-110,190.0,0,0,-6.5,40.5,23.5,0,1,0,223.90637913061087,58.035128415058814,25.406379130610873
2024,10,2024-11-10,Bryce Young,CAR,CAR,NYG,player_pass_yds,182.5,-110.0,-110,126.0,0,0,6.5,40.5,17.0,1,0,1,173.78353562051998,58.035128415058814,-8.716464379480016
2024,10,2024-11-10,Derek Carr,NO,NO,ATL,player_pass_yds,207.5,-110.0,-110,269.0,1,0,3.5,46.5,21.5,1,0,1,243.20489606076106,58.035128415058814,35.70489606076106
2024,10,2024-11-10,Kirk Cousins,ATL,NO,ATL,player_pass_yds,240.5,-110.0,-110,306.0,1,0,-3.5,46.5,25.0,0,1,0,263.5570246412467,58.035128415058814,23.0570246412467
2024,10,2024-11-10,Josh Allen,BUF,IND,BUF,player_pass_yds,227.5,-110.0,-110,280.0,1,0,-4.5,46.5,25.5,0,1,0,247.53342279915586,58.035128415058814,20.033422799155858
2024,10,2024-11-10,Joe Flacco,IND,IND,BUF,player_pass_yds,230.5,-110.0,-110,272.0,1,0,4.5,46.5,21.0,1,0,1,254.54333737069425,58.035128415058814,24.043337370694246
2024,10,2024-11-10,Caleb Williams,CHI,CHI,NE,player_pass_yds,202.5,-110.0,-110,120.0,0,0,-6.5,37.5,22.0,1,1,0,197.09655211630113,58.035128415058814,-5.403447883698874
2024,10,2024-11-10,Drake Maye,NE,CHI,NE,player_pass_yds,192.5,-110.0,-110,184.0,0,0,6.5,37.5,15.5,0,0,1,197.58154850772942,58.035128415058814,5.081548507729423
2024,10,2024-11-10,Patrick Mahomes,KC,KC,DEN,player_pass_yds,230.5,-110.0,-110,266.0,1,0,-7.5,42.5,25.0,1,1,0,265.8148697571095,58.035128415058814,35.31486975710948
2024,10,2024-11-10,Bo Nix,DEN,KC,DEN,player_pass_yds,199.5,-110.0,-110,215.0,1,0,7.5,42.5,17.5,0,0,1,223.261010222932,58.035128415058814,23.761010222931986
2024,10,2024-11-10,Mac Jones,JAX,JAX,MIN,player_pass_yds,204.5,-110.0,-110,111.0,0,0,7.0,42.5,17.75,1,0,1,176.6468006547527,58.035128415058814,-27.853199345247305
2024,10,2024-11-10,Sam Darnold,MIN,JAX,MIN,player_pass_yds,241.5,-110.0,-110,241.0,0,0,-7.0,42.5,24.75,0,1,0,249.91614710530874,58.035128415058814,8.416147105308738
2024,10,2024-11-10,Jayden Daniels,WAS,WAS,PIT,player_pass_yds,219.5,-110.0,-110,202.0,0,0,-1.5,45.0,23.25,1,1,0,228.92549016725434,58.035128415058814,9.425490167254338
2024,10,2024-11-10,Russell Wilson,PIT,WAS,PIT,player_pass_yds,208.5,-110.0,-110,195.0,0,0,1.5,45.0,21.75,0,0,1,196.4855665240336,58.035128415058814,-12.014433475966399
2024,10,2024-11-10,Baker Mayfield,TB,TB,SF,player_pass_yds,243.5,-110.0,-110,116.0,0,0,6.5,50.5,22.0,1,0,1,214.53840852683547,58.035128415058814,-28.961591473164532
2024,10,2024-11-10,Brock Purdy,SF,TB,SF,player_pass_yds,256.5,-110.0,-110,353.0,1,0,-6.5,50.5,28.5,0,1,0,254.4335866087897,58.035128415058814,-2.0664133912102898
2024,10,2024-11-10,Justin Herbert,LAC,LAC,TEN,player_pass_yds,230.5,-110.0,-110,164.0,0,0,-8.0,40.0,24.0,1,1,0,224.8347212885023,58.035128415058814,-5.665278711497706
2024,10,2024-11-10,Will Levis,TEN,LAC,TEN,player_pass_yds,186.5,-110.0,-110,175.0,0,0,8.0,40.0,16.0,0,0,1,205.57134324521635,58.035128415058814,19.071343245216354
2024,10,2024-11-10,Kyler Murray,ARI,ARI,NYJ,player_pass_yds,198.5,-110.0,-110,266.0,1,0,2.0,45.5,21.75,1,0,1,217.13855458911124,58.035128415058814,18.638554589111237
2024,10,2024-11-10,Aaron Rodgers,NYJ,ARI,NYJ,player_pass_yds,245.5,-110.0,-110,151.0,0,0,-2.0,45.5,23.75,0,1,0,227.34032401499604,58.035128415058814,-18.159675985003958
2024,10,2024-11-10,Jared Goff,DET,HOU,DET,player_pass_yds,230.5,-110.0,-110,240.0,1,0,-4.5,49.0,26.75,0,1,0,263.5995834766015,58.035128415058814,33.09958347660148
2024,10,2024-11-10,C.J. Stroud,HOU,HOU,DET,player_pass_yds,231.5,-110.0,-110,232.0,1,0,4.5,49.0,22.25,1,0,1,227.40800995653734,58.035128415058814,-4.091990043462658
2024,10,2024-11-11,Matthew Stafford,LAR,LAR,MIA,player_pass_yds,253.5,-110.0,-110,293.0,1,0,-2.5,49.5,26.0,1,1,0,262.58216228785875,58.035128415058814,9.08216228785875
2024,10,2024-11-11,Tua Tagovailoa,MIA,LAR,MIA,player_pass_yds,247.5,-110.0,-110,207.0,0,0,2.5,49.5,23.5,0,0,1,240.90060716165775,58.035128415058814,-6.599392838342254
2024,11,2024-11-17,Jameis Winston,CLE,NO,CLE,player_pass_yds,239.5,-110.0,-110,395.0,1,0,-1.0,44.0,22.5,0,1,0,271.1305148923273,58.035128415058814,31.630514892327312
2024,11,2024-11-17,Derek Carr,NO,NO,CLE,player_pass_yds,215.5,-110.0,-110,248.0,1,0,1.0,44.0,21.5,1,0,1,240.0075799151598,58.035128415058814,24.507579915159795
2024,11,2024-11-17,Jared Goff,DET,DET,JAX,player_pass_yds,230.5,-110.0,-110,412.0,1,0,-14.0,47.5,30.75,1,1,0,284.41383313123833,58.035128415058814,53.913833131238334
2024,11,2024-11-17,Mac Jones,JAX,DET,JAX,player_pass_yds,195.5,-110.0,-110,138.0,0,0,14.0,47.5,16.75,0,0,1,189.6175584742079,58.035128415058814,-5.882441525792103
2024,11,2024-11-17,Gardner Minshew,LV,MIA,LV,player_pass_yds,182.5,-110.0,-110,282.0,1,0,8.0,43.5,17.75,0,0,1,235.16516034495137,58.035128415058814,52.665160344951374
2024,11,2024-11-17,Tua Tagovailoa,MIA,MIA,LV,player_pass_yds,236.5,-110.0,-110,288.0,1,0,-8.0,43.5,25.75,1,1,0,277.5730337988982,58.035128415058814,41.07303379889822
2024,11,2024-11-17,Drake Maye,NE,NE,LAR,player_pass_yds,205.5,-110.0,-110,282.0,1,0,4.0,42.5,19.25,1,0,1,229.6966536752969,58.035128415058814,24.196653675296886
2024,11,2024-11-17,Matthew Stafford,LAR,NE,LAR,player_pass_yds,241.5,-110.0,-110,295.0,1,0,-4.0,42.5,23.25,0,1,0,247.41848916398564,58.035128415058814,5.91848916398564
2024,11,2024-11-17,Sam Darnold,MIN,TEN,MIN,player_pass_yds,233.5,-110.0,-110,246.0,1,0,-6.0,40.0,23.0,0,1,0,258.37305961083484,58.035128415058814,24.873059610834844
2024,11,2024-11-17,Will Levis,TEN,TEN,MIN,player_pass_yds,189.5,-110.0,-110,295.0,1,0,6.0,40.0,17.0,1,0,1,226.8447631443004,58.035128415058814,37.3447631443004
2024,11,2024-11-17,Bo Nix,DEN,DEN,ATL,player_pass_yds,207.5,-110.0,-110,307.0,1,0,-2.0,44.5,23.25,1,1,0,247.22975071480715,58.035128415058814,39.72975071480715
2024,11,2024-11-17,Kirk Cousins,ATL,DEN,ATL,player_pass_yds,238.5,-110.0,-110,173.0,0,0,2.0,44.5,21.25,0,0,1,233.76972363840824,58.035128415058814,-4.730276361591763
2024,11,2024-11-17,Geno Smith,SEA,SF,SEA,player_pass_yds,247.5,-110.0,-110,221.0,0,0,6.0,49.0,21.5,0,0,1,231.11873020726216,58.035128415058814,-16.38126979273784
2024,11,2024-11-17,Brock Purdy,SF,SF,SEA,player_pass_yds,255.5,-110.0,-110,159.0,0,0,-6.0,49.0,27.5,1,1,0,231.89091515434905,58.035128415058814,-23.609084845650955
2024,11,2024-11-17,Josh Allen,BUF,BUF,KC,player_pass_yds,237.5,-110.0,-110,262.0,1,0,-2.5,46.5,24.5,1,1,0,238.19156229644608,58.035128415058814,0.6915622964460795
2024,11,2024-11-17,Patrick Mahomes,KC,BUF,KC,player_pass_yds,240.5,-110.0,-110,196.0,0,0,2.5,46.5,22.0,0,0,1,236.80592834928603,58.035128415058814,-3.6940716507139655
2024,11,2024-11-17,Joe Burrow,CIN,LAC,CIN,player_pass_yds,262.5,-110.0,-110,356.0,1,0,1.0,48.0,23.5,0,0,1,280.87712304384286,58.035128415058814,18.377123043842857
2024,11,2024-11-17,Justin Herbert,LAC,LAC,CIN,player_pass_yds,242.5,-110.0,-110,297.0,1,0,-1.0,48.0,24.5,1,1,0,252.79613804868012,58.035128415058814,10.29613804868012
2024,11,2024-11-18,C.J. Stroud,HOU,DAL,HOU,player_pass_yds,229.5,-110.0,-110,257.0,1,0,-7.5,41.5,24.5,0,1,0,250.17674927346405,58.035128415058814,20.676749273464054
2024,11,2024-11-18,Cooper Rush,DAL,DAL,HOU,player_pass_yds,176.5,-110.0,-110,354.0,1,0,7.5,41.5,17.0,1,0,1,211.80641930292768,58.035128415058814,35.30641930292768
2024,12,2024-11-21,Russell Wilson,PIT,CLE,PIT,player_pass_yds,182.5,-110.0,-110,270.0,1,0,-3.5,36.5,20.0,0,1,0,214.92647906607382,58.035128415058814,32.426479066073824
2024,12,2024-11-21,Jameis Winston,CLE,CLE,PIT,player_pass_yds,212.5,-110.0,-110,219.0,1,0,3.5,36.5,16.5,1,0,1,217.90950275619156,58.035128415058814,5.409502756191557
2024,12,2024-11-24,Patrick Mahomes,KC,CAR,KC,player_pass_yds,236.5,-110.0,-110,269.0,1,0,-11.0,43.0,27.0,0,1,0,264.44462413203325,58.035128415058814,27.944624132033255
2024,12,2024-11-24,Bryce Young,CAR,CAR,KC,player_pass_yds,176.5,-110.0,-110,263.0,1,0,11.0,43.0,16.0,1,0,1,227.223976622957,58.035128415058814,50.723976622957
2024,12,2024-11-24,Caleb Williams,CHI,CHI,MIN,player_pass_yds,197.5,-110.0,-110,340.0,1,0,3.0,39.5,18.25,1,0,1,240.98241872722178,58.035128415058814,43.482418727221784
2024,12,2024-11-24,Sam Darnold,MIN,CHI,MIN,player_pass_yds,225.5,-110.0,-110,330.0,1,0,-3.0,39.5,21.25,0,1,0,252.5280705403453,58.035128415058814,27.02807054034531
2024,12,2024-11-24,Jayden Daniels,WAS,WAS,DAL,player_pass_yds,223.5,-110.0,-110,275.0,1,0,-10.5,45.0,27.75,1,1,0,255.44373837665694,58.035128415058814,31.94373837665694
2024,12,2024-11-24,Cooper Rush,DAL,WAS,DAL,player_pass_yds,204.5,-110.0,-110,247.0,1,0,10.5,45.0,17.25,0,0,1,207.17754638573697,58.035128415058814,2.6775463857369743
2024,12,2024-11-24,Jared Goff,DET,IND,DET,player_pass_yds,250.5,-110.0,-110,269.0,1,0,-7.0,50.5,28.75,0,1,0,248.65859698185264,58.035128415058814,-1.8414030181473606
2024,12,2024-11-24,Anthony Richardson,IND,IND,DET,player_pass_yds,207.5,-110.0,-110,172.0,0,0,7.0,50.5,21.75,1,0,1,206.94783861245568,58.035128415058814,-0.5521613875443165
2024,12,2024-11-24,C.J. Stroud,HOU,HOU,TEN,player_pass_yds,239.5,-110.0,-110,247.0,1,0,-8.0,40.5,24.25,1,1,0,249.93324192019935,58.035128415058814,10.43324192019935
2024,12,2024-11-24,Will Levis,TEN,HOU,TEN,player_pass_yds,191.5,-110.0,-110,278.0,1,0,8.0,40.5,16.25,0,0,1,227.5345137635523,58.035128415058814,36.0345137635523
2024,12,2024-11-24,Tua Tagovailoa,MIA,MIA,NE,player_pass_yds,245.5,-110.0,-110,317.0,1,0,-7.5,46.0,26.75,1,1,0,284.3914802250665,58.035128415058814,38.891480225066516
2024,12,2024-11-24,Drake Maye,NE,MIA,NE,player_pass_yds,215.5,-110.0,-110,222.0,1,0,7.5,46.0,19.25,0,0,1,220.89455123256718,58.035128415058814,5.394551232567181
2024,12,2024-11-24,Tommy DeVito,NYG,NYG,TB,player_pass_yds,179.5,-110.0,-110,189.0,1,0,6.5,40.5,17.0,1,0,1,206.5534090806347,58.035128415058814,27.053409080634708
2024,12,2024-11-24,Baker Mayfield,TB,NYG,TB,player_pass_yds,229.5,-110.0,-110,294.0,1,0,-6.5,40.5,23.5,0,1,0,263.0783642075684,58.035128415058814,33.57836420756843
2024,12,2024-11-24,Gardner Minshew,LV,LV,DEN,player_pass_yds,208.5,-110.0,-110,230.0,1,0,6.5,41.5,17.5,1,0,1,217.07327065302087,58.035128415058814,8.57327065302087
2024,12,2024-11-24,Bo Nix,DEN,LV,DEN,player_pass_yds,221.5,-110.0,-110,273.0,1,0,-6.5,41.5,24.0,0,1,0,244.01567365076417,58.035128415058814,22.51567365076417
2024,12,2024-11-24,Geno Smith,SEA,SEA,ARI,player_pass_yds,252.5,-110.0,-110,254.0,1,0,1.0,46.5,22.75,1,0,1,258.74550038463667,58.035128415058814,6.245500384636671
2024,12,2024-11-24,Kyler Murray,ARI,SEA,ARI,player_pass_yds,215.5,-110.0,-110,285.0,1,0,-1.0,46.5,23.75,0,1,0,235.91758380392977,58.035128415058814,20.417583803929773
2024,13,2024-11-28,Caleb Williams,CHI,DET,CHI,player_pass_yds,228.5,-110.0,-110,256.0,1,0,9.5,47.5,19.0,0,0,1,239.5920057217542,58.035128415058814,11.092005721754191
2024,13,2024-11-28,Jared Goff,DET,DET,CHI,player_pass_yds,248.5,-110.0,-110,221.0,0,0,-9.5,47.5,28.5,1,1,0,245.0369998021209,58.035128415058814,-3.463000197879097
2024,13,2024-11-28,Cooper Rush,DAL,DAL,NYG,player_pass_yds,213.5,-110.0,-110,195.0,0,0,-4.5,39.0,21.75,1,1,0,210.70982459504452,58.035128415058814,-2.790175404955477
2024,13,2024-11-28,Drew Lock,NYG,DAL,NYG,player_pass_yds,199.5,-110.0,-110,178.0,0,0,4.5,39.0,17.25,0,0,1,190.793875974511,58.035128415058814,-8.706124025489004
2024,13,2024-11-29,Aidan O'Connell,LV,KC,LV,player_pass_yds,219.5,-110.0,-110,340.0,1,0,13.5,42.0,14.25,0,0,1,239.82124625471474,58.035128415058814,20.321246254714737
2024,13,2024-11-29,Patrick Mahomes,KC,KC,LV,player_pass_yds,248.5,-110.0,-110,306.0,1,0,-13.5,42.0,27.75,1,1,0,270.5442725330227,58.035128415058814,22.044272533022706
2024,13,2024-12-01,Sam Darnold,MIN,MIN,ARI,player_pass_yds,252.5,-110.0,-110,235.0,0,0,-3.5,45.5,24.5,1,1,0,241.72789971403648,58.035128415058814,-10.772100285963518
2024,13,2024-12-01,Kyler Murray,ARI,MIN,ARI,player_pass_yds,224.5,-110.0,-110,260.0,1,0,3.5,45.5,21.0,0,0,1,239.00683773654524,58.035128415058814,14.506837736545236
2024,13,2024-12-01,Kirk Cousins,ATL,ATL,LAC,player_pass_yds,239.5,-110.0,-110,245.0,1,0,1.0,47.0,23.0,1,0,1,255.65091559389157,58.035128415058814,16.15091559389157
2024,13,2024-12-01,Justin Herbert,LAC,ATL,LAC,player_pass_yds,246.5,-110.0,-110,147.0,0,0,-1.0,47.0,24.0,0,1,0,220.62826061882305,58.035128415058814,-25.87173938117695
2024,13,2024-12-01,Russell Wilson,PIT,CIN,PIT,player_pass_yds,222.5,-110.0,-110,414.0,1,0,3.0,46.0,21.5,0,0,1,262.9304032682886,58.035128415058814,40.430403268288615
2024,13,2024-12-01,Joe Burrow,CIN,CIN,PIT,player_pass_yds,265.5,-110.0,-110,309.0,1,0,-3.0,46.0,24.5,1,1,0,277.0843484055919,58.035128415058814,11.584348405591925
2024,13,2024-12-01,C.J. Stroud,HOU,JAX,HOU,player_pass_yds,262.5,-110.0,-110,242.0,0,0,-3.5,44.5,24.0,0,1,0,243.36525537932303,58.035128415058814,-19.13474462067697
2024,13,2024-12-01,Trevor Lawrence,JAX,JAX,HOU,player_pass_yds,210.5,-110.0,-110,41.0,0,0,3.5,44.5,20.5,1,0,1,186.54487972632344,58.035128415058814,-23.955120273676556
2024,13,2024-12-01,Anthony Richardson,IND,NE,IND,player_pass_yds,187.5,-110.0,-110,109.0,0,0,-2.5,41.5,22.0,0,1,0,195.62670046268704,58.035128415058814,8.12670046268704
2024,13,2024-12-01,Drake Maye,NE,NE,IND,player_pass_yds,222.5,-110.0,-110,238.0,1,0,2.5,41.5,19.5,1,0,1,242.4571832029231,58.035128415058814,19.95718320292309
2024,13,2024-12-01,Aaron Rodgers,NYJ,NYJ,SEA,player_pass_yds,219.5,-110.0,-110,185.0,0,0,-1.0,41.5,21.25,1,1,0,222.66393526515753,58.035128415058814,3.1639352651575336
2024,13,2024-12-01,Geno Smith,SEA,NYJ,SEA,player_pass_yds,233.5,-110.0,-110,206.0,0,0,1.0,41.5,20.25,0,0,1,236.09005168276806,58.035128415058814,2.5900516827680633
2024,13,2024-12-01,Jayden Daniels,WAS,WAS,TEN,player_pass_yds,220.5,-110.0,-110,206.0,0,0,-6.0,45.0,25.5,1,1,0,237.82414131435536,58.035128415058814,17.32414131435536
2024,13,2024-12-01,Will Levis,TEN,WAS,TEN,player_pass_yds,201.5,-110.0,-110,212.0,1,0,6.0,45.0,19.5,0,0,1,227.58629287978462,58.035128415058814,26.086292879784622
2024,13,2024-12-01,Baker Mayfield,TB,CAR,TB,player_pass_yds,237.5,-110.0,-110,235.0,0,0,-6.5,46.0,26.25,0,1,0,250.31116046320156,58.035128415058814,12.81116046320156
2024,13,2024-12-01,Bryce Young,CAR,CAR,TB,player_pass_yds,205.5,-110.0,-110,298.0,1,0,6.5,46.0,19.75,1,0,1,228.9602190541854,58.035128415058814,23.460219054185387
2024,13,2024-12-01,Matthew Stafford,LAR,NO,LAR,player_pass_yds,261.5,-110.0,-110,183.0,0,0,-2.5,48.5,25.5,0,1,0,220.10931843211657,58.035128415058814,-41.39068156788343
2024,13,2024-12-01,Derek Carr,NO,NO,LAR,player_pass_yds,223.5,-110.0,-110,184.0,0,0,2.5,48.5,23.0,1,0,1,217.62736908422747,58.035128415058814,-5.8726309157725325
2024,13,2024-12-01,Josh Allen,BUF,BUF,SF,player_pass_yds,224.5,-110.0,-110,148.0,0,0,-6.5,45.0,25.75,1,1,0,214.16926520404039,58.035128415058814,-10.330734795959614
2024,13,2024-12-01,Brock Purdy,SF,BUF,SF,player_pass_yds,219.5,-110.0,-110,94.0,0,0,6.5,45.0,19.25,0,0,1,197.61973525712554,58.035128415058814,-21.88026474287446
2024,13,2024-12-02,Bo Nix,DEN,DEN,CLE,player_pass_yds,223.5,-110.0,-110,294.0,1,0,-6.5,41.5,24.0,1,1,0,239.289465459753,58.035128415058814,15.78946545975299
2024,13,2024-12-02,Jameis Winston,CLE,DEN,CLE,player_pass_yds,232.5,-110.0,-110,497.0,1,0,6.5,41.5,17.5,0,0,1,290.01012571279733,58.035128415058814,57.51012571279733
2024,14,2024-12-08,Sam Darnold,MIN,MIN,ATL,player_pass_yds,253.5,-110.0,-110,347.0,1,0,-6.0,46.5,26.25,1,1,0,242.3308235700282,58.035128415058814,-11.169176429971799
2024,14,2024-12-08,Kirk Cousins,ATL,MIN,ATL,player_pass_yds,235.5,-110.0,-110,344.0,1,0,6.0,46.5,20.25,0,0,1,237.69685590148825,58.035128415058814,2.1968559014882487
2024,14,2024-12-08,Russell Wilson,PIT,PIT,CLE,player_pass_yds,218.5,-110.0,-110,158.0,0,0,-6.0,43.0,24.5,1,1,0,236.28401910777004,58.035128415058814,17.784019107770035
2024,14,2024-12-08,Jameis Winston,CLE,PIT,CLE,player_pass_yds,246.5,-110.0,-110,212.0,0,0,6.0,43.0,18.5,0,0,1,265.10300388132214,58.035128415058814,18.603003881322138
2024,14,2024-12-08,Will Levis,TEN,TEN,JAX,player_pass_yds,214.5,-110.0,-110,168.0,0,0,-3.0,40.0,21.5,1,1,0,231.40253110930203,58.035128415058814,16.902531109302032
2024,14,2024-12-08,Mac Jones,JAX,TEN,JAX,player_pass_yds,199.5,-110.0,-110,220.0,1,0,3.0,40.0,18.5,0,0,1,175.02855402316635,58.035128415058814,-24.47144597683365
2024,14,2024-12-08,Baker Mayfield,TB,TB,LV,player_pass_yds,246.5,-110.0,-110,295.0,1,0,-7.0,47.0,27.0,1,1,0,251.82422584364429,58.035128415058814,5.324225843644285
2024,14,2024-12-08,Aidan O'Connell,LV,TB,LV,player_pass_yds,237.5,-110.0,-110,104.0,0,0,7.0,47.0,20.0,0,0,1,238.54725014719622,58.035128415058814,1.0472501471962232
2024,14,2024-12-08,Aaron Rodgers,NYJ,MIA,NYJ,player_pass_yds,225.5,-110.0,-110,339.0,1,0,6.5,45.0,19.25,0,0,1,222.88032232818216,58.035128415058814,-2.61967767181784
2024,14,2024-12-08,Tua Tagovailoa,MIA,MIA,NYJ,player_pass_yds,252.5,-110.0,-110,331.0,1,0,-6.5,45.0,25.75,1,1,0,230.60011400718835,58.035128415058814,-21.899885992811647
2024,14,2024-12-08,Derek Carr,NO,NYG,NO,player_pass_yds,214.5,-110.0,-110,219.0,1,0,-5.5,41.0,23.25,0,1,0,246.43796618808474,58.035128415058814,31.937966188084744
2024,14,2024-12-08,Drew Lock,NYG,NYG,NO,player_pass_yds,192.5,-110.0,-110,227.0,1,0,5.5,41.0,17.75,1,0,1,182.5141063996082,58.035128415058814,-9.98589360039179
2024,14,2024-12-08,Kyler Murray,ARI,ARI,SEA,player_pass_yds,226.5,-110.0,-110,259.0,1,0,-3.0,45.5,24.25,1,1,0,231.75959840995262,58.035128415058814,5.259598409952616
2024,14,2024-12-08,Geno Smith,SEA,ARI,SEA,player_pass_yds,254.5,-110.0,-110,233.0,0,0,3.0,45.5,21.25,0,0,1,248.5661357368959,58.035128415058814,-5.9338642631041125
2024,14,2024-12-08,Josh Allen,BUF,LAR,BUF,player_pass_yds,242.5,-110.0,-110,342.0,1,0,-3.5,49.5,26.5,0,1,0,242.5889881841604,58.035128415058814,0.08898818416039944
2024,14,2024-12-08,Matthew Stafford,LAR,LAR,BUF,player_pass_yds,251.5,-110.0,-110,320.0,1,0,3.5,49.5,23.0,1,0,1,248.63252773193645,58.035128415058814,-2.867472268063551
2024,14,2024-12-08,Caleb Williams,CHI,SF,CHI,player_pass_yds,226.5,-110.0,-110,134.0,0,0,3.0,43.5,20.25,0,0,1,225.6205526698485,58.035128415058814,-0.8794473301514927
2024,14,2024-12-08,Brock Purdy,SF,SF,CHI,player_pass_yds,226.5,-110.0,-110,325.0,1,0,-3.0,43.5,23.25,1,1,0,254.0469507188461,58.035128415058814,27.54695071884609
2024,14,2024-12-08,Patrick Mahomes,KC,KC,LAC,player_pass_yds,246.5,-110.0,-110,210.0,0,0,-5.0,43.5,24.25,1,1,0,245.56212218821295,58.035128415058814,-0.9378778117870468
2024,14,2024-12-08,Justin Herbert,LAC,KC,LAC,player_pass_yds,227.5,-110.0,-110,213.0,0,0,5.0,43.5,19.25,0,0,1,212.9847297445501,58.035128415058814,-14.515270255449906
2024,14,2024-12-09,Cooper Rush,DAL,DAL,CIN,player_pass_yds,237.5,-110.0,-110,183.0,0,0,5.0,51.0,23.0,1,0,1,235.37510049774534,58.035128415058814,-2.1248995022546637
2024,14,2024-12-09,Joe Burrow,CIN,DAL,CIN,player_pass_yds,278.5,-110.0,-110,369.0,1,0,-5.0,51.0,28.0,0,1,0,235.371025729603,58.035128415058814,-43.12897427039701
2024,15,2024-12-12,Matthew Stafford,LAR,SF,LAR,player_pass_yds,246.5,-110.0,-110,160.0,0,0,3.0,48.5,22.75,0,0,1,231.91389479307398,58.035128415058814,-14.586105206926021
2024,15,2024-12-12,Brock Purdy,SF,SF,LAR,player_pass_yds,257.5,-110.0,-110,142.0,0,0,-3.0,48.5,25.75,1,1,0,259.8419451937141,58.035128415058814,2.341945193714082
2024,15,2024-12-15,Cooper Rush,DAL,CAR,DAL,player_pass_yds,211.5,-110.0,-110,214.0,1,0,2.5,42.0,19.75,0,0,1,194.88191335217311,58.035128415058814,-16.618086647826885
2024,15,2024-12-15,Bryce Young,CAR,CAR,DAL,player_pass_yds,206.5,-110.0,-110,219.0,1,0,-2.5,42.0,22.25,1,1,0,226.34337574806867,58.035128415058814,19.843375748068667
2024,15,2024-12-15,Will Levis,TEN,TEN,CIN,player_pass_yds,218.5,-110.0,-110,89.0,0,0,6.0,46.5,20.25,1,0,1,234.39738362819048,58.035128415058814,15.897383628190482
2024,15,2024-12-15,Joe Burrow,CIN,TEN,CIN,player_pass_yds,274.5,-110.0,-110,271.0,0,0,-6.0,46.5,26.25,0,1,0,232.5838463297073,58.035128415058814,-41.91615367029269
2024,15,2024-12-15,Jameis Winston,CLE,CLE,KC,player_pass_yds,233.5,-110.0,-110,146.0,0,0,4.5,41.5,18.5,1,0,1,269.688445331159,58.035128415058814,36.188445331159016
2024,15,2024-12-15,Patrick Mahomes,KC,CLE,KC,player_pass_yds,235.5,-110.0,-110,159.0,0,0,-4.5,41.5,23.0,0,1,0,259.5088818127193,58.035128415058814,24.008881812719324
2024,15,2024-12-15,C.J. Stroud,HOU,HOU,MIA,player_pass_yds,255.5,-110.0,-110,131.0,0,0,-2.5,46.5,24.5,1,1,0,250.10055254249514,58.035128415058814,-5.399447457504863
2024,15,2024-12-15,Tua Tagovailoa,MIA,HOU,MIA,player_pass_yds,264.5,-110.0,-110,196.0,0,0,2.5,46.5,22.0,0,0,1,224.83857463593577,58.035128415058814,-39.66142536406423
2024,15,2024-12-15,Aaron Rodgers,NYJ,JAX,NYJ,player_pass_yds,232.5,-110.0,-110,289.0,1,0,-3.5,41.5,22.5,0,1,0,247.5057676040503,58.035128415058814,15.005767604050305
2024,15,2024-12-15,Mac Jones,JAX,JAX,NYJ,player_pass_yds,200.5,-110.0,-110,294.0,1,0,3.5,41.5,19.0,1,0,1,198.80257042709437,58.035128415058814,-1.6974295729056337
2024,15,2024-12-15,Jayden Daniels,WAS,NO,WAS,player_pass_yds,221.5,-110.0,-110,226.0,1,0,-7.5,44.5,26.0,0,1,0,245.73148695550432,58.035128415058814,24.231486955504323
2024,15,2024-12-15,Jake Haener,NO,NO,WAS,player_pass_yds,186.5,-110.0,-110,49.0,0,0,7.5,44.5,18.5,1,0,1,189.26841117989684,58.035128415058814,2.7684111798968445
2024,15,2024-12-15,Drake Maye,NE,ARI,NE,player_pass_yds,222.5,-110.0,-110,202.0,0,0,6.0,46.5,20.25,0,0,1,226.1344788038655,58.035128415058814,3.6344788038655054
2024,15,2024-12-15,Kyler Murray,ARI,ARI,NE,player_pass_yds,224.5,-110.0,-110,224.0,0,0,-6.0,46.5,26.25,1,1,0,222.3934242761848,58.035128415058814,-2.1065757238152116
2024,15,2024-12-15,Josh Allen,BUF,DET,BUF,player_pass_yds,256.5,-110.0,-110,362.0,1,0,2.5,55.5,26.5,0,0,1,233.722768538654,58.035128415058814,-22.77723146134599
2024,15,2024-12-15,Jared Goff,DET,DET,BUF,player_pass_yds,257.5,-110.0,-110,494.0,1,0,-2.5,55.5,29.0,1,1,0,225.93011766421122,58.035128415058814,-31.569882335788776
2024,15,2024-12-15,Anthony Richardson,IND,DEN,IND,player_pass_yds,190.5,-110.0,-110,172.0,0,0,4.5,43.5,19.5,0,0,1,203.23329130025186,58.035128415058814,12.733291300251864
2024,15,2024-12-15,Bo Nix,DEN,DEN,IND,player_pass_yds,235.5,-110.0,-110,130.0,0,0,-4.5,43.5,24.0,1,1,0,216.69056097690387,58.035128415058814,-18.809439023096132
2024,15,2024-12-15,Justin Herbert,LAC,LAC,TB,player_pass_yds,246.5,-110.0,-110,195.0,0,0,-3.0,46.0,24.5,1,1,0,254.60810040071848,58.035128415058814,8.108100400718484
2024,15,2024-12-15,Baker Mayfield,TB,LAC,TB,player_pass_yds,234.5,-110.0,-110,288.0,1,0,3.0,46.0,21.5,0,0,1,243.62252492589212,58.035128415058814,9.122524925892122
2024,15,2024-12-16,Sam Darnold,MIN,MIN,CHI,player_pass_yds,253.5,-110.0,-110,231.0,0,0,-7.0,43.5,25.25,1,1,0,235.72590930797796,58.035128415058814,-17.774090692022043
2024,15,2024-12-16,Caleb Williams,CHI,MIN,CHI,player_pass_yds,224.5,-110.0,-110,191.0,0,0,7.0,43.5,18.25,0,0,1,242.4870077591446,58.035128415058814,17.987007759144603
2024,15,2024-12-16,Kirk Cousins,ATL,LV,ATL,player_pass_yds,242.5,-110.0,-110,112.0,0,0,-6.5,44.5,25.5,0,1,0,249.32586863713806,58.035128415058814,6.825868637138058
2024,15,2024-12-16,Desmond Ridder,LV,LV,ATL,player_pass_yds,209.5,-110.0,-110,208.0,0,0,6.5,44.5,19.0,1,0,1,179.83137108324516,58.035128415058814,-29.66862891675484
2024,16,2024-12-21,Patrick Mahomes,KC,KC,HOU,player_pass_yds,237.5,-110.0,-110,260.0,1,0,-3.5,42.5,23.0,1,1,0,269.16512029961405,58.035128415058814,31.665120299614046
2024,16,2024-12-21,C.J. Stroud,HOU,KC,HOU,player_pass_yds,230.5,-110.0,-110,244.0,1,0,3.5,42.5,19.5,0,0,1,243.81268201079217,58.035128415058814,13.312682010792173
2024,16,2024-12-22,Bryce Young,CAR,CAR,ARI,player_pass_yds,209.5,-110.0,-110,158.0,0,0,5.5,47.0,20.75,1,0,1,231.3812473314229,58.035128415058814,21.881247331422912
2024,16,2024-12-22,Kyler Murray,ARI,CAR,ARI,player_pass_yds,223.5,-110.0,-110,202.0,0,0,-5.5,47.0,26.25,0,1,0,220.37827722647202,58.035128415058814,-3.121722773527978
2024,16,2024-12-22,Drew Lock,NYG,ATL,NYG,player_pass_yds,204.5,-110.0,-110,210.0,1,0,9.5,42.5,16.5,0,0,1,198.40531480022318,58.035128415058814,-6.094685199776819
2024,16,2024-12-22,Michael Penix Jr.,ATL,ATL,NYG,player_pass_yds,220.5,-110.0,-110,202.0,0,0,-9.5,42.5,26.0,1,1,0,198.77578074166593,58.035128415058814,-21.724219258334074
2024,16,2024-12-22,Drake Maye,NE,BUF,NE,player_pass_yds,204.5,-110.0,-110,261.0,1,0,14.0,48.0,17.0,0,0,1,218.04611314033394,58.035128415058814,13.546113140333944
2024,16,2024-12-22,Josh Allen,BUF,BUF,NE,player_pass_yds,240.5,-110.0,-110,154.0,0,0,-14.0,48.0,31.0,1,1,0,242.50113150455482,58.035128415058814,2.00113150455482
2024,16,2024-12-22,Caleb Williams,CHI,CHI,DET,player_pass_yds,214.5,-110.0,-110,334.0,1,0,7.0,47.5,20.25,1,0,1,204.1828669110833,58.035128415058814,-10.317133088916705
2024,16,2024-12-22,Jared Goff,DET,CHI,DET,player_pass_yds,245.5,-110.0,-110,336.0,1,0,-7.0,47.5,27.25,0,1,0,244.84961780355835,58.035128415058814,-0.6503821964416545
2024,16,2024-12-22,Mason Rudolph,TEN,IND,TEN,player_pass_yds,212.5,-110.0,-110,252.0,1,0,4.0,42.5,19.25,0,0,1,191.69910725811718,58.035128415058814,-20.80089274188282
2024,16,2024-12-22,Anthony Richardson,IND,IND,TEN,player_pass_yds,178.5,-110.0,-110,131.0,0,0,-4.0,42.5,23.25,1,1,0,223.02855519505522,58.035128415058814,44.52855519505522
2024,16,2024-12-22,Matthew Stafford,LAR,NYJ,LAR,player_pass_yds,240.5,-110.0,-110,110.0,0,0,-3.0,47.0,25.0,0,1,0,259.43582065931025,58.035128415058814,18.935820659310252
2024,16,2024-12-22,Aaron Rodgers,NYJ,NYJ,LAR,player_pass_yds,240.5,-110.0,-110,256.0,1,0,3.0,47.0,22.0,1,0,1,246.99408884782468,58.035128415058814,6.494088847824685
2024,16,2024-12-22,Sam Darnold,MIN,SEA,MIN,player_pass_yds,238.5,-110.0,-110,246.0,1,0,-2.5,43.0,22.75,0,1,0,240.20153888186093,58.035128415058814,1.7015388818609267
2024,16,2024-12-22,Geno Smith,SEA,SEA,MIN,player_pass_yds,238.5,-110.0,-110,314.0,1,0,2.5,43.0,20.25,1,0,1,227.79263975999703,58.035128415058814,-10.70736024000297
2024,16,2024-12-22,Mac Jones,JAX,LV,JAX,player_pass_yds,211.5,-110.0,-110,247.0,1,0,2.5,41.5,19.5,0,0,1,200.99575514000682,58.035128415058814,-10.504244859993179
2024,16,2024-12-22,Aidan O'Connell,LV,LV,JAX,player_pass_yds,243.5,-110.0,-110,257.0,1,0,-2.5,41.5,22.0,1,1,0,262.5118324347932,58.035128415058814,19.011832434793178
2024,16,2024-12-22,Brock Purdy,SF,MIA,SF,player_pass_yds,243.5,-110.0,-110,313.0,1,0,-2.0,44.0,23.0,0,1,0,259.6373926307426,58.035128415058814,16.137392630742625
2024,16,2024-12-22,Tua Tagovailoa,MIA,MIA,SF,player_pass_yds,248.5,-110.0,-110,215.0,0,0,2.0,44.0,21.0,1,0,1,236.24313346555635,58.035128415058814,-12.256866534443645
2024,16,2024-12-22,Baker Mayfield,TB,DAL,TB,player_pass_yds,250.5,-110.0,-110,303.0,1,0,-4.5,47.5,26.0,0,1,0,246.20735526028167,58.035128415058814,-4.292644739718327
2024,16,2024-12-22,Cooper Rush,DAL,DAL,TB,player_pass_yds,234.5,-110.0,-110,292.0,1,0,4.5,47.5,21.5,1,0,1,240.81498516060805,58.035128415058814,6.314985160608046
2024,17,2024-12-25,Russell Wilson,PIT,PIT,KC,player_pass_yds,227.5,-110.0,-110,205.0,0,0,3.0,43.5,20.25,1,0,1,255.17270997321626,58.035128415058814,27.672709973216257
2024,17,2024-12-25,Patrick Mahomes,KC,PIT,KC,player_pass_yds,253.5,-110.0,-110,320.0,1,0,-3.0,43.5,23.25,0,1,0,268.54265658006955,58.035128415058814,15.042656580069547
2024,17,2024-12-26,Geno Smith,SEA,CHI,SEA,player_pass_yds,248.5,-110.0,-110,160.0,0,0,-3.5,43.5,23.5,0,1,0,248.16396934422235,58.035128415058814,-0.33603065577764824
2024,17,2024-12-26,Caleb Williams,CHI,CHI,SEA,player_pass_yds,216.5,-110.0,-110,122.0,0,0,3.5,43.5,20.0,1,0,1,207.72720190949627,58.035128415058814,-8.772798090503727
2024,17,2024-12-29,Jayden Daniels,WAS,WAS,ATL,player_pass_yds,221.5,-110.0,-110,227.0,1,0,-3.5,46.5,25.0,1,1,0,255.29415677225634,58.035128415058814,33.79415677225634
2024,17,2024-12-29,Michael Penix Jr.,ATL,WAS,ATL,player_pass_yds,202.5,-110.0,-110,223.0,1,0,3.5,46.5,21.5,0,0,1,202.80661603504376,58.035128415058814,0.3066160350437599
2024,17,2024-12-29,Aaron Rodgers,NYJ,BUF,NYJ,player_pass_yds,215.5,-110.0,-110,112.0,0,0,10.0,44.5,17.25,0,0,1,206.71998190264375,58.035128415058814,-8.780018097356248
2024,17,2024-12-29,Josh Allen,BUF,BUF,NYJ,player_pass_yds,212.5,-110.0,-110,182.0,0,0,-10.0,44.5,27.25,1,1,0,228.12940063106416,58.035128415058814,15.629400631064158
2024,17,2024-12-29,Bryce Young,CAR,TB,CAR,player_pass_yds,218.5,-110.0,-110,203.0,0,0,9.5,47.5,19.0,0,0,1,214.5628671710646,58.035128415058814,-3.937132828935404
2024,17,2024-12-29,Baker Mayfield,TB,TB,CAR,player_pass_yds,244.5,-110.0,-110,359.0,1,0,-9.5,47.5,28.5,1,1,0,218.2060106155646,58.035128415058814,-26.293989384435406
2024,17,2024-12-29,Joe Flacco,IND,NYG,IND,player_pass_yds,230.5,-110.0,-110,330.0,1,0,-7.5,40.5,24.0,0,1,0,234.1096231730727,58.035128415058814,3.6096231730726913
2024,17,2024-12-29,Drew Lock,NYG,NYG,IND,player_pass_yds,190.5,-110.0,-110,309.0,1,0,7.5,40.5,16.5,1,0,1,177.71244189925218,58.035128415058814,-12.787558100747816
2024,17,2024-12-29,Mac Jones,JAX,JAX,TEN,player_pass_yds,202.5,-110.0,-110,174.0,0,0,1.0,38.0,18.5,1,0,1,209.63875696520378,58.035128415058814,7.138756965203783
2024,17,2024-12-29,Mason Rudolph,TEN,JAX,TEN,player_pass_yds,204.5,-110.0,-110,193.0,0,0,-1.0,38.0,19.5,0,1,0,190.34410503077115,58.035128415058814,-14.155894969228854
2024,17,2024-12-29,Aidan O'Connell,LV,NO,LV,player_pass_yds,223.5,-110.0,-110,242.0,1,0,-2.0,37.5,19.75,0,1,0,238.3019853328797,58.035128415058814,14.801985332879696
2024,17,2024-12-29,Spencer Rattler,NO,NO,LV,player_pass_yds,181.5,-110.0,-110,218.0,1,0,2.0,37.5,17.75,1,0,1,195.3125681364592,58.035128415058814,13.812568136459191
2024,17,2024-12-30,Jared Goff,DET,SF,DET,player_pass_yds,247.5,-110.0,-110,303.0,1,0,-4.0,50.5,27.25,0,1,0,238.6774573337497,58.035128415058814,-8.822542666250314
2024,17,2024-12-30,Brock Purdy,SF,SF,DET,player_pass_yds,253.5,-110.0,-110,377.0,1,0,4.0,50.5,23.25,1,0,1,253.96765579096342,58.035128415058814,0.4676557909634198
2024,2,2024-09-15,Lamar Jackson,BAL,BAL,LV,player_pass_yds,213.5,-110.0,-110,247.0,1,0,-9.0,41.0,25.0,1,1,0,200.42194017272996,58.035128415058814,-13.078059827270039
2024,2,2024-09-15,Gardner Minshew,LV,BAL,LV,player_pass_yds,200.5,-110.0,-110,276.0,1,0,9.0,41.0,16.0,0,0,1,216.3319052458829,58.035128415058814,15.831905245882893
2024,2,2024-09-15,Bryce Young,CAR,CAR,LAC,player_pass_yds,182.5,-110.0,-110,84.0,0,0,5.0,39.0,17.0,1,0,1,172.1382420465245,58.035128415058814,-10.36175795347549
2024,2,2024-09-15,Justin Herbert,LAC,CAR,LAC,player_pass_yds,203.5,-110.0,-110,130.0,0,0,-5.0,39.0,22.0,0,1,0,209.62513353590458,58.035128415058814,6.125133535904581
2024,2,2024-09-15,Deshaun Watson,CLE,JAX,CLE,player_pass_yds,209.5,-110.0,-110,186.0,0,0,3.0,41.5,19.25,0,0,1,197.22136536689416,58.035128415058814,-12.278634633105838
2024,2,2024-09-15,Trevor Lawrence,JAX,JAX,CLE,player_pass_yds,220.5,-110.0,-110,220.0,0,0,-3.0,41.5,22.25,1,1,0,238.2343714067912,58.035128415058814,17.73437140679121
2024,2,2024-09-15,Derek Carr,NO,DAL,NO,player_pass_yds,221.5,-110.0,-110,243.0,1,0,6.5,47.0,20.25,0,0,1,217.50868740115308,58.035128415058814,-3.9913125988469176
2024,2,2024-09-15,Dak Prescott,DAL,DAL,NO,player_pass_yds,260.5,-110.0,-110,293.0,1,0,-6.5,47.0,26.75,1,1,0,275.9598191898655,58.035128415058814,15.459819189865527
2024,2,2024-09-15,Jared Goff,DET,DET,TB,player_pass_yds,270.5,-110.0,-110,307.0,1,0,-7.5,51.5,29.5,1,1,0,266.1515310619581,58.035128415058814,-4.34846893804189
2024,2,2024-09-15,Baker Mayfield,TB,DET,TB,player_pass_yds,262.5,-110.0,-110,185.0,0,0,7.5,51.5,22.0,0,0,1,211.7115086495003,58.035128415058814,-50.7884913504997
2024,2,2024-09-15,Anthony Richardson,IND,GB,IND,player_pass_yds,197.5,-110.0,-110,204.0,1,0,-3.0,41.5,22.25,0,1,0,191.9528359471965,58.035128415058814,-5.5471640528035095
2024,2,2024-09-15,Malik Willis,GB,GB,IND,player_pass_yds,166.5,-110.0,-110,122.0,0,0,3.0,41.5,19.25,1,0,1,187.8496458652931,58.035128415058814,21.3496458652931
2024,2,2024-09-15,Brock Purdy,SF,MIN,SF,player_pass_yds,250.5,-110.0,-110,319.0,1,0,-4.5,46.5,25.5,0,1,0,272.2002555847527,58.035128415058814,21.70025558475271
2024,2,2024-09-15,Sam Darnold,MIN,MIN,SF,player_pass_yds,234.5,-110.0,-110,268.0,1,0,4.5,46.5,21.0,1,0,1,250.06407262330643,58.035128415058814,15.56407262330643
2024,2,2024-09-15,Geno Smith,SEA,NE,SEA,player_pass_yds,218.5,-110.0,-110,327.0,1,0,-3.5,39.0,21.25,0,1,0,244.61713837629077,58.035128415058814,26.117138376290768
2024,2,2024-09-15,Jacoby Brissett,NE,NE,SEA,player_pass_yds,186.5,-110.0,-110,149.0,0,0,3.5,39.0,17.75,1,0,1,173.8137402008628,58.035128415058814,-12.68625979913719
2024,2,2024-09-15,Jayden Daniels,WAS,WAS,NYG,player_pass_yds,197.5,-110.0,-110,226.0,1,0,-1.5,42.5,22.0,1,1,0,200.65064534989781,58.035128415058814,3.1506453498978146
2024,2,2024-09-15,Daniel Jones,NYG,WAS,NYG,player_pass_yds,208.5,-110.0,-110,178.0,0,0,1.5,42.5,20.5,0,0,1,197.21329898507346,58.035128415058814,-11.286701014926535
2024,2,2024-09-15,Will Levis,TEN,TEN,NYJ,player_pass_yds,192.5,-110.0,-110,192.0,0,0,3.5,41.5,19.0,1,0,1,181.22211503664505,58.035128415058814,-11.27788496335495
2024,2,2024-09-15,Aaron Rodgers,NYJ,TEN,NYJ,player_pass_yds,226.5,-110.0,-110,176.0,0,0,-3.5,41.5,22.5,0,1,0,244.69767517447886,58.035128415058814,18.19767517447886
2024,2,2024-09-15,Kyler Murray,ARI,ARI,LAR,player_pass_yds,225.5,-110.0,-110,266.0,1,0,1.0,47.5,23.25,1,0,1,253.12594973359478,58.035128415058814,27.62594973359478
2024,2,2024-09-15,Matthew Stafford,LAR,ARI,LAR,player_pass_yds,250.5,-110.0,-110,216.0,0,0,-1.0,47.5,24.25,0,1,0,229.91928322918315,58.035128415058814,-20.58071677081685
2024,2,2024-09-15,Patrick Mahomes,KC,KC,CIN,player_pass_yds,271.5,-110.0,-110,151.0,0,0,-6.5,47.5,27.0,1,1,0,227.5972990556157,58.035128415058814,-43.90270094438429
2024,2,2024-09-15,Joe Burrow,CIN,KC,CIN,player_pass_yds,236.5,-110.0,-110,258.0,1,0,6.5,47.5,20.5,0,0,1,245.97184876947182,58.035128415058814,9.47184876947182
2024,2,2024-09-15,Bo Nix,DEN,DEN,PIT,player_pass_yds,173.5,-110.0,-110,246.0,1,0,3.0,36.5,16.75,1,0,1,187.95879328716822,58.035128415058814,14.45879328716822
2024,2,2024-09-15,Justin Fields,PIT,DEN,PIT,player_pass_yds,162.5,-110.0,-110,117.0,0,0,-3.0,36.5,19.75,0,1,0,180.79308219529517,58.035128415058814,18.29308219529517
2024,2,2024-09-15,Caleb Williams,CHI,HOU,CHI,player_pass_yds,217.5,-110.0,-110,174.0,0,0,6.0,45.5,19.75,0,0,1,207.2733660030555,58.035128415058814,-10.226633996944514
2024,2,2024-09-15,C.J. Stroud,HOU,HOU,CHI,player_pass_yds,261.5,-110.0,-110,260.0,0,0,-6.0,45.5,25.75,1,1,0,283.33282629341227,58.035128415058814,21.832826293412268
2024,2,2024-09-16,Kirk Cousins,ATL,PHI,ATL,player_pass_yds,227.5,-110.0,-110,241.0,1,0,5.5,46.5,20.5,0,0,1,235.61349565155282,58.035128415058814,8.113495651552824
2024,2,2024-09-16,Jalen Hurts,PHI,PHI,ATL,player_pass_yds,224.5,-110.0,-110,183.0,0,0,-5.5,46.5,26.0,1,1,0,200.96657305388513,58.035128415058814,-23.533426946114872
2024,3,2024-09-19,Jacoby Brissett,NE,NYJ,NE,player_pass_yds,163.5,-110.0,-110,98.0,0,0,6.5,39.0,16.25,0,0,1,171.93060730583255,58.035128415058814,8.430607305832552
2024,3,2024-09-19,Aaron Rodgers,NYJ,NYJ,NE,player_pass_yds,218.5,-110.0,-110,281.0,1,0,-6.5,39.0,22.75,1,1,0,241.13336062313695,58.035128415058814,22.63336062313695
2024,3,2024-09-22,Anthony Richardson,IND,IND,CHI,player_pass_yds,199.5,-110.0,-110,167.0,0,0,-1.5,43.0,22.25,1,1,0,182.55420706873866,58.035128415058814,-16.945792931261337
2024,3,2024-09-22,Caleb Williams,CHI,IND,CHI,player_pass_yds,211.5,-110.0,-110,363.0,1,0,1.5,43.0,20.75,0,0,1,233.62808139659322,58.035128415058814,22.128081396593217
2024,3,2024-09-22,Deshaun Watson,CLE,CLE,NYG,player_pass_yds,204.5,-110.0,-110,196.0,0,0,-6.5,38.0,22.25,1,1,0,207.71885956263503,58.035128415058814,3.218859562635032
2024,3,2024-09-22,Daniel Jones,NYG,CLE,NYG,player_pass_yds,178.5,-110.0,-110,236.0,1,0,6.5,38.0,15.75,0,0,1,175.85002050567132,58.035128415058814,-2.649979494328676
2024,3,2024-09-22,Baker Mayfield,TB,TB,DEN,player_pass_yds,228.5,-110.0,-110,163.0,0,0,-6.0,40.5,23.25,1,1,0,232.5325947027127,58.035128415058814,4.032594702712686
2024,3,2024-09-22,Bo Nix,DEN,TB,DEN,player_pass_yds,185.5,-110.0,-110,216.0,1,0,6.0,40.5,17.25,0,0,1,183.97012492200477,58.035128415058814,-1.5298750779952286
2024,3,2024-09-22,Malik Willis,GB,TEN,GB,player_pass_yds,144.5,-110.0,-110,202.0,1,0,3.0,37.0,17.0,0,0,1,181.4387471130575,58.035128415058814,36.9387471130575
2024,3,2024-09-22,Will Levis,TEN,TEN,GB,player_pass_yds,194.5,-110.0,-110,260.0,1,0,-3.0,37.0,20.0,1,1,0,214.58903444843088,58.035128415058814,20.08903444843088
2024,3,2024-09-22,C.J. Stroud,HOU,MIN,HOU,player_pass_yds,260.5,-110.0,-110,215.0,0,0,-2.0,46.0,24.0,0,1,0,258.95548147888627,58.035128415058814,-1.54451852111373
2024,3,2024-09-22,Sam Darnold,MIN,MIN,HOU,player_pass_yds,236.5,-110.0,-110,181.0,0,0,2.0,46.0,22.0,1,0,1,218.75594231469643,58.035128415058814,-17.744057685303574
2024,3,2024-09-22,Justin Herbert,LAC,PIT,LAC,player_pass_yds,179.5,-110.0,-110,125.0,0,0,3.0,36.0,16.5,0,0,1,169.49019164962118,58.035128415058814,-10.009808350378819
2024,3,2024-09-22,Justin Fields,PIT,PIT,LAC,player_pass_yds,162.5,-110.0,-110,245.0,1,0,-3.0,36.0,19.5,1,1,0,194.53230721316314,58.035128415058814,32.032307213163136
2024,3,2024-09-22,Jalen Hurts,PHI,NO,PHI,player_pass_yds,221.5,-110.0,-110,311.0,1,0,2.5,49.0,23.25,0,0,1,234.5417009902779,58.035128415058814,13.041700990277889
2024,3,2024-09-22,Derek Carr,NO,NO,PHI,player_pass_yds,243.5,-110.0,-110,142.0,0,0,-2.5,49.0,25.75,1,1,0,214.9877289690174,58.035128415058814,-28.51227103098259
2024,3,2024-09-22,Gardner Minshew,LV,LV,CAR,player_pass_yds,215.5,-110.0,-110,214.0,0,0,-5.5,40.0,22.75,1,1,0,208.3098492291368,58.035128415058814,-7.190150770863198
2024,3,2024-09-22,Andy Dalton,CAR,LV,CAR,player_pass_yds,202.5,-110.0,-110,319.0,1,0,5.5,40.0,17.25,0,0,1,201.6339774326195,58.035128415058814,-0.8660225673804973
2024,3,2024-09-22,Geno Smith,SEA,SEA,MIA,player_pass_yds,234.5,-110.0,-110,289.0,1,0,-4.0,41.5,22.75,1,1,0,260.805999574184,58.035128415058814,26.305999574184
2024,3,2024-09-22,Skylar Thompson,MIA,SEA,MIA,player_pass_yds,193.5,-110.0,-110,107.0,0,0,4.0,41.5,18.75,0,0,1,171.54886394531485,58.035128415058814,-21.95113605468515
2024,3,2024-09-22,Jared Goff,DET,ARI,DET,player_pass_yds,260.5,-110.0,-110,199.0,0,0,-3.0,51.5,27.25,0,1,0,241.05964840295434,58.035128415058814,-19.440351597045662
2024,3,2024-09-22,Kyler Murray,ARI,ARI,DET,player_pass_yds,234.5,-110.0,-110,207.0,0,0,3.0,51.5,24.25,1,0,1,214.18398392676707,58.035128415058814,-20.31601607323293
2024,3,2024-09-22,Dak Prescott,DAL,DAL,BAL,player_pass_yds,257.5,-110.0,-110,379.0,1,0,1.5,47.5,23.0,1,0,1,284.9114589787555,58.035128415058814,27.41145897875549
2024,3,2024-09-22,Lamar Jackson,BAL,DAL,BAL,player_pass_yds,212.5,-110.0,-110,182.0,0,0,-1.5,47.5,24.5,0,1,0,208.48738138242524,58.035128415058814,-4.012618617574759
2024,3,2024-09-22,Matthew Stafford,LAR,LAR,SF,player_pass_yds,220.5,-110.0,-110,221.0,1,0,6.0,44.5,19.25,1,0,1,192.78809113107897,58.035128415058814,-27.71190886892103
2024,3,2024-09-22,Brock Purdy,SF,LAR,SF,player_pass_yds,230.5,-110.0,-110,292.0,1,0,-6.0,44.5,25.25,0,1,0,237.8048842258003,58.035128415058814,7.3048842258002935
2024,3,2024-09-22,Kirk Cousins,ATL,ATL,KC,player_pass_yds,232.5,-110.0,-110,230.0,0,0,3.0,46.0,21.5,1,0,1,242.65436718663838,58.035128415058814,10.154367186638382
2024,3,2024-09-22,Patrick Mahomes,KC,ATL,KC,player_pass_yds,268.5,-110.0,-110,217.0,0,0,-3.0,46.0,24.5,0,1,0,263.5820804085567,58.035128415058814,-4.917919591443308
2024,3,2024-09-23,Josh Allen,BUF,BUF,JAX,player_pass_yds,232.5,-110.0,-110,263.0,1,0,-4.0,46.5,25.25,1,1,0,269.41285047335197,58.035128415058814,36.912850473351966
2024,3,2024-09-23,Trevor Lawrence,JAX,BUF,JAX,player_pass_yds,222.5,-110.0,-110,178.0,0,0,4.0,46.5,21.25,0,0,1,231.92384364954967,58.035128415058814,9.423843649549667
2024,3,2024-09-23,Jayden Daniels,WAS,CIN,WAS,player_pass_yds,194.5,-110.0,-110,254.0,1,0,7.5,46.0,19.25,0,0,1,203.4722386236848,58.035128415058814,8.972238623684802
2024,3,2024-09-23,Joe Burrow,CIN,CIN,WAS,player_pass_yds,261.5,-110.0,-110,324.0,1,0,-7.5,46.0,26.75,1,1,0,269.5769703583112,58.035128415058814,8.0769703583112
2024,4,2024-09-26,Daniel Jones,NYG,NYG,DAL,player_pass_yds,201.5,-110.0,-110,281.0,1,0,5.5,45.0,19.75,1,0,1,217.68943015351175,58.035128415058814,16.18943015351175
2024,4,2024-09-26,Dak Prescott,DAL,NYG,DAL,player_pass_yds,259.5,-110.0,-110,221.0,0,0,-5.5,45.0,25.25,0,1,0,252.672366528672,58.035128415058814,-6.827633471327999
2024,4,2024-09-29,Derek Carr,NO,ATL,NO,player_pass_yds,204.5,-110.0,-110,239.0,1,0,2.5,41.5,19.5,0,0,1,212.2658973399925,58.035128415058814,7.765897339992506
2024,4,2024-09-29,Kirk Cousins,ATL,ATL,NO,player_pass_yds,220.5,-110.0,-110,238.0,1,0,-2.5,41.5,22.0,1,1,0,222.48963475057042,58.035128415058814,1.989634750570417
2024,4,2024-09-29,Joe Burrow,CIN,CAR,CIN,player_pass_yds,255.5,-110.0,-110,232.0,0,0,-4.5,47.0,25.75,0,1,0,252.94111180101274,58.035128415058814,-2.558888198987262
2024,4,2024-09-29,Andy Dalton,CAR,CAR,CIN,player_pass_yds,229.5,-110.0,-110,220.0,0,0,4.5,47.0,21.25,1,0,1,231.35299082294515,58.035128415058814,1.852990822945145
2024,4,2024-09-29,Matthew Stafford,LAR,CHI,LAR,player_pass_yds,207.5,-110.0,-110,224.0,1,0,3.0,40.0,18.5,0,0,1,201.32428031173023,58.035128415058814,-6.175719688269766
2024,4,2024-09-29,Caleb Williams,CHI,CHI,LAR,player_pass_yds,223.5,-110.0,-110,157.0,0,0,-3.0,40.0,21.5,1,1,0,219.83371949199628,58.035128415058814,-3.666280508003723
2024,4,2024-09-29,Bo Nix,DEN,NYJ,DEN,player_pass_yds,184.5,-110.0,-110,60.0,0,0,7.5,39.5,16.0,0,0,1,182.16651699630103,58.035128415058814,-2.333483003698973
2024,4,2024-09-29,Aaron Rodgers,NYJ,NYJ,DEN,player_pass_yds,218.5,-110.0,-110,225.0,1,0,-7.5,39.5,23.5,1,1,0,216.35641771227486,58.035128415058814,-2.1435822877251383
2024,4,2024-09-29,Jordan Love,GB,GB,MIN,player_pass_yds,240.5,-110.0,-110,389.0,1,0,-2.5,44.0,23.25,1,1,0,239.8521863216751,58.035128415058814,-0.6478136783248942
2024,4,2024-09-29,Sam Darnold,MIN,GB,MIN,player_pass_yds,226.5,-110.0,-110,275.0,1,0,2.5,44.0,20.75,0,0,1,234.9888862713117,58.035128415058814,8.488886271311713
2024,4,2024-09-29,C.J. Stroud,HOU,HOU,JAX,player_pass_yds,268.5,-110.0,-110,345.0,1,0,-5.5,44.5,25.0,1,1,0,290.26392319383586,58.035128415058814,21.763923193835865
2024,4,2024-09-29,Trevor Lawrence,JAX,HOU,JAX,player_pass_yds,224.5,-110.0,-110,169.0,0,0,5.5,44.5,19.5,0,0,1,215.8458580147605,58.035128415058814,-8.654141985239505
2024,4,2024-09-29,Justin Fields,PIT,IND,PIT,player_pass_yds,182.5,-110.0,-110,312.0,1,0,-2.5,40.0,21.25,0,1,0,204.28724460206726,58.035128415058814,21.78724460206726
2024,4,2024-09-29,Anthony Richardson,IND,IND,PIT,player_pass_yds,183.5,-110.0,-110,71.0,0,0,2.5,40.0,18.75,1,0,1,160.4825727143257,58.035128415058814,-23.0174272856743
2024,4,2024-09-29,Baker Mayfield,TB,TB,PHI,player_pass_yds,230.5,-110.0,-110,347.0,1,0,1.0,42.0,20.5,1,0,1,250.97342742169116,58.035128415058814,20.473427421691156
2024,4,2024-09-29,Jalen Hurts,PHI,TB,PHI,player_pass_yds,200.5,-110.0,-110,158.0,0,0,-1.0,42.0,21.5,0,1,0,193.2284422152472,58.035128415058814,-7.271557784752787
2024,4,2024-09-29,Jayden Daniels,WAS,ARI,WAS,player_pass_yds,214.5,-110.0,-110,233.0,1,0,3.5,49.0,22.75,0,0,1,212.13761888172058,58.035128415058814,-2.3623811182794157
2024,4,2024-09-29,Kyler Murray,ARI,ARI,WAS,player_pass_yds,235.5,-110.0,-110,142.0,0,0,-3.5,49.0,26.25,1,1,0,222.57372194063126,58.035128415058814,-12.926278059368741
2024,4,2024-09-29,Jacoby Brissett,NE,SF,NE,player_pass_yds,159.5,-110.0,-110,168.0,1,0,10.5,41.5,15.5,0,0,1,183.10962058501386,58.035128415058814,23.609620585013857
2024,4,2024-09-29,Brock Purdy,SF,SF,NE,player_pass_yds,242.5,-110.0,-110,288.0,1,0,-10.5,41.5,26.0,1,1,0,250.01218978044918,58.035128415058814,7.512189780449177
2024,4,2024-09-29,Deshaun Watson,CLE,LV,CLE,player_pass_yds,199.5,-110.0,-110,176.0,0,0,-2.5,36.5,19.5,0,1,0,179.89149064733527,58.035128415058814,-19.608509352664726
2024,4,2024-09-29,Gardner Minshew,LV,LV,CLE,player_pass_yds,194.5,-110.0,-110,130.0,0,0,2.5,36.5,17.0,1,0,1,186.80004478436865,58.035128415058814,-7.699955215631348
2024,4,2024-09-29,Patrick Mahomes,KC,LAC,KC,player_pass_yds,247.5,-110.0,-110,245.0,0,0,-7.5,41.5,24.5,0,1,0,266.22918122577033,58.035128415058814,18.729181225770333
2024,4,2024-09-29,Justin Herbert,LAC,LAC,KC,player_pass_yds,181.5,-110.0,-110,179.0,0,0,7.5,41.5,17.0,1,0,1,174.78763219862515,58.035128415058814,-6.712367801374853
2024,4,2024-09-29,Lamar Jackson,BAL,BAL,BUF,player_pass_yds,204.5,-110.0,-110,156.0,0,0,-2.5,46.5,24.5,1,1,0,203.5390459757457,58.035128415058814,-0.9609540242543062
2024,4,2024-09-29,Josh Allen,BUF,BAL,BUF,player_pass_yds,231.5,-110.0,-110,180.0,0,0,2.5,46.5,22.0,0,0,1,215.72881866540146,58.035128415058814,-15.771181334598538
2024,4,2024-09-30,Will Levis,TEN,MIA,TEN,player_pass_yds,194.5,-110.0,-110,25.0,0,0,2.5,37.0,17.25,0,0,1,162.98743222798822,58.035128415058814,-31.512567772011778
2024,4,2024-09-30,Tyler Huntley,MIA,MIA,TEN,player_pass_yds,170.5,-110.0,-110,96.0,0,0,-2.5,37.0,19.75,1,1,0,186.50057544770618,58.035128415058814,16.000575447706183
2024,4,2024-09-30,Geno Smith,SEA,DET,SEA,player_pass_yds,252.5,-110.0,-110,395.0,1,0,3.5,46.5,21.5,0,0,1,272.20249417594675,58.035128415058814,19.702494175946754
2024,4,2024-09-30,Jared Goff,DET,DET,SEA,player_pass_yds,244.5,-110.0,-110,292.0,1,0,-3.5,46.5,25.0,1,1,0,274.90562209546454,58.035128415058814,30.405622095464537
