team,player,previous_probability,current_probability,diff,abs_diff,previous_run,current_run
DAL,Jermod McCoy,0.4322,0.375,-0.05719999999999997,0.05719999999999997,2026-04-16_153956_v1,2026-04-16_155231_v1
MIN,Dillon Thieneman,0.433,0.3776,-0.055400000000000005,0.055400000000000005,2026-04-16_153956_v1,2026-04-16_155231_v1
WAS,Rueben Bain,0.3556,0.301,-0.05460000000000004,0.05460000000000004,2026-04-16_153956_v1,2026-04-16_155231_v1
DET,Kadyn Proctor,0.409,0.3554,-0.05359999999999998,0.05359999999999998,2026-04-16_153956_v1,2026-04-16_155231_v1
CIN,Caleb Downs,0.4176,0.3726,-0.04500000000000004,0.04500000000000004,2026-04-16_153956_v1,2026-04-16_155231_v1
BAL,Olaivavega Ioane,0.3248,0.2798,-0.044999999999999984,0.044999999999999984,2026-04-16_153956_v1,2026-04-16_155231_v1
CHI,Peter Woods,0.3522,0.3086,-0.04360000000000003,0.04360000000000003,2026-04-16_153956_v1,2026-04-16_155231_v1
CAR,Kenyon Sadiq,0.265,0.222,-0.04300000000000001,0.04300000000000001,2026-04-16_153956_v1,2026-04-16_155231_v1
TB,Keldric Faulk,0.3276,0.2868,-0.0408,0.0408,2026-04-16_153956_v1,2026-04-16_155231_v1
NO,Mansoor Delane,0.3564,0.317,-0.03939999999999999,0.03939999999999999,2026-04-16_153956_v1,2026-04-16_155231_v1
MIA,Makai Lemon,0.2248,0.1886,-0.03620000000000001,0.03620000000000001,2026-04-16_153956_v1,2026-04-16_155231_v1
CLE,Carnell Tate,0.3376,0.3032,-0.034399999999999986,0.034399999999999986,2026-04-16_153956_v1,2026-04-16_155231_v1
TEN,Jeremiyah Love,0.359,0.3248,-0.03420000000000001,0.03420000000000001,2026-04-16_153956_v1,2026-04-16_155231_v1
CLE,Caleb Lomu,0.2174,0.1858,-0.03160000000000002,0.03160000000000002,2026-04-16_153956_v1,2026-04-16_155231_v1
HOU,Kayden McDonald,0.2116,0.1802,-0.03140000000000001,0.03140000000000001,2026-04-16_153956_v1,2026-04-16_155231_v1
MIA,Colton Hood,0.198,0.17,-0.027999999999999997,0.027999999999999997,2026-04-16_153956_v1,2026-04-16_155231_v1
KC,Avieon Terrell,0.173,0.1462,-0.02679999999999999,0.02679999999999999,2026-04-16_153956_v1,2026-04-16_155231_v1
PIT,Blake Miller,0.1716,0.1468,-0.02479999999999999,0.02479999999999999,2026-04-16_153956_v1,2026-04-16_155231_v1
NYJ,Arvell Reese,0.4756,0.4518,-0.023800000000000043,0.023800000000000043,2026-04-16_153956_v1,2026-04-16_155231_v1
PHI,Caleb Lomu,0.1792,0.1558,-0.023400000000000004,0.023400000000000004,2026-04-16_153956_v1,2026-04-16_155231_v1
DAL,Sonny Styles,0.1522,0.1296,-0.02260000000000001,0.02260000000000001,2026-04-16_153956_v1,2026-04-16_155231_v1
PHI,Blake Miller,0.17,0.1476,-0.022400000000000003,0.022400000000000003,2026-04-16_153956_v1,2026-04-16_155231_v1
BUF,T.J. Parker,0.1894,0.1672,-0.022200000000000025,0.022200000000000025,2026-04-16_153956_v1,2026-04-16_155231_v1
NE,Cashius Howell,0.187,0.165,-0.021999999999999992,0.021999999999999992,2026-04-16_153956_v1,2026-04-16_155231_v1
NYJ,David Bailey,0.4018,0.38,-0.021799999999999986,0.021799999999999986,2026-04-16_153956_v1,2026-04-16_155231_v1
TB,Kenyon Sadiq,0.246,0.2242,-0.021799999999999986,0.021799999999999986,2026-04-16_153956_v1,2026-04-16_155231_v1
BUF,Kevin Concepcion,0.1456,0.1242,-0.021400000000000002,0.021400000000000002,2026-04-16_153956_v1,2026-04-16_155231_v1
SEA,Zion Young,0.1938,0.173,-0.020800000000000013,0.020800000000000013,2026-04-16_153956_v1,2026-04-16_155231_v1
LAC,Omar Cooper Jr.,0.1118,0.0924,-0.0194,0.0194,2026-04-16_153956_v1,2026-04-16_155231_v1
LAR,Jordyn Tyson,0.257,0.2376,-0.0194,0.0194,2026-04-16_153956_v1,2026-04-16_155231_v1
KC,Mansoor Delane,0.224,0.205,-0.019000000000000017,0.019000000000000017,2026-04-16_153956_v1,2026-04-16_155231_v1
BUF,Denzel Boston,0.188,0.1702,-0.01780000000000001,0.01780000000000001,2026-04-16_153956_v1,2026-04-16_155231_v1
SEA,Colton Hood,0.2064,0.1888,-0.017600000000000005,0.017600000000000005,2026-04-16_153956_v1,2026-04-16_155231_v1
NYJ,Carnell Tate,0.0536,0.071,0.017399999999999992,0.017399999999999992,2026-04-16_153956_v1,2026-04-16_155231_v1
NYG,Sonny Styles,0.1926,0.1756,-0.016999999999999987,0.016999999999999987,2026-04-16_153956_v1,2026-04-16_155231_v1
MIN,Emmanuel McNeil-Warren,0.2844,0.2676,-0.01679999999999998,0.01679999999999998,2026-04-16_153956_v1,2026-04-16_155231_v1
NYG,Carnell Tate,0.2364,0.2198,-0.016600000000000004,0.016600000000000004,2026-04-16_153956_v1,2026-04-16_155231_v1
LAR,Monroe Freeling,0.174,0.1574,-0.016599999999999976,0.016599999999999976,2026-04-16_153956_v1,2026-04-16_155231_v1
KC,Cashius Howell,0.1752,0.1588,-0.016399999999999998,0.016399999999999998,2026-04-16_153956_v1,2026-04-16_155231_v1
ARI,Francis Mauigoa,0.3474,0.331,-0.01639999999999997,0.01639999999999997,2026-04-16_153956_v1,2026-04-16_155231_v1
ARI,David Bailey,0.2618,0.2458,-0.015999999999999986,0.015999999999999986,2026-04-16_153956_v1,2026-04-16_155231_v1
CIN,Sonny Styles,0.1514,0.1358,-0.015600000000000003,0.015600000000000003,2026-04-16_153956_v1,2026-04-16_155231_v1
CHI,Kayden McDonald,0.2582,0.243,-0.015199999999999991,0.015199999999999991,2026-04-16_153956_v1,2026-04-16_155231_v1
KC,Jermod McCoy,0.1432,0.1282,-0.014999999999999986,0.014999999999999986,2026-04-16_153956_v1,2026-04-16_155231_v1
LAR,Spencer Fano,0.1884,0.1736,-0.014800000000000008,0.014800000000000008,2026-04-16_153956_v1,2026-04-16_155231_v1
NYJ,Sonny Styles,0.0834,0.0982,0.014799999999999994,0.014799999999999994,2026-04-16_153956_v1,2026-04-16_155231_v1
MIA,Jordyn Tyson,0.1654,0.1508,-0.014600000000000002,0.014600000000000002,2026-04-16_153956_v1,2026-04-16_155231_v1
SF,Caleb Lomu,0.1146,0.1,-0.014599999999999988,0.014599999999999988,2026-04-16_153956_v1,2026-04-16_155231_v1
TB,Jermod McCoy,0.0752,0.0896,0.014399999999999996,0.014399999999999996,2026-04-16_153956_v1,2026-04-16_155231_v1
NYJ,Akheem Mesidor,0.1558,0.1422,-0.013600000000000001,0.013600000000000001,2026-04-16_153956_v1,2026-04-16_155231_v1
CAR,Akheem Mesidor,0.1562,0.143,-0.013200000000000017,0.013200000000000017,2026-04-16_153956_v1,2026-04-16_155231_v1
PIT,Monroe Freeling,0.062,0.0488,-0.013199999999999996,0.013199999999999996,2026-04-16_153956_v1,2026-04-16_155231_v1
NO,Jermod McCoy,0.0622,0.0752,0.013000000000000005,0.013000000000000005,2026-04-16_153956_v1,2026-04-16_155231_v1
DAL,Akheem Mesidor,0.1628,0.15,-0.012800000000000006,0.012800000000000006,2026-04-16_153956_v1,2026-04-16_155231_v1
MIA,Cashius Howell,0.1382,0.1256,-0.0126,0.0126,2026-04-16_153956_v1,2026-04-16_155231_v1
NYJ,Jordyn Tyson,0.109,0.0964,-0.0126,0.0126,2026-04-16_153956_v1,2026-04-16_155231_v1
CAR,Keldric Faulk,0.117,0.1046,-0.012400000000000008,0.012400000000000008,2026-04-16_153956_v1,2026-04-16_155231_v1
CLE,Francis Mauigoa,0.2026,0.1902,-0.012399999999999994,0.012399999999999994,2026-04-16_153956_v1,2026-04-16_155231_v1
LAR,Makai Lemon,0.1678,0.1554,-0.012399999999999994,0.012399999999999994,2026-04-16_153956_v1,2026-04-16_155231_v1
LAR,Kadyn Proctor,0.0394,0.0516,0.012200000000000003,0.012200000000000003,2026-04-16_153956_v1,2026-04-16_155231_v1
NYJ,Rueben Bain,0.0324,0.0446,0.012200000000000003,0.012200000000000003,2026-04-16_153956_v1,2026-04-16_155231_v1
KC,T.J. Parker,0.151,0.139,-0.011999999999999983,0.011999999999999983,2026-04-16_153956_v1,2026-04-16_155231_v1
WAS,Sonny Styles,0.141,0.1296,-0.011399999999999993,0.011399999999999993,2026-04-16_153956_v1,2026-04-16_155231_v1
CAR,T.J. Parker,0.0144,0.0256,0.011200000000000002,0.011200000000000002,2026-04-16_153956_v1,2026-04-16_155231_v1
DET,Caleb Lomu,0.1038,0.115,0.011200000000000002,0.011200000000000002,2026-04-16_153956_v1,2026-04-16_155231_v1
SF,Blake Miller,0.075,0.0638,-0.011200000000000002,0.011200000000000002,2026-04-16_153956_v1,2026-04-16_155231_v1
TB,Akheem Mesidor,0.1724,0.1616,-0.010800000000000004,0.010800000000000004,2026-04-16_153956_v1,2026-04-16_155231_v1
MIA,Kenyon Sadiq,0.0522,0.063,0.010799999999999997,0.010799999999999997,2026-04-16_153956_v1,2026-04-16_155231_v1
BAL,Jordyn Tyson,0.1762,0.1656,-0.010599999999999998,0.010599999999999998,2026-04-16_153956_v1,2026-04-16_155231_v1
MIA,Dillon Thieneman,0.0332,0.0438,0.010599999999999998,0.010599999999999998,2026-04-16_153956_v1,2026-04-16_155231_v1
SEA,Chris Johnson,0.1484,0.1378,-0.010599999999999998,0.010599999999999998,2026-04-16_153956_v1,2026-04-16_155231_v1
WAS,David Bailey,0.0464,0.0568,0.010400000000000006,0.010400000000000006,2026-04-16_153956_v1,2026-04-16_155231_v1
LAC,Denzel Boston,0.047,0.0572,0.0102,0.0102,2026-04-16_153956_v1,2026-04-16_155231_v1
CLE,Kevin Concepcion,0.1896,0.1794,-0.010199999999999987,0.010199999999999987,2026-04-16_153956_v1,2026-04-16_155231_v1
LAC,Emmanuel McNeil-Warren,0.096,0.086,-0.010000000000000009,0.010000000000000009,2026-04-16_153956_v1,2026-04-16_155231_v1
DAL,Mansoor Delane,0.1582,0.168,0.009800000000000003,0.009800000000000003,2026-04-16_153956_v1,2026-04-16_155231_v1
WAS,Jordyn Tyson,0.044,0.0538,0.009800000000000003,0.009800000000000003,2026-04-16_153956_v1,2026-04-16_155231_v1
CIN,Jermod McCoy,0.0144,0.0242,0.0098,0.0098,2026-04-16_153956_v1,2026-04-16_155231_v1
MIN,Avieon Terrell,0.0238,0.0336,0.009799999999999996,0.009799999999999996,2026-04-16_153956_v1,2026-04-16_155231_v1
BUF,Cashius Howell,0.1122,0.1024,-0.00979999999999999,0.00979999999999999,2026-04-16_153956_v1,2026-04-16_155231_v1
CAR,Kevin Concepcion,0.0556,0.0652,0.009599999999999997,0.009599999999999997,2026-04-16_153956_v1,2026-04-16_155231_v1
KC,Colton Hood,0.0814,0.0908,0.009400000000000006,0.009400000000000006,2026-04-16_153956_v1,2026-04-16_155231_v1
CIN,Olaivavega Ioane,0.0496,0.059,0.009399999999999999,0.009399999999999999,2026-04-16_153956_v1,2026-04-16_155231_v1
DET,Akheem Mesidor,0.0176,0.027,0.009399999999999999,0.009399999999999999,2026-04-16_153956_v1,2026-04-16_155231_v1
MIA,Akheem Mesidor,0.0166,0.026,0.009399999999999999,0.009399999999999999,2026-04-16_153956_v1,2026-04-16_155231_v1
ARI,Sonny Styles,0.0348,0.044,0.0092,0.0092,2026-04-16_153956_v1,2026-04-16_155231_v1
MIA,Omar Cooper Jr.,0.0322,0.0414,0.0092,0.0092,2026-04-16_153956_v1,2026-04-16_155231_v1
MIN,Peter Woods,0.0228,0.032,0.0092,0.0092,2026-04-16_153956_v1,2026-04-16_155231_v1
SF,Denzel Boston,0.1456,0.1366,-0.009000000000000008,0.009000000000000008,2026-04-16_153956_v1,2026-04-16_155231_v1
MIA,Avieon Terrell,0.0734,0.0646,-0.008800000000000002,0.008800000000000002,2026-04-16_153956_v1,2026-04-16_155231_v1
CLE,Rueben Bain,0.0292,0.0378,0.0086,0.0086,2026-04-16_153956_v1,2026-04-16_155231_v1
NYJ,Omar Cooper Jr.,0.1428,0.1342,-0.008599999999999997,0.008599999999999997,2026-04-16_153956_v1,2026-04-16_155231_v1
PHI,Monroe Freeling,0.0474,0.0388,-0.008599999999999997,0.008599999999999997,2026-04-16_153956_v1,2026-04-16_155231_v1
TEN,Sonny Styles,0.0674,0.076,0.008599999999999997,0.008599999999999997,2026-04-16_153956_v1,2026-04-16_155231_v1
PIT,Jeremiyah Love,0.0442,0.036,-0.008200000000000006,0.008200000000000006,2026-04-16_153956_v1,2026-04-16_155231_v1
CAR,Peter Woods,0.0382,0.0464,0.008199999999999999,0.008199999999999999,2026-04-16_153956_v1,2026-04-16_155231_v1
NYJ,Keldric Faulk,0.1156,0.1074,-0.008199999999999999,0.008199999999999999,2026-04-16_153956_v1,2026-04-16_155231_v1
WAS,Jeremiyah Love,0.0718,0.08,0.008199999999999999,0.008199999999999999,2026-04-16_153956_v1,2026-04-16_155231_v1
KC,Caleb Downs,0.1366,0.1286,-0.008000000000000007,0.008000000000000007,2026-04-16_153956_v1,2026-04-16_155231_v1
WAS,Makai Lemon,0.06,0.068,0.008000000000000007,0.008000000000000007,2026-04-16_153956_v1,2026-04-16_155231_v1
DAL,Monroe Freeling,0.0416,0.0496,0.008,0.008,2026-04-16_153956_v1,2026-04-16_155231_v1
MIA,Emmanuel Pregnon,0.0324,0.0404,0.008,0.008,2026-04-16_153956_v1,2026-04-16_155231_v1
NYJ,Kenyon Sadiq,0.0174,0.0254,0.008,0.008,2026-04-16_153956_v1,2026-04-16_155231_v1
KC,Denzel Boston,0.0808,0.073,-0.007800000000000001,0.007800000000000001,2026-04-16_153956_v1,2026-04-16_155231_v1
PHI,Keldric Faulk,0.013,0.0208,0.0078,0.0078,2026-04-16_153956_v1,2026-04-16_155231_v1
ARI,Spencer Fano,0.0248,0.0326,0.007799999999999998,0.007799999999999998,2026-04-16_153956_v1,2026-04-16_155231_v1
CHI,T.J. Parker,0.0126,0.0202,0.007599999999999999,0.007599999999999999,2026-04-16_153956_v1,2026-04-16_155231_v1
ARI,Arvell Reese,0.26,0.2524,-0.007599999999999996,0.007599999999999996,2026-04-16_153956_v1,2026-04-16_155231_v1
PIT,Spencer Fano,0.063,0.0556,-0.007400000000000004,0.007400000000000004,2026-04-16_153956_v1,2026-04-16_155231_v1
KC,Jordyn Tyson,0.0292,0.0366,0.0074,0.0074,2026-04-16_153956_v1,2026-04-16_155231_v1
TB,Mansoor Delane,0.0066,0.014,0.0074,0.0074,2026-04-16_153956_v1,2026-04-16_155231_v1
WAS,Arvell Reese,0.0224,0.0298,0.0074,0.0074,2026-04-16_153956_v1,2026-04-16_155231_v1
MIA,Chase Bisontis,0.0352,0.0426,0.007399999999999997,0.007399999999999997,2026-04-16_153956_v1,2026-04-16_155231_v1
DAL,Kenyon Sadiq,0.015,0.0222,0.0072000000000000015,0.0072000000000000015,2026-04-16_153956_v1,2026-04-16_155231_v1
KC,Chris Johnson,0.019,0.0262,0.0072000000000000015,0.0072000000000000015,2026-04-16_153956_v1,2026-04-16_155231_v1
BAL,Akheem Mesidor,0.016,0.0232,0.007199999999999998,0.007199999999999998,2026-04-16_153956_v1,2026-04-16_155231_v1
BAL,Kenyon Sadiq,0.1054,0.1124,0.007000000000000006,0.007000000000000006,2026-04-16_153956_v1,2026-04-16_155231_v1
BUF,Kayden McDonald,0.0576,0.0646,0.007000000000000006,0.007000000000000006,2026-04-16_153956_v1,2026-04-16_155231_v1
CLE,Makai Lemon,0.092,0.099,0.007000000000000006,0.007000000000000006,2026-04-16_153956_v1,2026-04-16_155231_v1
PHI,Omar Cooper Jr.,0.1038,0.0968,-0.007000000000000006,0.007000000000000006,2026-04-16_153956_v1,2026-04-16_155231_v1
NE,Colton Hood,0.01,0.017,0.007000000000000001,0.007000000000000001,2026-04-16_153956_v1,2026-04-16_155231_v1
LAR,Sonny Styles,0.0236,0.0306,0.006999999999999999,0.006999999999999999,2026-04-16_153956_v1,2026-04-16_155231_v1
NYG,Monroe Freeling,0.0148,0.0218,0.006999999999999999,0.006999999999999999,2026-04-16_153956_v1,2026-04-16_155231_v1
NO,Carnell Tate,0.068,0.075,0.006999999999999992,0.006999999999999992,2026-04-16_153956_v1,2026-04-16_155231_v1
ARI,Rueben Bain,0.0382,0.045,0.0068000000000000005,0.0068000000000000005,2026-04-16_153956_v1,2026-04-16_155231_v1
NYJ,Olaivavega Ioane,0.1012,0.0944,-0.0068000000000000005,0.0068000000000000005,2026-04-16_153956_v1,2026-04-16_155231_v1
PIT,Kevin Concepcion,0.0672,0.074,0.0068000000000000005,0.0068000000000000005,2026-04-16_153956_v1,2026-04-16_155231_v1
BUF,Emmanuel McNeil-Warren,0.0152,0.022,0.006799999999999999,0.006799999999999999,2026-04-16_153956_v1,2026-04-16_155231_v1
PIT,Caleb Lomu,0.1586,0.1652,0.0066000000000000225,0.0066000000000000225,2026-04-16_153956_v1,2026-04-16_155231_v1
CLE,Caleb Downs,0.0104,0.017,0.006600000000000002,0.006600000000000002,2026-04-16_153956_v1,2026-04-16_155231_v1
BAL,Kadyn Proctor,0.0122,0.0188,0.0066,0.0066,2026-04-16_153956_v1,2026-04-16_155231_v1
LAC,T.J. Parker,0.1182,0.1116,-0.006599999999999995,0.006599999999999995,2026-04-16_153956_v1,2026-04-16_155231_v1
NYG,Makai Lemon,0.0288,0.0352,0.006400000000000003,0.006400000000000003,2026-04-16_153956_v1,2026-04-16_155231_v1
TB,Olaivavega Ioane,0.0684,0.0748,0.006400000000000003,0.006400000000000003,2026-04-16_153956_v1,2026-04-16_155231_v1
CHI,Caleb Banks,0.014,0.0204,0.006400000000000001,0.006400000000000001,2026-04-16_153956_v1,2026-04-16_155231_v1
DET,Peter Woods,0.027,0.0334,0.0063999999999999994,0.0063999999999999994,2026-04-16_153956_v1,2026-04-16_155231_v1
MIN,Kadyn Proctor,0.0116,0.018,0.0063999999999999994,0.0063999999999999994,2026-04-16_153956_v1,2026-04-16_155231_v1
WAS,Mansoor Delane,0.0168,0.0232,0.0063999999999999994,0.0063999999999999994,2026-04-16_153956_v1,2026-04-16_155231_v1
LAC,Kevin Concepcion,0.0996,0.0932,-0.006399999999999989,0.006399999999999989,2026-04-16_153956_v1,2026-04-16_155231_v1
SF,Cashius Howell,0.0864,0.0802,-0.006200000000000011,0.006200000000000011,2026-04-16_153956_v1,2026-04-16_155231_v1
HOU,Cashius Howell,0.0132,0.0194,0.006200000000000001,0.006200000000000001,2026-04-16_153956_v1,2026-04-16_155231_v1
KC,David Bailey,0.0156,0.0218,0.006200000000000001,0.006200000000000001,2026-04-16_153956_v1,2026-04-16_155231_v1
SF,Makai Lemon,0.0038,0.01,0.006200000000000001,0.006200000000000001,2026-04-16_153956_v1,2026-04-16_155231_v1
SEA,Kayden McDonald,0.0074,0.0136,0.006199999999999999,0.006199999999999999,2026-04-16_153956_v1,2026-04-16_155231_v1
LAC,Akheem Mesidor,0.1238,0.1176,-0.006199999999999997,0.006199999999999997,2026-04-16_153956_v1,2026-04-16_155231_v1
MIN,Jeremiyah Love,0.0774,0.0712,-0.006199999999999997,0.006199999999999997,2026-04-16_153956_v1,2026-04-16_155231_v1
SF,Monroe Freeling,0.0454,0.0394,-0.006000000000000005,0.006000000000000005,2026-04-16_153956_v1,2026-04-16_155231_v1
CLE,Sonny Styles,0.0302,0.0362,0.006000000000000002,0.006000000000000002,2026-04-16_153956_v1,2026-04-16_155231_v1
NYJ,Avieon Terrell,0.0172,0.0232,0.005999999999999998,0.005999999999999998,2026-04-16_153956_v1,2026-04-16_155231_v1
SF,Kevin Concepcion,0.0924,0.0864,-0.0059999999999999915,0.0059999999999999915,2026-04-16_153956_v1,2026-04-16_155231_v1
DAL,Omar Cooper Jr.,0.0272,0.033,0.005800000000000003,0.005800000000000003,2026-04-16_153956_v1,2026-04-16_155231_v1
TB,Kadyn Proctor,0.01,0.0158,0.005800000000000001,0.005800000000000001,2026-04-16_153956_v1,2026-04-16_155231_v1
BAL,Kevin Concepcion,0.0066,0.0124,0.0058,0.0058,2026-04-16_153956_v1,2026-04-16_155231_v1
CLE,Jordyn Tyson,0.038,0.0438,0.0058,0.0058,2026-04-16_153956_v1,2026-04-16_155231_v1
HOU,Caleb Banks,0.0446,0.0504,0.0058,0.0058,2026-04-16_153956_v1,2026-04-16_155231_v1
KC,Zion Young,0.099,0.1048,0.0058,0.0058,2026-04-16_153956_v1,2026-04-16_155231_v1
NO,Rueben Bain,0.1996,0.1938,-0.0058,0.0058,2026-04-16_153956_v1,2026-04-16_155231_v1
NYJ,Kevin Concepcion,0.0454,0.0512,0.0058,0.0058,2026-04-16_153956_v1,2026-04-16_155231_v1
PHI,Akheem Mesidor,0.0472,0.053,0.0058,0.0058,2026-04-16_153956_v1,2026-04-16_155231_v1
PHI,Cashius Howell,0.019,0.0248,0.0058,0.0058,2026-04-16_153956_v1,2026-04-16_155231_v1
PHI,Francis Mauigoa,0.0074,0.0132,0.0058,0.0058,2026-04-16_153956_v1,2026-04-16_155231_v1
TEN,Rueben Bain,0.1012,0.107,0.0058,0.0058,2026-04-16_153956_v1,2026-04-16_155231_v1
MIA,Zion Young,0.068,0.0624,-0.005600000000000008,0.005600000000000008,2026-04-16_153956_v1,2026-04-16_155231_v1
BUF,Zion Young,0.0298,0.0354,0.005600000000000001,0.005600000000000001,2026-04-16_153956_v1,2026-04-16_155231_v1
CIN,Makai Lemon,0.0192,0.0248,0.005600000000000001,0.005600000000000001,2026-04-16_153956_v1,2026-04-16_155231_v1
KC,Francis Mauigoa,0.0336,0.0392,0.005600000000000001,0.005600000000000001,2026-04-16_153956_v1,2026-04-16_155231_v1
PIT,Denzel Boston,0.0098,0.0154,0.005600000000000001,0.005600000000000001,2026-04-16_153956_v1,2026-04-16_155231_v1
PIT,Ty Simpson,0.0104,0.016,0.005600000000000001,0.005600000000000001,2026-04-16_153956_v1,2026-04-16_155231_v1
NYJ,Blake Miller,0.0076,0.0132,0.0056,0.0056,2026-04-16_153956_v1,2026-04-16_155231_v1
CLE,Emmanuel Pregnon,0.0022,0.0078,0.005599999999999999,0.005599999999999999,2026-04-16_153956_v1,2026-04-16_155231_v1
KC,Kayden McDonald,0.0074,0.013,0.005599999999999999,0.005599999999999999,2026-04-16_153956_v1,2026-04-16_155231_v1
SEA,R Mason Thomas,0.008,0.0136,0.005599999999999999,0.005599999999999999,2026-04-16_153956_v1,2026-04-16_155231_v1
ARI,Jeremiyah Love,0.0164,0.022,0.005599999999999997,0.005599999999999997,2026-04-16_153956_v1,2026-04-16_155231_v1
DET,Keldric Faulk,0.0164,0.022,0.005599999999999997,0.005599999999999997,2026-04-16_153956_v1,2026-04-16_155231_v1
NE,Denzel Boston,0.0578,0.0522,-0.005599999999999994,0.005599999999999994,2026-04-16_153956_v1,2026-04-16_155231_v1
KC,Spencer Fano,0.1446,0.1392,-0.005400000000000016,0.005400000000000016,2026-04-16_153956_v1,2026-04-16_155231_v1
HOU,Jeremiyah Love,0.0286,0.0232,-0.005400000000000002,0.005400000000000002,2026-04-16_153956_v1,2026-04-16_155231_v1
MIA,Kayden McDonald,0.011,0.0164,0.005400000000000002,0.005400000000000002,2026-04-16_153956_v1,2026-04-16_155231_v1
MIN,Caleb Downs,0.0422,0.0476,0.005400000000000002,0.005400000000000002,2026-04-16_153956_v1,2026-04-16_155231_v1
SEA,Chase Bisontis,0.0462,0.0516,0.005400000000000002,0.005400000000000002,2026-04-16_153956_v1,2026-04-16_155231_v1
CLE,Cashius Howell,0.0078,0.0132,0.0054,0.0054,2026-04-16_153956_v1,2026-04-16_155231_v1
DET,Jeremiyah Love,0.014,0.0194,0.0054,0.0054,2026-04-16_153956_v1,2026-04-16_155231_v1
MIN,Mansoor Delane,0.0088,0.0142,0.0054,0.0054,2026-04-16_153956_v1,2026-04-16_155231_v1
LAR,Keldric Faulk,0.0044,0.0098,0.005399999999999999,0.005399999999999999,2026-04-16_153956_v1,2026-04-16_155231_v1
NE,R Mason Thomas,0.0062,0.0116,0.005399999999999999,0.005399999999999999,2026-04-16_153956_v1,2026-04-16_155231_v1
BUF,Avieon Terrell,0.0164,0.0218,0.0053999999999999986,0.0053999999999999986,2026-04-16_153956_v1,2026-04-16_155231_v1
CAR,Blake Miller,0.035,0.0404,0.005399999999999995,0.005399999999999995,2026-04-16_153956_v1,2026-04-16_155231_v1
KC,Max Iheanachor,0.0328,0.0382,0.005399999999999995,0.005399999999999995,2026-04-16_153956_v1,2026-04-16_155231_v1
MIA,Denzel Boston,0.1058,0.1006,-0.00520000000000001,0.00520000000000001,2026-04-16_153956_v1,2026-04-16_155231_v1
HOU,Spencer Fano,0.047,0.0418,-0.005200000000000003,0.005200000000000003,2026-04-16_153956_v1,2026-04-16_155231_v1
SF,Zion Young,0.0152,0.0204,0.0052000000000000015,0.0052000000000000015,2026-04-16_153956_v1,2026-04-16_155231_v1
CLE,T.J. Parker,0.0178,0.023,0.0052,0.0052,2026-04-16_153956_v1,2026-04-16_155231_v1
DAL,Arvell Reese,0.0052,0.0104,0.0052,0.0052,2026-04-16_153956_v1,2026-04-16_155231_v1
DAL,Kayden McDonald,0.0202,0.0254,0.0052,0.0052,2026-04-16_153956_v1,2026-04-16_155231_v1
MIA,Rueben Bain,0.016,0.0212,0.0052,0.0052,2026-04-16_153956_v1,2026-04-16_155231_v1
PHI,Makai Lemon,0.0064,0.0116,0.005199999999999999,0.005199999999999999,2026-04-16_153956_v1,2026-04-16_155231_v1
TB,Jordyn Tyson,0.0044,0.0096,0.005199999999999999,0.005199999999999999,2026-04-16_153956_v1,2026-04-16_155231_v1
DAL,Dillon Thieneman,0.1382,0.1432,0.0050000000000000044,0.0050000000000000044,2026-04-16_153956_v1,2026-04-16_155231_v1
HOU,Peter Woods,0.1438,0.1388,-0.0050000000000000044,0.0050000000000000044,2026-04-16_153956_v1,2026-04-16_155231_v1
CLE,Jermod McCoy,0.0032,0.0082,0.005000000000000001,0.005000000000000001,2026-04-16_153956_v1,2026-04-16_155231_v1
DAL,Cashius Howell,0.0024,0.0074,0.005000000000000001,0.005000000000000001,2026-04-16_153956_v1,2026-04-16_155231_v1
MIN,Kenyon Sadiq,0.0114,0.0164,0.005000000000000001,0.005000000000000001,2026-04-16_153956_v1,2026-04-16_155231_v1
TB,Rueben Bain,0.0282,0.0332,0.005000000000000001,0.005000000000000001,2026-04-16_153956_v1,2026-04-16_155231_v1
KC,Malachi Lawrence,0.005,0.01,0.005,0.005,2026-04-16_153956_v1,2026-04-16_155231_v1
BUF,Jordyn Tyson,0.0094,0.0144,0.004999999999999999,0.004999999999999999,2026-04-16_153956_v1,2026-04-16_155231_v1
KC,Dillon Thieneman,0.013,0.018,0.004999999999999999,0.004999999999999999,2026-04-16_153956_v1,2026-04-16_155231_v1
NE,Christen Miller,0.0034,0.0084,0.004999999999999999,0.004999999999999999,2026-04-16_153956_v1,2026-04-16_155231_v1
CIN,Arvell Reese,0.0344,0.0394,0.0049999999999999975,0.0049999999999999975,2026-04-16_153956_v1,2026-04-16_155231_v1
DET,Monroe Freeling,0.0836,0.0786,-0.0049999999999999906,0.0049999999999999906,2026-04-16_153956_v1,2026-04-16_155231_v1
DET,Dillon Thieneman,0.015,0.0198,0.004800000000000002,0.004800000000000002,2026-04-16_153956_v1,2026-04-16_155231_v1
MIN,Jermod McCoy,0.0116,0.0164,0.004800000000000002,0.004800000000000002,2026-04-16_153956_v1,2026-04-16_155231_v1
BUF,Blake Miller,0.0106,0.0154,0.0048000000000000004,0.0048000000000000004,2026-04-16_153956_v1,2026-04-16_155231_v1
CHI,Kevin Concepcion,0.0124,0.0172,0.0048000000000000004,0.0048000000000000004,2026-04-16_153956_v1,2026-04-16_155231_v1
MIN,Blake Miller,0.0038,0.0086,0.0048000000000000004,0.0048000000000000004,2026-04-16_153956_v1,2026-04-16_155231_v1
MIN,Kayden McDonald,0.0042,0.009,0.0048,0.0048,2026-04-16_153956_v1,2026-04-16_155231_v1
CIN,Mansoor Delane,0.0284,0.0332,0.004799999999999999,0.004799999999999999,2026-04-16_153956_v1,2026-04-16_155231_v1
DAL,Jordyn Tyson,0.0166,0.0214,0.004799999999999999,0.004799999999999999,2026-04-16_153956_v1,2026-04-16_155231_v1
LAC,Keldric Faulk,0.0858,0.0906,0.004799999999999999,0.004799999999999999,2026-04-16_153956_v1,2026-04-16_155231_v1
LAC,Peter Woods,0.0946,0.0898,-0.004799999999999999,0.004799999999999999,2026-04-16_153956_v1,2026-04-16_155231_v1
NO,David Bailey,0.032,0.0368,0.004799999999999999,0.004799999999999999,2026-04-16_153956_v1,2026-04-16_155231_v1
SF,Peter Woods,0.0088,0.0136,0.004799999999999999,0.004799999999999999,2026-04-16_153956_v1,2026-04-16_155231_v1
SF,Spencer Fano,0.0508,0.046,-0.004799999999999999,0.004799999999999999,2026-04-16_153956_v1,2026-04-16_155231_v1
LAR,Jermod McCoy,0.0042,0.0088,0.004600000000000001,0.004600000000000001,2026-04-16_153956_v1,2026-04-16_155231_v1
SF,Kayden McDonald,0.0056,0.0102,0.004600000000000001,0.004600000000000001,2026-04-16_153956_v1,2026-04-16_155231_v1
BUF,Omar Cooper Jr.,0.0172,0.0218,0.0046,0.0046,2026-04-16_153956_v1,2026-04-16_155231_v1
CAR,Denzel Boston,0.0144,0.019,0.0046,0.0046,2026-04-16_153956_v1,2026-04-16_155231_v1
LAC,Kayden McDonald,0.0332,0.0378,0.0046,0.0046,2026-04-16_153956_v1,2026-04-16_155231_v1
LAR,Akheem Mesidor,0.0046,0.0092,0.0046,0.0046,2026-04-16_153956_v1,2026-04-16_155231_v1
LAR,Jeremiyah Love,0.01,0.0146,0.0046,0.0046,2026-04-16_153956_v1,2026-04-16_155231_v1
MIA,David Bailey,0.006,0.0106,0.0046,0.0046,2026-04-16_153956_v1,2026-04-16_155231_v1
NE,Kevin Concepcion,0.0086,0.0132,0.0046,0.0046,2026-04-16_153956_v1,2026-04-16_155231_v1
TB,Jeremiyah Love,0.0102,0.0148,0.0046,0.0046,2026-04-16_153956_v1,2026-04-16_155231_v1
TB,Monroe Freeling,0.0044,0.009,0.004599999999999999,0.004599999999999999,2026-04-16_153956_v1,2026-04-16_155231_v1
MIA,Emmanuel McNeil-Warren,0.0134,0.018,0.004599999999999998,0.004599999999999998,2026-04-16_153956_v1,2026-04-16_155231_v1
LAC,Caleb Lomu,0.0076,0.012,0.0044,0.0044,2026-04-16_153956_v1,2026-04-16_155231_v1
ARI,Monroe Freeling,0.0066,0.011,0.004399999999999999,0.004399999999999999,2026-04-16_153956_v1,2026-04-16_155231_v1
CAR,Emmanuel McNeil-Warren,0.008,0.0124,0.004399999999999999,0.004399999999999999,2026-04-16_153956_v1,2026-04-16_155231_v1
CHI,Denzel Boston,0.0118,0.0162,0.004399999999999999,0.004399999999999999,2026-04-16_153956_v1,2026-04-16_155231_v1
NO,Spencer Fano,0.0094,0.0138,0.004399999999999999,0.004399999999999999,2026-04-16_153956_v1,2026-04-16_155231_v1
BAL,Jeremiyah Love,0.0142,0.0186,0.004399999999999998,0.004399999999999998,2026-04-16_153956_v1,2026-04-16_155231_v1
CHI,Avieon Terrell,0.0466,0.051,0.004399999999999994,0.004399999999999994,2026-04-16_153956_v1,2026-04-16_155231_v1
PIT,Avieon Terrell,0.0672,0.0714,0.004200000000000009,0.004200000000000009,2026-04-16_153956_v1,2026-04-16_155231_v1
LAR,Francis Mauigoa,0.0484,0.0526,0.004200000000000002,0.004200000000000002,2026-04-16_153956_v1,2026-04-16_155231_v1
NO,Jordyn Tyson,0.0604,0.0646,0.004200000000000002,0.004200000000000002,2026-04-16_153956_v1,2026-04-16_155231_v1
SEA,C.J. Allen,0.0196,0.0238,0.004200000000000002,0.004200000000000002,2026-04-16_153956_v1,2026-04-16_155231_v1
DET,Omar Cooper Jr.,0.0096,0.0138,0.004200000000000001,0.004200000000000001,2026-04-16_153956_v1,2026-04-16_155231_v1
TEN,Francis Mauigoa,0.014,0.0182,0.004200000000000001,0.004200000000000001,2026-04-16_153956_v1,2026-04-16_155231_v1
TB,Spencer Fano,0.003,0.0072,0.0042,0.0042,2026-04-16_153956_v1,2026-04-16_155231_v1
DAL,Olaivavega Ioane,0.0154,0.0196,0.004199999999999999,0.004199999999999999,2026-04-16_153956_v1,2026-04-16_155231_v1
DAL,Jeremiyah Love,0.0374,0.0416,0.004199999999999995,0.004199999999999995,2026-04-16_153956_v1,2026-04-16_155231_v1
DET,Spencer Fano,0.0866,0.0824,-0.004199999999999995,0.004199999999999995,2026-04-16_153956_v1,2026-04-16_155231_v1
SF,T.J. Parker,0.1122,0.108,-0.004199999999999995,0.004199999999999995,2026-04-16_153956_v1,2026-04-16_155231_v1
DAL,Keldric Faulk,0.1608,0.1648,0.0040000000000000036,0.0040000000000000036,2026-04-16_153956_v1,2026-04-16_155231_v1
NE,T.J. Parker,0.0926,0.0886,-0.0040000000000000036,0.0040000000000000036,2026-04-16_153956_v1,2026-04-16_155231_v1
DET,Sonny Styles,0.0042,0.0082,0.004000000000000001,0.004000000000000001,2026-04-16_153956_v1,2026-04-16_155231_v1
MIN,Kevin Concepcion,0.0048,0.0088,0.004000000000000001,0.004000000000000001,2026-04-16_153956_v1,2026-04-16_155231_v1
PHI,Dillon Thieneman,0.0068,0.0108,0.004000000000000001,0.004000000000000001,2026-04-16_153956_v1,2026-04-16_155231_v1
PHI,Peter Woods,0.0042,0.0082,0.004000000000000001,0.004000000000000001,2026-04-16_153956_v1,2026-04-16_155231_v1
BAL,Francis Mauigoa,0.0082,0.0122,0.004,0.004,2026-04-16_153956_v1,2026-04-16_155231_v1
CIN,Jeremiyah Love,0.0182,0.0222,0.004,0.004,2026-04-16_153956_v1,2026-04-16_155231_v1
MIA,Monroe Freeling,0.0176,0.0216,0.004,0.004,2026-04-16_153956_v1,2026-04-16_155231_v1
NE,Blake Miller,0.0186,0.0226,0.004,0.004,2026-04-16_153956_v1,2026-04-16_155231_v1
NYJ,Mansoor Delane,0.0138,0.0178,0.004,0.004,2026-04-16_153956_v1,2026-04-16_155231_v1
CAR,Kayden McDonald,0.0056,0.0096,0.003999999999999999,0.003999999999999999,2026-04-16_153956_v1,2026-04-16_155231_v1
LAR,Olaivavega Ioane,0.0076,0.0116,0.003999999999999999,0.003999999999999999,2026-04-16_153956_v1,2026-04-16_155231_v1
SEA,Denzel Boston,0.0044,0.0084,0.003999999999999999,0.003999999999999999,2026-04-16_153956_v1,2026-04-16_155231_v1
SF,Emmanuel Pregnon,0.0044,0.0084,0.003999999999999999,0.003999999999999999,2026-04-16_153956_v1,2026-04-16_155231_v1
HOU,Monroe Freeling,0.0448,0.0408,-0.003999999999999997,0.003999999999999997,2026-04-16_153956_v1,2026-04-16_155231_v1
NYG,Arvell Reese,0.071,0.0748,0.0038000000000000117,0.0038000000000000117,2026-04-16_153956_v1,2026-04-16_155231_v1
BAL,Keldric Faulk,0.0162,0.02,0.0038000000000000013,0.0038000000000000013,2026-04-16_153956_v1,2026-04-16_155231_v1
DAL,Blake Miller,0.02,0.0238,0.0038000000000000013,0.0038000000000000013,2026-04-16_153956_v1,2026-04-16_155231_v1
MIA,Caleb Banks,0.0064,0.0102,0.0038000000000000004,0.0038000000000000004,2026-04-16_153956_v1,2026-04-16_155231_v1
MIA,Max Iheanachor,0.0068,0.0106,0.0038000000000000004,0.0038000000000000004,2026-04-16_153956_v1,2026-04-16_155231_v1
TEN,Caleb Downs,0.0026,0.0064,0.0038000000000000004,0.0038000000000000004,2026-04-16_153956_v1,2026-04-16_155231_v1
CAR,Spencer Fano,0.014,0.0178,0.0037999999999999996,0.0037999999999999996,2026-04-16_153956_v1,2026-04-16_155231_v1
HOU,C.J. Allen,0.0054,0.0092,0.0037999999999999996,0.0037999999999999996,2026-04-16_153956_v1,2026-04-16_155231_v1
DAL,Caleb Downs,0.0398,0.0436,0.003799999999999998,0.003799999999999998,2026-04-16_153956_v1,2026-04-16_155231_v1
KC,Keldric Faulk,0.0276,0.0314,0.003799999999999998,0.003799999999999998,2026-04-16_153956_v1,2026-04-16_155231_v1
MIA,Caleb Downs,0.0398,0.0436,0.003799999999999998,0.003799999999999998,2026-04-16_153956_v1,2026-04-16_155231_v1
NO,Makai Lemon,0.1206,0.1168,-0.003799999999999998,0.003799999999999998,2026-04-16_153956_v1,2026-04-16_155231_v1
MIA,Olaivavega Ioane,0.1476,0.144,-0.00360000000000002,0.00360000000000002,2026-04-16_153956_v1,2026-04-16_155231_v1
TEN,Arvell Reese,0.1134,0.117,0.003600000000000006,0.003600000000000006,2026-04-16_153956_v1,2026-04-16_155231_v1
SF,Omar Cooper Jr.,0.021,0.0174,-0.0036000000000000025,0.0036000000000000025,2026-04-16_153956_v1,2026-04-16_155231_v1
MIA,Carnell Tate,0.0092,0.0128,0.0036000000000000008,0.0036000000000000008,2026-04-16_153956_v1,2026-04-16_155231_v1
CLE,Dillon Thieneman,0.0018,0.0054,0.0036000000000000003,0.0036000000000000003,2026-04-16_153956_v1,2026-04-16_155231_v1
HOU,Ty Simpson,0.0024,0.006,0.0036000000000000003,0.0036000000000000003,2026-04-16_153956_v1,2026-04-16_155231_v1
MIA,Malachi Lawrence,0.0048,0.0084,0.0036,0.0036,2026-04-16_153956_v1,2026-04-16_155231_v1
PHI,Max Iheanachor,0.0026,0.0062,0.0036,0.0036,2026-04-16_153956_v1,2026-04-16_155231_v1
PIT,Jermod McCoy,0.004,0.0076,0.0036,0.0036,2026-04-16_153956_v1,2026-04-16_155231_v1
SF,C.J. Allen,0.0044,0.008,0.0036,0.0036,2026-04-16_153956_v1,2026-04-16_155231_v1
CIN,Monroe Freeling,0.039,0.0426,0.003599999999999999,0.003599999999999999,2026-04-16_153956_v1,2026-04-16_155231_v1
HOU,Blake Miller,0.0518,0.0554,0.003599999999999999,0.003599999999999999,2026-04-16_153956_v1,2026-04-16_155231_v1
MIN,Keldric Faulk,0.0108,0.0144,0.003599999999999999,0.003599999999999999,2026-04-16_153956_v1,2026-04-16_155231_v1
SF,Max Iheanachor,0.037,0.0406,0.003599999999999999,0.003599999999999999,2026-04-16_153956_v1,2026-04-16_155231_v1
NYG,Caleb Downs,0.1364,0.1398,0.003400000000000014,0.003400000000000014,2026-04-16_153956_v1,2026-04-16_155231_v1
CHI,Blake Miller,0.013,0.0164,0.003400000000000002,0.003400000000000002,2026-04-16_153956_v1,2026-04-16_155231_v1
DET,Emmanuel McNeil-Warren,0.0048,0.0082,0.003400000000000001,0.003400000000000001,2026-04-16_153956_v1,2026-04-16_155231_v1
BAL,Carnell Tate,0.0086,0.012,0.0034000000000000002,0.0034000000000000002,2026-04-16_153956_v1,2026-04-16_155231_v1
DAL,Makai Lemon,0.019,0.0224,0.0034000000000000002,0.0034000000000000002,2026-04-16_153956_v1,2026-04-16_155231_v1
HOU,Emmanuel Pregnon,0.0092,0.0126,0.0034000000000000002,0.0034000000000000002,2026-04-16_153956_v1,2026-04-16_155231_v1
KC,Blake Miller,0.0106,0.014,0.0034000000000000002,0.0034000000000000002,2026-04-16_153956_v1,2026-04-16_155231_v1
KC,Carnell Tate,0.023,0.0264,0.0034000000000000002,0.0034000000000000002,2026-04-16_153956_v1,2026-04-16_155231_v1
LAC,Olaivavega Ioane,0.0344,0.0378,0.0034000000000000002,0.0034000000000000002,2026-04-16_153956_v1,2026-04-16_155231_v1
LAR,Blake Miller,0.0094,0.0128,0.0034000000000000002,0.0034000000000000002,2026-04-16_153956_v1,2026-04-16_155231_v1
NYG,Mansoor Delane,0.0042,0.0076,0.0034000000000000002,0.0034000000000000002,2026-04-16_153956_v1,2026-04-16_155231_v1
NYJ,Jermod McCoy,0.0436,0.047,0.0034000000000000002,0.0034000000000000002,2026-04-16_153956_v1,2026-04-16_155231_v1
KC,Brandon Cisse,0.0028,0.0062,0.0034,0.0034,2026-04-16_153956_v1,2026-04-16_155231_v1
BUF,Chase Bisontis,0.005,0.0084,0.0033999999999999994,0.0033999999999999994,2026-04-16_153956_v1,2026-04-16_155231_v1
KC,Peter Woods,0.005,0.0084,0.0033999999999999994,0.0033999999999999994,2026-04-16_153956_v1,2026-04-16_155231_v1
CLE,Emmanuel McNeil-Warren,0.0162,0.0194,0.0032000000000000015,0.0032000000000000015,2026-04-16_153956_v1,2026-04-16_155231_v1
PHI,Kadyn Proctor,0.0196,0.0228,0.0032000000000000015,0.0032000000000000015,2026-04-16_153956_v1,2026-04-16_155231_v1
CLE,Kenyon Sadiq,0.0034,0.0066,0.0032,0.0032,2026-04-16_153956_v1,2026-04-16_155231_v1
MIN,Monroe Freeling,0.0032,0.0064,0.0032,0.0032,2026-04-16_153956_v1,2026-04-16_155231_v1
BUF,C.J. Allen,0.0094,0.0126,0.0031999999999999997,0.0031999999999999997,2026-04-16_153956_v1,2026-04-16_155231_v1
CHI,Cashius Howell,0.006,0.0092,0.0031999999999999997,0.0031999999999999997,2026-04-16_153956_v1,2026-04-16_155231_v1
KC,Kevin Concepcion,0.012,0.0152,0.0031999999999999997,0.0031999999999999997,2026-04-16_153956_v1,2026-04-16_155231_v1
NE,Spencer Fano,0.0138,0.0106,-0.0031999999999999997,0.0031999999999999997,2026-04-16_153956_v1,2026-04-16_155231_v1
PIT,Max Iheanachor,0.0044,0.0076,0.0031999999999999997,0.0031999999999999997,2026-04-16_153956_v1,2026-04-16_155231_v1
NYG,Spencer Fano,0.0204,0.0236,0.003199999999999998,0.003199999999999998,2026-04-16_153956_v1,2026-04-16_155231_v1
NE,Max Iheanachor,0.1122,0.109,-0.0031999999999999945,0.0031999999999999945,2026-04-16_153956_v1,2026-04-16_155231_v1
BAL,Omar Cooper Jr.,0.1166,0.1196,0.0030000000000000027,0.0030000000000000027,2026-04-16_153956_v1,2026-04-16_155231_v1
LAR,Omar Cooper Jr.,0.026,0.029,0.0030000000000000027,0.0030000000000000027,2026-04-16_153956_v1,2026-04-16_155231_v1
NE,Caleb Banks,0.0588,0.0618,0.0030000000000000027,0.0030000000000000027,2026-04-16_153956_v1,2026-04-16_155231_v1
HOU,Colton Hood,0.0072,0.0102,0.003000000000000001,0.003000000000000001,2026-04-16_153956_v1,2026-04-16_155231_v1
NO,Caleb Downs,0.0146,0.0176,0.003000000000000001,0.003000000000000001,2026-04-16_153956_v1,2026-04-16_155231_v1
KC,Olaivavega Ioane,0.0034,0.0064,0.0030000000000000005,0.0030000000000000005,2026-04-16_153956_v1,2026-04-16_155231_v1
CHI,Max Iheanachor,0.002,0.005,0.003,0.003,2026-04-16_153956_v1,2026-04-16_155231_v1
NE,Brandon Cisse,0.0016,0.0046,0.003,0.003,2026-04-16_153956_v1,2026-04-16_155231_v1
PHI,Kenyon Sadiq,0.0076,0.0106,0.003,0.003,2026-04-16_153956_v1,2026-04-16_155231_v1
TB,Blake Miller,0.0012,0.0042,0.003,0.003,2026-04-16_153956_v1,2026-04-16_155231_v1
TB,Omar Cooper Jr.,0.002,0.005,0.003,0.003,2026-04-16_153956_v1,2026-04-16_155231_v1
WAS,Jermod McCoy,0.0056,0.0086,0.003,0.003,2026-04-16_153956_v1,2026-04-16_155231_v1
WAS,Monroe Freeling,0.0044,0.0074,0.003,0.003,2026-04-16_153956_v1,2026-04-16_155231_v1
CLE,Mansoor Delane,0.017,0.02,0.002999999999999999,0.002999999999999999,2026-04-16_153956_v1,2026-04-16_155231_v1
CLE,Ty Simpson,0.0164,0.0194,0.002999999999999999,0.002999999999999999,2026-04-16_153956_v1,2026-04-16_155231_v1
DAL,Rueben Bain,0.0258,0.0288,0.002999999999999999,0.002999999999999999,2026-04-16_153956_v1,2026-04-16_155231_v1
LAC,Caleb Downs,0.01,0.013,0.002999999999999999,0.002999999999999999,2026-04-16_153956_v1,2026-04-16_155231_v1
NYJ,Dillon Thieneman,0.0234,0.0264,0.002999999999999999,0.002999999999999999,2026-04-16_153956_v1,2026-04-16_155231_v1
SEA,Emmanuel Pregnon,0.0122,0.0152,0.002999999999999999,0.002999999999999999,2026-04-16_153956_v1,2026-04-16_155231_v1
TEN,Carnell Tate,0.1274,0.1304,0.002999999999999975,0.002999999999999975,2026-04-16_153956_v1,2026-04-16_155231_v1
CAR,Kadyn Proctor,0.0414,0.0442,0.002800000000000004,0.002800000000000004,2026-04-16_153956_v1,2026-04-16_155231_v1
LAC,Cashius Howell,0.0368,0.0396,0.002800000000000004,0.002800000000000004,2026-04-16_153956_v1,2026-04-16_155231_v1
HOU,Denzel Boston,0.016,0.0188,0.0028000000000000004,0.0028000000000000004,2026-04-16_153956_v1,2026-04-16_155231_v1
LAC,Blake Miller,0.0186,0.0214,0.0028000000000000004,0.0028000000000000004,2026-04-16_153956_v1,2026-04-16_155231_v1
MIA,Peter Woods,0.0042,0.007,0.0028000000000000004,0.0028000000000000004,2026-04-16_153956_v1,2026-04-16_155231_v1
SF,Dillon Thieneman,0.0072,0.01,0.0028000000000000004,0.0028000000000000004,2026-04-16_153956_v1,2026-04-16_155231_v1
SEA,Dillon Thieneman,0.001,0.0038,0.0028,0.0028,2026-04-16_153956_v1,2026-04-16_155231_v1
TEN,Mansoor Delane,0.001,0.0038,0.0028,0.0028,2026-04-16_153956_v1,2026-04-16_155231_v1
CIN,Kenyon Sadiq,0.0068,0.0096,0.0027999999999999995,0.0027999999999999995,2026-04-16_153956_v1,2026-04-16_155231_v1
LAC,Jordyn Tyson,0.007,0.0098,0.0027999999999999995,0.0027999999999999995,2026-04-16_153956_v1,2026-04-16_155231_v1
LAC,Monroe Freeling,0.003,0.0058,0.0027999999999999995,0.0027999999999999995,2026-04-16_153956_v1,2026-04-16_155231_v1
MIA,Brandon Cisse,0.007,0.0098,0.0027999999999999995,0.0027999999999999995,2026-04-16_153956_v1,2026-04-16_155231_v1
MIA,Jermod McCoy,0.161,0.1582,-0.002799999999999997,0.002799999999999997,2026-04-16_153956_v1,2026-04-16_155231_v1
NE,Kayden McDonald,0.091,0.0882,-0.002799999999999997,0.002799999999999997,2026-04-16_153956_v1,2026-04-16_155231_v1
NE,Zion Young,0.1328,0.13,-0.002799999999999997,0.002799999999999997,2026-04-16_153956_v1,2026-04-16_155231_v1
CIN,Spencer Fano,0.044,0.0466,0.002600000000000005,0.002600000000000005,2026-04-16_153956_v1,2026-04-16_155231_v1
WAS,Carnell Tate,0.1076,0.1102,0.002600000000000005,0.002600000000000005,2026-04-16_153956_v1,2026-04-16_155231_v1
DET,Olaivavega Ioane,0.0096,0.0122,0.0026000000000000016,0.0026000000000000016,2026-04-16_153956_v1,2026-04-16_155231_v1
CLE,Arvell Reese,0.0062,0.0088,0.0026000000000000007,0.0026000000000000007,2026-04-16_153956_v1,2026-04-16_155231_v1
BUF,Caleb Downs,0.0034,0.006,0.0026000000000000003,0.0026000000000000003,2026-04-16_153956_v1,2026-04-16_155231_v1
CHI,Olaivavega Ioane,0.0006,0.0032,0.0026000000000000003,0.0026000000000000003,2026-04-16_153956_v1,2026-04-16_155231_v1
LAC,Spencer Fano,0.0024,0.005,0.0026000000000000003,0.0026000000000000003,2026-04-16_153956_v1,2026-04-16_155231_v1
CHI,Caleb Lomu,0.0082,0.0108,0.0026,0.0026,2026-04-16_153956_v1,2026-04-16_155231_v1
LAC,Avieon Terrell,0.0066,0.0092,0.0026,0.0026,2026-04-16_153956_v1,2026-04-16_155231_v1
NE,Malachi Lawrence,0.012,0.0146,0.0026,0.0026,2026-04-16_153956_v1,2026-04-16_155231_v1
NO,Monroe Freeling,0.0098,0.0124,0.0026,0.0026,2026-04-16_153956_v1,2026-04-16_155231_v1
SF,Keldric Faulk,0.0074,0.01,0.0026,0.0026,2026-04-16_153956_v1,2026-04-16_155231_v1
MIA,Keldric Faulk,0.0164,0.019,0.002599999999999998,0.002599999999999998,2026-04-16_153956_v1,2026-04-16_155231_v1
SEA,Brandon Cisse,0.0488,0.0514,0.002599999999999998,0.002599999999999998,2026-04-16_153956_v1,2026-04-16_155231_v1
CLE,Blake Miller,0.0752,0.0778,0.002599999999999991,0.002599999999999991,2026-04-16_153956_v1,2026-04-16_155231_v1
NYG,Jeremiyah Love,0.1282,0.1308,0.002599999999999991,0.002599999999999991,2026-04-16_153956_v1,2026-04-16_155231_v1
PHI,Kevin Concepcion,0.1142,0.1116,-0.002599999999999991,0.002599999999999991,2026-04-16_153956_v1,2026-04-16_155231_v1
PIT,Kadyn Proctor,0.16,0.1574,-0.002599999999999991,0.002599999999999991,2026-04-16_153956_v1,2026-04-16_155231_v1
PHI,T.J. Parker,0.0642,0.0666,0.0024000000000000132,0.0024000000000000132,2026-04-16_153956_v1,2026-04-16_155231_v1
CAR,Dillon Thieneman,0.0116,0.014,0.002400000000000001,0.002400000000000001,2026-04-16_153956_v1,2026-04-16_155231_v1
HOU,Chase Bisontis,0.009,0.0114,0.002400000000000001,0.002400000000000001,2026-04-16_153956_v1,2026-04-16_155231_v1
DET,Avieon Terrell,0.0008,0.0032,0.0024000000000000002,0.0024000000000000002,2026-04-16_153956_v1,2026-04-16_155231_v1
PIT,Colton Hood,0.0046,0.007,0.0024000000000000002,0.0024000000000000002,2026-04-16_153956_v1,2026-04-16_155231_v1
PIT,Keldric Faulk,0.0056,0.008,0.0024000000000000002,0.0024000000000000002,2026-04-16_153956_v1,2026-04-16_155231_v1
TB,David Bailey,0.002,0.0044,0.0024000000000000002,0.0024000000000000002,2026-04-16_153956_v1,2026-04-16_155231_v1
ARI,Mansoor Delane,0.0038,0.0062,0.0024,0.0024,2026-04-16_153956_v1,2026-04-16_155231_v1
CHI,Kadyn Proctor,0.001,0.0034,0.0024,0.0024,2026-04-16_153956_v1,2026-04-16_155231_v1
HOU,Chris Johnson,0.0022,0.0046,0.0024,0.0024,2026-04-16_153956_v1,2026-04-16_155231_v1
HOU,Zion Young,0.0018,0.0042,0.0024,0.0024,2026-04-16_153956_v1,2026-04-16_155231_v1
WAS,Dillon Thieneman,0.0024,0.0048,0.0024,0.0024,2026-04-16_153956_v1,2026-04-16_155231_v1
BAL,Monroe Freeling,0.0304,0.028,-0.0023999999999999994,0.0023999999999999994,2026-04-16_153956_v1,2026-04-16_155231_v1
CAR,Jeremiyah Love,0.012,0.0144,0.0023999999999999994,0.0023999999999999994,2026-04-16_153956_v1,2026-04-16_155231_v1
CHI,Dillon Thieneman,0.0316,0.034,0.0023999999999999994,0.0023999999999999994,2026-04-16_153956_v1,2026-04-16_155231_v1
CLE,Spencer Fano,0.0952,0.0976,0.0023999999999999994,0.0023999999999999994,2026-04-16_153956_v1,2026-04-16_155231_v1
DET,Francis Mauigoa,0.0564,0.054,-0.0023999999999999994,0.0023999999999999994,2026-04-16_153956_v1,2026-04-16_155231_v1
KC,C.J. Allen,0.0114,0.0138,0.0023999999999999994,0.0023999999999999994,2026-04-16_153956_v1,2026-04-16_155231_v1
KC,Makai Lemon,0.0542,0.0566,0.0023999999999999994,0.0023999999999999994,2026-04-16_153956_v1,2026-04-16_155231_v1
KC,Monroe Freeling,0.0846,0.087,0.0023999999999999994,0.0023999999999999994,2026-04-16_153956_v1,2026-04-16_155231_v1
LAC,Caleb Banks,0.0054,0.0078,0.0023999999999999994,0.0023999999999999994,2026-04-16_153956_v1,2026-04-16_155231_v1
MIA,Jeremiyah Love,0.0102,0.0126,0.0023999999999999994,0.0023999999999999994,2026-04-16_153956_v1,2026-04-16_155231_v1
NE,Kenyon Sadiq,0.0268,0.0244,-0.0023999999999999994,0.0023999999999999994,2026-04-16_153956_v1,2026-04-16_155231_v1
NO,Jeremiyah Love,0.0112,0.0136,0.0023999999999999994,0.0023999999999999994,2026-04-16_153956_v1,2026-04-16_155231_v1
NYJ,Kadyn Proctor,0.0252,0.0276,0.0023999999999999994,0.0023999999999999994,2026-04-16_153956_v1,2026-04-16_155231_v1
SEA,Ty Simpson,0.0072,0.0096,0.0023999999999999994,0.0023999999999999994,2026-04-16_153956_v1,2026-04-16_155231_v1
DAL,Avieon Terrell,0.1442,0.1464,0.0022000000000000075,0.0022000000000000075,2026-04-16_153956_v1,2026-04-16_155231_v1
DET,Blake Miller,0.1126,0.1104,-0.0022000000000000075,0.0022000000000000075,2026-04-16_153956_v1,2026-04-16_155231_v1
BAL,Sonny Styles,0.0078,0.01,0.0022000000000000006,0.0022000000000000006,2026-04-16_153956_v1,2026-04-16_155231_v1
BUF,Akheem Mesidor,0.0132,0.0154,0.0022000000000000006,0.0022000000000000006,2026-04-16_153956_v1,2026-04-16_155231_v1
CAR,Monroe Freeling,0.0116,0.0138,0.0022000000000000006,0.0022000000000000006,2026-04-16_153956_v1,2026-04-16_155231_v1
CIN,Jordyn Tyson,0.0218,0.024,0.0022000000000000006,0.0022000000000000006,2026-04-16_153956_v1,2026-04-16_155231_v1
NYJ,Spencer Fano,0.0098,0.012,0.0022000000000000006,0.0022000000000000006,2026-04-16_153956_v1,2026-04-16_155231_v1
NYJ,Ty Simpson,0.0186,0.0208,0.0022000000000000006,0.0022000000000000006,2026-04-16_153956_v1,2026-04-16_155231_v1
PIT,Makai Lemon,0.0048,0.007,0.0022000000000000006,0.0022000000000000006,2026-04-16_153956_v1,2026-04-16_155231_v1
SF,Avieon Terrell,0.037,0.0392,0.0022000000000000006,0.0022000000000000006,2026-04-16_153956_v1,2026-04-16_155231_v1
SF,Caleb Downs,0.0052,0.0074,0.0022000000000000006,0.0022000000000000006,2026-04-16_153956_v1,2026-04-16_155231_v1
SF,Kadyn Proctor,0.0272,0.0294,0.0022000000000000006,0.0022000000000000006,2026-04-16_153956_v1,2026-04-16_155231_v1
SF,Olaivavega Ioane,0.026,0.0282,0.0022000000000000006,0.0022000000000000006,2026-04-16_153956_v1,2026-04-16_155231_v1
DET,Jermod McCoy,0.0008,0.003,0.0022,0.0022,2026-04-16_153956_v1,2026-04-16_155231_v1
SEA,Jadarian Price,0.0028,0.005,0.0022,0.0022,2026-04-16_153956_v1,2026-04-16_155231_v1
TEN,Monroe Freeling,0.0008,0.003,0.0022,0.0022,2026-04-16_153956_v1,2026-04-16_155231_v1
BUF,Rueben Bain,0.0044,0.0066,0.0021999999999999997,0.0021999999999999997,2026-04-16_153956_v1,2026-04-16_155231_v1
CLE,Akheem Mesidor,0.003,0.0052,0.0021999999999999997,0.0021999999999999997,2026-04-16_153956_v1,2026-04-16_155231_v1
BUF,Makai Lemon,0.0074,0.0096,0.002199999999999999,0.002199999999999999,2026-04-16_153956_v1,2026-04-16_155231_v1
NYG,Rueben Bain,0.0074,0.0096,0.002199999999999999,0.002199999999999999,2026-04-16_153956_v1,2026-04-16_155231_v1
WAS,Caleb Downs,0.0942,0.0964,0.0021999999999999936,0.0021999999999999936,2026-04-16_153956_v1,2026-04-16_155231_v1
NYJ,Makai Lemon,0.0332,0.0312,-0.0020000000000000018,0.0020000000000000018,2026-04-16_153956_v1,2026-04-16_155231_v1
PHI,Spencer Fano,0.0412,0.0432,0.0020000000000000018,0.0020000000000000018,2026-04-16_153956_v1,2026-04-16_155231_v1
SEA,Cashius Howell,0.0964,0.0984,0.0020000000000000018,0.0020000000000000018,2026-04-16_153956_v1,2026-04-16_155231_v1
WAS,Spencer Fano,0.0068,0.0088,0.002000000000000001,0.002000000000000001,2026-04-16_153956_v1,2026-04-16_155231_v1
ARI,Carnell Tate,0.0056,0.0076,0.002,0.002,2026-04-16_153956_v1,2026-04-16_155231_v1
BUF,Max Iheanachor,0.0016,0.0036,0.002,0.002,2026-04-16_153956_v1,2026-04-16_155231_v1
CIN,Carnell Tate,0.003,0.005,0.002,0.002,2026-04-16_153956_v1,2026-04-16_155231_v1
KC,Arvell Reese,0.0026,0.0046,0.002,0.002,2026-04-16_153956_v1,2026-04-16_155231_v1
LAC,Francis Mauigoa,0.0014,0.0034,0.002,0.002,2026-04-16_153956_v1,2026-04-16_155231_v1
MIA,Kevin Concepcion,0.0132,0.0152,0.002,0.002,2026-04-16_153956_v1,2026-04-16_155231_v1
PHI,Caleb Downs,0.0048,0.0068,0.002,0.002,2026-04-16_153956_v1,2026-04-16_155231_v1
PHI,Jordyn Tyson,0.008,0.01,0.002,0.002,2026-04-16_153956_v1,2026-04-16_155231_v1
PIT,Cashius Howell,0.0016,0.0036,0.002,0.002,2026-04-16_153956_v1,2026-04-16_155231_v1
PIT,Dillon Thieneman,0.0012,0.0032,0.002,0.002,2026-04-16_153956_v1,2026-04-16_155231_v1
SEA,Akheem Mesidor,0.0106,0.0126,0.002,0.002,2026-04-16_153956_v1,2026-04-16_155231_v1
SF,Akheem Mesidor,0.0078,0.0098,0.002,0.002,2026-04-16_153956_v1,2026-04-16_155231_v1
TB,Dillon Thieneman,0.0064,0.0084,0.001999999999999999,0.001999999999999999,2026-04-16_153956_v1,2026-04-16_155231_v1
TB,Sonny Styles,0.0064,0.0084,0.001999999999999999,0.001999999999999999,2026-04-16_153956_v1,2026-04-16_155231_v1
HOU,Kadyn Proctor,0.0352,0.0372,0.001999999999999995,0.001999999999999995,2026-04-16_153956_v1,2026-04-16_155231_v1
DAL,Kadyn Proctor,0.0358,0.0376,0.001800000000000003,0.001800000000000003,2026-04-16_153956_v1,2026-04-16_155231_v1
NYJ,Francis Mauigoa,0.018,0.0198,0.001800000000000003,0.001800000000000003,2026-04-16_153956_v1,2026-04-16_155231_v1
KC,Kenyon Sadiq,0.0052,0.007,0.0018000000000000004,0.0018000000000000004,2026-04-16_153956_v1,2026-04-16_155231_v1
LAR,Carnell Tate,0.0076,0.0094,0.0018000000000000004,0.0018000000000000004,2026-04-16_153956_v1,2026-04-16_155231_v1
MIA,R Mason Thomas,0.0052,0.007,0.0018000000000000004,0.0018000000000000004,2026-04-16_153956_v1,2026-04-16_155231_v1
CIN,Akheem Mesidor,0.0014,0.0032,0.0018000000000000002,0.0018000000000000002,2026-04-16_153956_v1,2026-04-16_155231_v1
LAC,Kenyon Sadiq,0.0012,0.003,0.0018000000000000002,0.0018000000000000002,2026-04-16_153956_v1,2026-04-16_155231_v1
TB,Caleb Lomu,0.0012,0.003,0.0018000000000000002,0.0018000000000000002,2026-04-16_153956_v1,2026-04-16_155231_v1
ARI,Caleb Downs,0.0006,0.0024,0.0018,0.0018,2026-04-16_153956_v1,2026-04-16_155231_v1
BAL,David Bailey,0.0008,0.0026,0.0018,0.0018,2026-04-16_153956_v1,2026-04-16_155231_v1
BAL,Rueben Bain,0.0038,0.0056,0.0018,0.0018,2026-04-16_153956_v1,2026-04-16_155231_v1
LAR,Mansoor Delane,0.0006,0.0024,0.0018,0.0018,2026-04-16_153956_v1,2026-04-16_155231_v1
NE,Makai Lemon,0.002,0.0038,0.0018,0.0018,2026-04-16_153956_v1,2026-04-16_155231_v1
NO,Olaivavega Ioane,0.0018,0.0036,0.0018,0.0018,2026-04-16_153956_v1,2026-04-16_155231_v1
SF,Francis Mauigoa,0.0016,0.0034,0.0017999999999999997,0.0017999999999999997,2026-04-16_153956_v1,2026-04-16_155231_v1
DAL,David Bailey,0.004,0.0058,0.0017999999999999995,0.0017999999999999995,2026-04-16_153956_v1,2026-04-16_155231_v1
LAR,Dillon Thieneman,0.006,0.0078,0.0017999999999999995,0.0017999999999999995,2026-04-16_153956_v1,2026-04-16_155231_v1
NO,Francis Mauigoa,0.0088,0.0106,0.0017999999999999995,0.0017999999999999995,2026-04-16_153956_v1,2026-04-16_155231_v1
SF,Colton Hood,0.015,0.0168,0.0017999999999999995,0.0017999999999999995,2026-04-16_153956_v1,2026-04-16_155231_v1
BAL,Makai Lemon,0.1124,0.1106,-0.001799999999999996,0.001799999999999996,2026-04-16_153956_v1,2026-04-16_155231_v1
HOU,Max Iheanachor,0.1684,0.1666,-0.001799999999999996,0.001799999999999996,2026-04-16_153956_v1,2026-04-16_155231_v1
CIN,Dillon Thieneman,0.108,0.1096,0.0016000000000000042,0.0016000000000000042,2026-04-16_153956_v1,2026-04-16_155231_v1
DAL,Emmanuel McNeil-Warren,0.121,0.1226,0.0016000000000000042,0.0016000000000000042,2026-04-16_153956_v1,2026-04-16_155231_v1
BUF,Keldric Faulk,0.0148,0.0164,0.0016000000000000007,0.0016000000000000007,2026-04-16_153956_v1,2026-04-16_155231_v1
CLE,David Bailey,0.0132,0.0148,0.0016000000000000007,0.0016000000000000007,2026-04-16_153956_v1,2026-04-16_155231_v1
DAL,Francis Mauigoa,0.0224,0.0208,-0.0016000000000000007,0.0016000000000000007,2026-04-16_153956_v1,2026-04-16_155231_v1
MIN,Akheem Mesidor,0.0092,0.0108,0.0016000000000000007,0.0016000000000000007,2026-04-16_153956_v1,2026-04-16_155231_v1
MIN,Olaivavega Ioane,0.0072,0.0088,0.0016000000000000007,0.0016000000000000007,2026-04-16_153956_v1,2026-04-16_155231_v1
BAL,Blake Miller,0.0024,0.004,0.0016000000000000003,0.0016000000000000003,2026-04-16_153956_v1,2026-04-16_155231_v1
KC,Ty Simpson,0.0034,0.005,0.0016000000000000003,0.0016000000000000003,2026-04-16_153956_v1,2026-04-16_155231_v1
PHI,Olaivavega Ioane,0.0006,0.0022,0.0016000000000000003,0.0016000000000000003,2026-04-16_153956_v1,2026-04-16_155231_v1
CLE,Chris Johnson,0.0,0.0016,0.0016,0.0016,2026-04-16_153956_v1,2026-04-16_155231_v1
DAL,Carnell Tate,0.0014,0.003,0.0016,0.0016,2026-04-16_153956_v1,2026-04-16_155231_v1
NE,Anthony Hill Jr.,0.0014,0.003,0.0016,0.0016,2026-04-16_153956_v1,2026-04-16_155231_v1
PHI,Sonny Styles,0.0004,0.002,0.0016,0.0016,2026-04-16_153956_v1,2026-04-16_155231_v1
BAL,Mansoor Delane,0.0002,0.0018,0.0015999999999999999,0.0015999999999999999,2026-04-16_153956_v1,2026-04-16_155231_v1
BUF,Caleb Lomu,0.0068,0.0084,0.0015999999999999999,0.0015999999999999999,2026-04-16_153956_v1,2026-04-16_155231_v1
BUF,Emmanuel Pregnon,0.0046,0.0062,0.0015999999999999999,0.0015999999999999999,2026-04-16_153956_v1,2026-04-16_155231_v1
CAR,Olaivavega Ioane,0.0042,0.0058,0.0015999999999999999,0.0015999999999999999,2026-04-16_153956_v1,2026-04-16_155231_v1
CIN,Kadyn Proctor,0.0022,0.0038,0.0015999999999999999,0.0015999999999999999,2026-04-16_153956_v1,2026-04-16_155231_v1
HOU,Kenyon Sadiq,0.004,0.0056,0.0015999999999999999,0.0015999999999999999,2026-04-16_153956_v1,2026-04-16_155231_v1
NE,Emmanuel Pregnon,0.0018,0.0034,0.0015999999999999999,0.0015999999999999999,2026-04-16_153956_v1,2026-04-16_155231_v1
NE,Jordyn Tyson,0.003,0.0046,0.0015999999999999999,0.0015999999999999999,2026-04-16_153956_v1,2026-04-16_155231_v1
NYJ,Caleb Lomu,0.003,0.0046,0.0015999999999999999,0.0015999999999999999,2026-04-16_153956_v1,2026-04-16_155231_v1
SF,Malachi Lawrence,0.0022,0.0038,0.0015999999999999999,0.0015999999999999999,2026-04-16_153956_v1,2026-04-16_155231_v1
BUF,Caleb Banks,0.0032,0.0048,0.0015999999999999994,0.0015999999999999994,2026-04-16_153956_v1,2026-04-16_155231_v1
BAL,Jermod McCoy,0.0108,0.0124,0.001599999999999999,0.001599999999999999,2026-04-16_153956_v1,2026-04-16_155231_v1
KC,Jeremiyah Love,0.0082,0.0098,0.001599999999999999,0.001599999999999999,2026-04-16_153956_v1,2026-04-16_155231_v1
MIN,Omar Cooper Jr.,0.01,0.0116,0.001599999999999999,0.001599999999999999,2026-04-16_153956_v1,2026-04-16_155231_v1
BUF,Peter Woods,0.0586,0.0602,0.0015999999999999973,0.0015999999999999973,2026-04-16_153956_v1,2026-04-16_155231_v1
CAR,Caleb Lomu,0.017,0.0186,0.0015999999999999973,0.0015999999999999973,2026-04-16_153956_v1,2026-04-16_155231_v1
NE,C.J. Allen,0.0314,0.0298,-0.0015999999999999973,0.0015999999999999973,2026-04-16_153956_v1,2026-04-16_155231_v1
CHI,Emmanuel McNeil-Warren,0.1724,0.1708,-0.0015999999999999903,0.0015999999999999903,2026-04-16_153956_v1,2026-04-16_155231_v1
CLE,Monroe Freeling,0.2058,0.2044,-0.0014000000000000123,0.0014000000000000123,2026-04-16_153956_v1,2026-04-16_155231_v1
CIN,Rueben Bain,0.0186,0.02,0.001400000000000002,0.001400000000000002,2026-04-16_153956_v1,2026-04-16_155231_v1
CAR,Francis Mauigoa,0.0102,0.0088,-0.0014000000000000002,0.0014000000000000002,2026-04-16_153956_v1,2026-04-16_155231_v1
CAR,Makai Lemon,0.009,0.0104,0.0014000000000000002,0.0014000000000000002,2026-04-16_153956_v1,2026-04-16_155231_v1
CHI,Brandon Cisse,0.0006,0.002,0.0014000000000000002,0.0014000000000000002,2026-04-16_153956_v1,2026-04-16_155231_v1
HOU,Kevin Concepcion,0.0074,0.0088,0.0014000000000000002,0.0014000000000000002,2026-04-16_153956_v1,2026-04-16_155231_v1
KC,Akheem Mesidor,0.0124,0.0138,0.0014000000000000002,0.0014000000000000002,2026-04-16_153956_v1,2026-04-16_155231_v1
MIA,Blake Miller,0.0026,0.004,0.0014000000000000002,0.0014000000000000002,2026-04-16_153956_v1,2026-04-16_155231_v1
NYJ,Monroe Freeling,0.0074,0.0088,0.0014000000000000002,0.0014000000000000002,2026-04-16_153956_v1,2026-04-16_155231_v1
NYJ,T.J. Parker,0.0052,0.0066,0.0014000000000000002,0.0014000000000000002,2026-04-16_153956_v1,2026-04-16_155231_v1
PIT,Jordyn Tyson,0.006,0.0046,-0.0014000000000000002,0.0014000000000000002,2026-04-16_153956_v1,2026-04-16_155231_v1
PIT,Kenyon Sadiq,0.0006,0.002,0.0014000000000000002,0.0014000000000000002,2026-04-16_153956_v1,2026-04-16_155231_v1
TB,Kevin Concepcion,0.0006,0.002,0.0014000000000000002,0.0014000000000000002,2026-04-16_153956_v1,2026-04-16_155231_v1
BUF,Kenyon Sadiq,0.003,0.0016,-0.0014,0.0014,2026-04-16_153956_v1,2026-04-16_155231_v1
BUF,Ty Simpson,0.0012,0.0026,0.0014,0.0014,2026-04-16_153956_v1,2026-04-16_155231_v1
CAR,Caleb Downs,0.0012,0.0026,0.0014,0.0014,2026-04-16_153956_v1,2026-04-16_155231_v1
CLE,Max Iheanachor,0.0016,0.003,0.0014,0.0014,2026-04-16_153956_v1,2026-04-16_155231_v1
LAR,Caleb Lomu,0.0016,0.003,0.0014,0.0014,2026-04-16_153956_v1,2026-04-16_155231_v1
MIN,Rueben Bain,0.0004,0.0018,0.0014,0.0014,2026-04-16_153956_v1,2026-04-16_155231_v1
NE,Rueben Bain,0.0004,0.0018,0.0014,0.0014,2026-04-16_153956_v1,2026-04-16_155231_v1
SEA,Sonny Styles,0.0012,0.0026,0.0014,0.0014,2026-04-16_153956_v1,2026-04-16_155231_v1
CHI,C.J. Allen,0.001,0.0024,0.0013999999999999998,0.0013999999999999998,2026-04-16_153956_v1,2026-04-16_155231_v1
CHI,Jermod McCoy,0.001,0.0024,0.0013999999999999998,0.0013999999999999998,2026-04-16_153956_v1,2026-04-16_155231_v1
LAC,Kadyn Proctor,0.0052,0.0038,-0.0013999999999999998,0.0013999999999999998,2026-04-16_153956_v1,2026-04-16_155231_v1
MIN,Sonny Styles,0.0034,0.0048,0.0013999999999999998,0.0013999999999999998,2026-04-16_153956_v1,2026-04-16_155231_v1
MIN,Spencer Fano,0.0032,0.0046,0.0013999999999999998,0.0013999999999999998,2026-04-16_153956_v1,2026-04-16_155231_v1
SEA,Monroe Freeling,0.001,0.0024,0.0013999999999999998,0.0013999999999999998,2026-04-16_153956_v1,2026-04-16_155231_v1
SF,Kenyon Sadiq,0.0028,0.0042,0.0013999999999999998,0.0013999999999999998,2026-04-16_153956_v1,2026-04-16_155231_v1
SF,Chase Bisontis,0.0054,0.0068,0.0013999999999999993,0.0013999999999999993,2026-04-16_153956_v1,2026-04-16_155231_v1
DET,Kenyon Sadiq,0.0148,0.0162,0.0013999999999999985,0.0013999999999999985,2026-04-16_153956_v1,2026-04-16_155231_v1
KC,Kadyn Proctor,0.0178,0.0192,0.0013999999999999985,0.0013999999999999985,2026-04-16_153956_v1,2026-04-16_155231_v1
KC,Rueben Bain,0.111,0.1124,0.0013999999999999985,0.0013999999999999985,2026-04-16_153956_v1,2026-04-16_155231_v1
KC,Sonny Styles,0.0102,0.0116,0.0013999999999999985,0.0013999999999999985,2026-04-16_153956_v1,2026-04-16_155231_v1
MIA,C.J. Allen,0.0172,0.0186,0.0013999999999999985,0.0013999999999999985,2026-04-16_153956_v1,2026-04-16_155231_v1
NE,Peter Woods,0.0176,0.019,0.0013999999999999985,0.0013999999999999985,2026-04-16_153956_v1,2026-04-16_155231_v1
NO,Sonny Styles,0.0386,0.04,0.0013999999999999985,0.0013999999999999985,2026-04-16_153956_v1,2026-04-16_155231_v1
NYJ,Jeremiyah Love,0.0292,0.0306,0.0013999999999999985,0.0013999999999999985,2026-04-16_153956_v1,2026-04-16_155231_v1
SEA,Max Iheanachor,0.0122,0.011,-0.0012000000000000014,0.0012000000000000014,2026-04-16_153956_v1,2026-04-16_155231_v1
MIN,Caleb Lomu,0.0058,0.007,0.0012000000000000005,0.0012000000000000005,2026-04-16_153956_v1,2026-04-16_155231_v1
CAR,Sonny Styles,0.0044,0.0032,-0.0012000000000000001,0.0012000000000000001,2026-04-16_153956_v1,2026-04-16_155231_v1
CHI,Omar Cooper Jr.,0.0024,0.0036,0.0012000000000000001,0.0012000000000000001,2026-04-16_153956_v1,2026-04-16_155231_v1
CHI,Ty Simpson,0.0008,0.002,0.0012000000000000001,0.0012000000000000001,2026-04-16_153956_v1,2026-04-16_155231_v1
MIN,T.J. Parker,0.0008,0.002,0.0012000000000000001,0.0012000000000000001,2026-04-16_153956_v1,2026-04-16_155231_v1
NO,Kadyn Proctor,0.0004,0.0016,0.0012000000000000001,0.0012000000000000001,2026-04-16_153956_v1,2026-04-16_155231_v1
PIT,Carnell Tate,0.0018,0.003,0.0012000000000000001,0.0012000000000000001,2026-04-16_153956_v1,2026-04-16_155231_v1
PIT,Sonny Styles,0.0008,0.002,0.0012000000000000001,0.0012000000000000001,2026-04-16_153956_v1,2026-04-16_155231_v1
PIT,T.J. Parker,0.0026,0.0038,0.0012000000000000001,0.0012000000000000001,2026-04-16_153956_v1,2026-04-16_155231_v1
BAL,Avieon Terrell,0.0,0.0012,0.0012,0.0012,2026-04-16_153956_v1,2026-04-16_155231_v1
BUF,Kadyn Proctor,0.0016,0.0028,0.0012,0.0012,2026-04-16_153956_v1,2026-04-16_155231_v1
MIN,Makai Lemon,0.0002,0.0014,0.0012,0.0012,2026-04-16_153956_v1,2026-04-16_155231_v1
SF,Caleb Banks,0.0014,0.0026,0.0012,0.0012,2026-04-16_153956_v1,2026-04-16_155231_v1
BUF,Monroe Freeling,0.003,0.0042,0.0011999999999999997,0.0011999999999999997,2026-04-16_153956_v1,2026-04-16_155231_v1
CIN,David Bailey,0.0036,0.0048,0.0011999999999999997,0.0011999999999999997,2026-04-16_153956_v1,2026-04-16_155231_v1
CLE,Chase Bisontis,0.0036,0.0048,0.0011999999999999997,0.0011999999999999997,2026-04-16_153956_v1,2026-04-16_155231_v1
CLE,Jeremiyah Love,0.0552,0.054,-0.0011999999999999997,0.0011999999999999997,2026-04-16_153956_v1,2026-04-16_155231_v1
DAL,Spencer Fano,0.0474,0.0486,0.0011999999999999997,0.0011999999999999997,2026-04-16_153956_v1,2026-04-16_155231_v1
HOU,Olaivavega Ioane,0.0376,0.0364,-0.0011999999999999997,0.0011999999999999997,2026-04-16_153956_v1,2026-04-16_155231_v1
NYG,David Bailey,0.0122,0.0134,0.0011999999999999997,0.0011999999999999997,2026-04-16_153956_v1,2026-04-16_155231_v1
PHI,Kayden McDonald,0.003,0.0042,0.0011999999999999997,0.0011999999999999997,2026-04-16_153956_v1,2026-04-16_155231_v1
SEA,Keldric Faulk,0.0098,0.0086,-0.0011999999999999997,0.0011999999999999997,2026-04-16_153956_v1,2026-04-16_155231_v1
SEA,Malachi Lawrence,0.0442,0.0454,0.0011999999999999997,0.0011999999999999997,2026-04-16_153956_v1,2026-04-16_155231_v1
SF,Emmanuel McNeil-Warren,0.0104,0.0116,0.0011999999999999997,0.0011999999999999997,2026-04-16_153956_v1,2026-04-16_155231_v1
TB,Francis Mauigoa,0.0066,0.0078,0.0011999999999999997,0.0011999999999999997,2026-04-16_153956_v1,2026-04-16_155231_v1
CAR,Jordyn Tyson,0.011,0.012,0.0010000000000000009,0.0010000000000000009,2026-04-16_153956_v1,2026-04-16_155231_v1
CLE,Peter Woods,0.0154,0.0164,0.0010000000000000009,0.0010000000000000009,2026-04-16_153956_v1,2026-04-16_155231_v1
HOU,Caleb Lomu,0.044,0.045,0.0010000000000000009,0.0010000000000000009,2026-04-16_153956_v1,2026-04-16_155231_v1
HOU,T.J. Parker,0.018,0.019,0.0010000000000000009,0.0010000000000000009,2026-04-16_153956_v1,2026-04-16_155231_v1
KC,Emmanuel McNeil-Warren,0.011,0.012,0.0010000000000000009,0.0010000000000000009,2026-04-16_153956_v1,2026-04-16_155231_v1
MIA,Chris Johnson,0.0358,0.0348,-0.0010000000000000009,0.0010000000000000009,2026-04-16_153956_v1,2026-04-16_155231_v1
NE,Chris Johnson,0.0092,0.0102,0.0010000000000000009,0.0010000000000000009,2026-04-16_153956_v1,2026-04-16_155231_v1
NE,Monroe Freeling,0.0112,0.0122,0.0010000000000000009,0.0010000000000000009,2026-04-16_153956_v1,2026-04-16_155231_v1
PIT,Emmanuel McNeil-Warren,0.0098,0.0108,0.0010000000000000009,0.0010000000000000009,2026-04-16_153956_v1,2026-04-16_155231_v1
SEA,T.J. Parker,0.0236,0.0246,0.0010000000000000009,0.0010000000000000009,2026-04-16_153956_v1,2026-04-16_155231_v1
TEN,David Bailey,0.2002,0.2012,0.0010000000000000009,0.0010000000000000009,2026-04-16_153956_v1,2026-04-16_155231_v1
LAR,Caleb Downs,0.0012,0.0022,0.0010000000000000002,0.0010000000000000002,2026-04-16_153956_v1,2026-04-16_155231_v1
BAL,Caleb Lomu,0.0008,0.0018,0.001,0.001,2026-04-16_153956_v1,2026-04-16_155231_v1
BUF,Colton Hood,0.0018,0.0028,0.001,0.001,2026-04-16_153956_v1,2026-04-16_155231_v1
CHI,Colton Hood,0.0046,0.0056,0.001,0.001,2026-04-16_153956_v1,2026-04-16_155231_v1
CLE,Keldric Faulk,0.0008,0.0018,0.001,0.001,2026-04-16_153956_v1,2026-04-16_155231_v1
CLE,Zion Young,0.0004,0.0014,0.001,0.001,2026-04-16_153956_v1,2026-04-16_155231_v1
DET,Rueben Bain,0.0018,0.0028,0.001,0.001,2026-04-16_153956_v1,2026-04-16_155231_v1
HOU,Caleb Downs,0.0008,0.0018,0.001,0.001,2026-04-16_153956_v1,2026-04-16_155231_v1
HOU,Francis Mauigoa,0.001,0.002,0.001,0.001,2026-04-16_153956_v1,2026-04-16_155231_v1
HOU,Omar Cooper Jr.,0.001,0.002,0.001,0.001,2026-04-16_153956_v1,2026-04-16_155231_v1
KC,Caleb Banks,0.002,0.003,0.001,0.001,2026-04-16_153956_v1,2026-04-16_155231_v1
MIA,Kadyn Proctor,0.006,0.007,0.001,0.001,2026-04-16_153956_v1,2026-04-16_155231_v1
NE,Caleb Lomu,0.007,0.008,0.001,0.001,2026-04-16_153956_v1,2026-04-16_155231_v1
NE,Chase Bisontis,0.0028,0.0018,-0.001,0.001,2026-04-16_153956_v1,2026-04-16_155231_v1
NE,Emmanuel McNeil-Warren,0.001,0.002,0.001,0.001,2026-04-16_153956_v1,2026-04-16_155231_v1
NE,Ty Simpson,0.007,0.008,0.001,0.001,2026-04-16_153956_v1,2026-04-16_155231_v1
NYJ,Emmanuel McNeil-Warren,0.006,0.007,0.001,0.001,2026-04-16_153956_v1,2026-04-16_155231_v1
PIT,Garrett Nussmeier,0.0004,0.0014,0.001,0.001,2026-04-16_153956_v1,2026-04-16_155231_v1
SEA,Emmanuel McNeil-Warren,0.0004,0.0014,0.001,0.001,2026-04-16_153956_v1,2026-04-16_155231_v1
SF,Brandon Cisse,0.0008,0.0018,0.001,0.001,2026-04-16_153956_v1,2026-04-16_155231_v1
SF,Jeremiyah Love,0.0046,0.0056,0.001,0.001,2026-04-16_153956_v1,2026-04-16_155231_v1
SF,Jermod McCoy,0.0006,0.0016,0.001,0.001,2026-04-16_153956_v1,2026-04-16_155231_v1
SF,Mansoor Delane,0.0008,0.0018,0.001,0.001,2026-04-16_153956_v1,2026-04-16_155231_v1
TB,Caleb Downs,0.0004,0.0014,0.001,0.001,2026-04-16_153956_v1,2026-04-16_155231_v1
NYJ,Peter Woods,0.0002,0.0012,0.0009999999999999998,0.0009999999999999998,2026-04-16_153956_v1,2026-04-16_155231_v1
TEN,Spencer Fano,0.0024,0.0014,-0.0009999999999999998,0.0009999999999999998,2026-04-16_153956_v1,2026-04-16_155231_v1
BAL,Dillon Thieneman,0.012,0.013,0.0009999999999999992,0.0009999999999999992,2026-04-16_153956_v1,2026-04-16_155231_v1
BUF,Olaivavega Ioane,0.0316,0.0308,-0.0008000000000000021,0.0008000000000000021,2026-04-16_153956_v1,2026-04-16_155231_v1
BUF,Dillon Thieneman,0.0104,0.0112,0.0008000000000000004,0.0008000000000000004,2026-04-16_153956_v1,2026-04-16_155231_v1
CAR,Cashius Howell,0.0042,0.005,0.0008000000000000004,0.0008000000000000004,2026-04-16_153956_v1,2026-04-16_155231_v1
CHI,Spencer Fano,0.0042,0.005,0.0008000000000000004,0.0008000000000000004,2026-04-16_153956_v1,2026-04-16_155231_v1
DET,Jordyn Tyson,0.0048,0.0056,0.0008000000000000004,0.0008000000000000004,2026-04-16_153956_v1,2026-04-16_155231_v1
HOU,Dillon Thieneman,0.0024,0.0032,0.0008000000000000004,0.0008000000000000004,2026-04-16_153956_v1,2026-04-16_155231_v1
KC,Omar Cooper Jr.,0.0072,0.008,0.0008000000000000004,0.0008000000000000004,2026-04-16_153956_v1,2026-04-16_155231_v1
LAR,Kevin Concepcion,0.0048,0.0056,0.0008000000000000004,0.0008000000000000004,2026-04-16_153956_v1,2026-04-16_155231_v1
NE,Omar Cooper Jr.,0.0104,0.0112,0.0008000000000000004,0.0008000000000000004,2026-04-16_153956_v1,2026-04-16_155231_v1
NO,Arvell Reese,0.0056,0.0064,0.0008000000000000004,0.0008000000000000004,2026-04-16_153956_v1,2026-04-16_155231_v1
PIT,Akheem Mesidor,0.0068,0.0076,0.0008000000000000004,0.0008000000000000004,2026-04-16_153956_v1,2026-04-16_155231_v1
SEA,Jeremiyah Love,0.005,0.0042,-0.0008000000000000004,0.0008000000000000004,2026-04-16_153956_v1,2026-04-16_155231_v1
SEA,Jermod McCoy,0.0068,0.0076,0.0008000000000000004,0.0008000000000000004,2026-04-16_153956_v1,2026-04-16_155231_v1
BAL,Caleb Downs,0.0012,0.002,0.0008000000000000001,0.0008000000000000001,2026-04-16_153956_v1,2026-04-16_155231_v1
CHI,Chris Johnson,0.0012,0.002,0.0008000000000000001,0.0008000000000000001,2026-04-16_153956_v1,2026-04-16_155231_v1
HOU,Akheem Mesidor,0.0014,0.0022,0.0008000000000000001,0.0008000000000000001,2026-04-16_153956_v1,2026-04-16_155231_v1
KC,Chase Bisontis,0.0014,0.0022,0.0008000000000000001,0.0008000000000000001,2026-04-16_153956_v1,2026-04-16_155231_v1
MIN,Jordyn Tyson,0.002,0.0012,-0.0008000000000000001,0.0008000000000000001,2026-04-16_153956_v1,2026-04-16_155231_v1
NE,Olaivavega Ioane,0.0022,0.0014,-0.0008000000000000001,0.0008000000000000001,2026-04-16_153956_v1,2026-04-16_155231_v1
PHI,Carnell Tate,0.0012,0.002,0.0008000000000000001,0.0008000000000000001,2026-04-16_153956_v1,2026-04-16_155231_v1
SEA,Caleb Lomu,0.0012,0.002,0.0008000000000000001,0.0008000000000000001,2026-04-16_153956_v1,2026-04-16_155231_v1
SF,Rueben Bain,0.0012,0.002,0.0008000000000000001,0.0008000000000000001,2026-04-16_153956_v1,2026-04-16_155231_v1
SF,Sonny Styles,0.0014,0.0022,0.0008000000000000001,0.0008000000000000001,2026-04-16_153956_v1,2026-04-16_155231_v1
CHI,Rueben Bain,0.0002,0.001,0.0008,0.0008,2026-04-16_153956_v1,2026-04-16_155231_v1
HOU,Mansoor Delane,0.001,0.0002,-0.0008,0.0008,2026-04-16_153956_v1,2026-04-16_155231_v1
LAC,Colton Hood,0.0002,0.001,0.0008,0.0008,2026-04-16_153956_v1,2026-04-16_155231_v1
MIA,Christen Miller,0.0006,0.0014,0.0008,0.0008,2026-04-16_153956_v1,2026-04-16_155231_v1
NE,Dillon Thieneman,0.0014,0.0006,-0.0008,0.0008,2026-04-16_153956_v1,2026-04-16_155231_v1
PHI,C.J. Allen,0.0008,0.0016,0.0008,0.0008,2026-04-16_153956_v1,2026-04-16_155231_v1
PIT,Caleb Downs,0.0008,0.0016,0.0008,0.0008,2026-04-16_153956_v1,2026-04-16_155231_v1
SEA,Kevin Concepcion,0.0016,0.0008,-0.0008,0.0008,2026-04-16_153956_v1,2026-04-16_155231_v1
SF,Ty Simpson,0.0006,0.0014,0.0008,0.0008,2026-04-16_153956_v1,2026-04-16_155231_v1
BUF,Brandon Cisse,0.0004,0.0012,0.0007999999999999999,0.0007999999999999999,2026-04-16_153956_v1,2026-04-16_155231_v1
CAR,Carnell Tate,0.003,0.0038,0.0007999999999999999,0.0007999999999999999,2026-04-16_153956_v1,2026-04-16_155231_v1
CAR,Mansoor Delane,0.002,0.0028,0.0007999999999999999,0.0007999999999999999,2026-04-16_153956_v1,2026-04-16_155231_v1
CLE,Caleb Banks,0.0004,0.0012,0.0007999999999999999,0.0007999999999999999,2026-04-16_153956_v1,2026-04-16_155231_v1
HOU,Brandon Cisse,0.0004,0.0012,0.0007999999999999999,0.0007999999999999999,2026-04-16_153956_v1,2026-04-16_155231_v1
HOU,Jordyn Tyson,0.001,0.0018,0.0007999999999999999,0.0007999999999999999,2026-04-16_153956_v1,2026-04-16_155231_v1
LAR,David Bailey,0.0004,0.0012,0.0007999999999999999,0.0007999999999999999,2026-04-16_153956_v1,2026-04-16_155231_v1
PHI,Mansoor Delane,0.0004,0.0012,0.0007999999999999999,0.0007999999999999999,2026-04-16_153956_v1,2026-04-16_155231_v1
PIT,Rueben Bain,0.0004,0.0012,0.0007999999999999999,0.0007999999999999999,2026-04-16_153956_v1,2026-04-16_155231_v1
SEA,Blake Miller,0.0022,0.003,0.0007999999999999999,0.0007999999999999999,2026-04-16_153956_v1,2026-04-16_155231_v1
TB,Avieon Terrell,0.0038,0.003,-0.0007999999999999999,0.0007999999999999999,2026-04-16_153956_v1,2026-04-16_155231_v1
BUF,Malachi Lawrence,0.0064,0.0072,0.0007999999999999995,0.0007999999999999995,2026-04-16_153956_v1,2026-04-16_155231_v1
BUF,Spencer Fano,0.0044,0.0052,0.0007999999999999995,0.0007999999999999995,2026-04-16_153956_v1,2026-04-16_155231_v1
MIA,Sonny Styles,0.006,0.0068,0.0007999999999999995,0.0007999999999999995,2026-04-16_153956_v1,2026-04-16_155231_v1
PHI,Avieon Terrell,0.0068,0.006,-0.0007999999999999995,0.0007999999999999995,2026-04-16_153956_v1,2026-04-16_155231_v1
TB,Emmanuel McNeil-Warren,0.0058,0.005,-0.0007999999999999995,0.0007999999999999995,2026-04-16_153956_v1,2026-04-16_155231_v1
CAR,Avieon Terrell,0.016,0.0168,0.0007999999999999986,0.0007999999999999986,2026-04-16_153956_v1,2026-04-16_155231_v1
HOU,Avieon Terrell,0.0234,0.0242,0.0007999999999999986,0.0007999999999999986,2026-04-16_153956_v1,2026-04-16_155231_v1
CLE,Kadyn Proctor,0.0386,0.0394,0.0007999999999999952,0.0007999999999999952,2026-04-16_153956_v1,2026-04-16_155231_v1
CLE,Omar Cooper Jr.,0.0834,0.0826,-0.0007999999999999952,0.0007999999999999952,2026-04-16_153956_v1,2026-04-16_155231_v1
LAR,Kenyon Sadiq,0.0096,0.0102,0.0006000000000000016,0.0006000000000000016,2026-04-16_153956_v1,2026-04-16_155231_v1
CAR,Jermod McCoy,0.0026,0.0032,0.0006000000000000003,0.0006000000000000003,2026-04-16_153956_v1,2026-04-16_155231_v1
CHI,Sonny Styles,0.0024,0.003,0.0006000000000000003,0.0006000000000000003,2026-04-16_153956_v1,2026-04-16_155231_v1
NE,Avieon Terrell,0.0032,0.0026,-0.0006000000000000003,0.0006000000000000003,2026-04-16_153956_v1,2026-04-16_155231_v1
DET,Carnell Tate,0.0004,0.001,0.0006000000000000001,0.0006000000000000001,2026-04-16_153956_v1,2026-04-16_155231_v1
DET,Makai Lemon,0.001,0.0016,0.0006000000000000001,0.0006000000000000001,2026-04-16_153956_v1,2026-04-16_155231_v1
HOU,Jermod McCoy,0.0012,0.0018,0.0006000000000000001,0.0006000000000000001,2026-04-16_153956_v1,2026-04-16_155231_v1
HOU,Keldric Faulk,0.0014,0.002,0.0006000000000000001,0.0006000000000000001,2026-04-16_153956_v1,2026-04-16_155231_v1
LAC,Max Iheanachor,0.0004,0.001,0.0006000000000000001,0.0006000000000000001,2026-04-16_153956_v1,2026-04-16_155231_v1
MIA,Arvell Reese,0.0014,0.002,0.0006000000000000001,0.0006000000000000001,2026-04-16_153956_v1,2026-04-16_155231_v1
MIA,Jadarian Price,0.0004,0.001,0.0006000000000000001,0.0006000000000000001,2026-04-16_153956_v1,2026-04-16_155231_v1
NE,Jermod McCoy,0.001,0.0004,-0.0006000000000000001,0.0006000000000000001,2026-04-16_153956_v1,2026-04-16_155231_v1
NO,Dillon Thieneman,0.0002,0.0008,0.0006000000000000001,0.0006000000000000001,2026-04-16_153956_v1,2026-04-16_155231_v1
NYG,Jermod McCoy,0.0002,0.0008,0.0006000000000000001,0.0006000000000000001,2026-04-16_153956_v1,2026-04-16_155231_v1
NYJ,Drew Allar,0.0004,0.001,0.0006000000000000001,0.0006000000000000001,2026-04-16_153956_v1,2026-04-16_155231_v1
BUF,Francis Mauigoa,0.0,0.0006,0.0006,0.0006,2026-04-16_153956_v1,2026-04-16_155231_v1
CHI,Jordyn Tyson,0.0008,0.0014,0.0006,0.0006,2026-04-16_153956_v1,2026-04-16_155231_v1
DET,Mansoor Delane,0.0,0.0006,0.0006,0.0006,2026-04-16_153956_v1,2026-04-16_155231_v1
KC,Jacob Rodriguez,0.0,0.0006,0.0006,0.0006,2026-04-16_153956_v1,2026-04-16_155231_v1
NE,Mansoor Delane,0.0,0.0006,0.0006,0.0006,2026-04-16_153956_v1,2026-04-16_155231_v1
PHI,Colton Hood,0.0,0.0006,0.0006,0.0006,2026-04-16_153956_v1,2026-04-16_155231_v1
PHI,Ty Simpson,0.0,0.0006,0.0006,0.0006,2026-04-16_153956_v1,2026-04-16_155231_v1
PIT,C.J. Allen,0.0,0.0006,0.0006,0.0006,2026-04-16_153956_v1,2026-04-16_155231_v1
WAS,Kenyon Sadiq,0.0006,0.0012,0.0006,0.0006,2026-04-16_153956_v1,2026-04-16_155231_v1
BAL,Spencer Fano,0.0106,0.01,-0.0005999999999999998,0.0005999999999999998,2026-04-16_153956_v1,2026-04-16_155231_v1
BUF,Jeremiyah Love,0.0068,0.0062,-0.0005999999999999998,0.0005999999999999998,2026-04-16_153956_v1,2026-04-16_155231_v1
CHI,Jeremiyah Love,0.0074,0.008,0.0005999999999999998,0.0005999999999999998,2026-04-16_153956_v1,2026-04-16_155231_v1
CHI,Kenyon Sadiq,0.0038,0.0032,-0.0005999999999999998,0.0005999999999999998,2026-04-16_153956_v1,2026-04-16_155231_v1
CHI,Monroe Freeling,0.0042,0.0048,0.0005999999999999998,0.0005999999999999998,2026-04-16_153956_v1,2026-04-16_155231_v1
CIN,Francis Mauigoa,0.015,0.0156,0.0005999999999999998,0.0005999999999999998,2026-04-16_153956_v1,2026-04-16_155231_v1
CIN,Keldric Faulk,0.0032,0.0038,0.0005999999999999998,0.0005999999999999998,2026-04-16_153956_v1,2026-04-16_155231_v1
CLE,C.J. Allen,0.0018,0.0024,0.0005999999999999998,0.0005999999999999998,2026-04-16_153956_v1,2026-04-16_155231_v1
CLE,Colton Hood,0.0028,0.0034,0.0005999999999999998,0.0005999999999999998,2026-04-16_153956_v1,2026-04-16_155231_v1
HOU,Sonny Styles,0.0042,0.0036,-0.0005999999999999998,0.0005999999999999998,2026-04-16_153956_v1,2026-04-16_155231_v1
KC,Caleb Lomu,0.0076,0.007,-0.0005999999999999998,0.0005999999999999998,2026-04-16_153956_v1,2026-04-16_155231_v1
LAC,Jeremiyah Love,0.0078,0.0084,0.0005999999999999998,0.0005999999999999998,2026-04-16_153956_v1,2026-04-16_155231_v1
LAC,Makai Lemon,0.008,0.0086,0.0005999999999999998,0.0005999999999999998,2026-04-16_153956_v1,2026-04-16_155231_v1
MIA,Spencer Fano,0.0256,0.025,-0.0005999999999999998,0.0005999999999999998,2026-04-16_153956_v1,2026-04-16_155231_v1
NE,Jeremiyah Love,0.0034,0.0028,-0.0005999999999999998,0.0005999999999999998,2026-04-16_153956_v1,2026-04-16_155231_v1
PHI,Jeremiyah Love,0.0056,0.005,-0.0005999999999999998,0.0005999999999999998,2026-04-16_153956_v1,2026-04-16_155231_v1
PHI,Zion Young,0.003,0.0036,0.0005999999999999998,0.0005999999999999998,2026-04-16_153956_v1,2026-04-16_155231_v1
PIT,Mansoor Delane,0.004,0.0046,0.0005999999999999998,0.0005999999999999998,2026-04-16_153956_v1,2026-04-16_155231_v1
SEA,Caleb Banks,0.005,0.0056,0.0005999999999999998,0.0005999999999999998,2026-04-16_153956_v1,2026-04-16_155231_v1
SEA,Spencer Fano,0.0018,0.0024,0.0005999999999999998,0.0005999999999999998,2026-04-16_153956_v1,2026-04-16_155231_v1
CLE,Olaivavega Ioane,0.0338,0.0332,-0.0005999999999999964,0.0005999999999999964,2026-04-16_153956_v1,2026-04-16_155231_v1
DAL,Peter Woods,0.07,0.0696,-0.00040000000000001146,0.00040000000000001146,2026-04-16_153956_v1,2026-04-16_155231_v1
SEA,Avieon Terrell,0.0486,0.049,0.0004000000000000045,0.0004000000000000045,2026-04-16_153956_v1,2026-04-16_155231_v1
DAL,Caleb Lomu,0.0218,0.0222,0.00040000000000000105,0.00040000000000000105,2026-04-16_153956_v1,2026-04-16_155231_v1
DAL,T.J. Parker,0.026,0.0264,0.00040000000000000105,0.00040000000000000105,2026-04-16_153956_v1,2026-04-16_155231_v1
LAC,Dillon Thieneman,0.0128,0.0124,-0.00040000000000000105,0.00040000000000000105,2026-04-16_153956_v1,2026-04-16_155231_v1
NE,Keldric Faulk,0.0156,0.016,0.00040000000000000105,0.00040000000000000105,2026-04-16_153956_v1,2026-04-16_155231_v1
PIT,Francis Mauigoa,0.02,0.0196,-0.00040000000000000105,0.00040000000000000105,2026-04-16_153956_v1,2026-04-16_155231_v1
DET,Kevin Concepcion,0.0022,0.0018,-0.0004000000000000002,0.0004000000000000002,2026-04-16_153956_v1,2026-04-16_155231_v1
MIA,Francis Mauigoa,0.0064,0.006,-0.0004000000000000002,0.0004000000000000002,2026-04-16_153956_v1,2026-04-16_155231_v1
PHI,Rueben Bain,0.0038,0.0034,-0.0004000000000000002,0.0004000000000000002,2026-04-16_153956_v1,2026-04-16_155231_v1
SEA,Mansoor Delane,0.0032,0.0028,-0.0004000000000000002,0.0004000000000000002,2026-04-16_153956_v1,2026-04-16_155231_v1
CHI,Keldric Faulk,0.0006,0.001,0.0004000000000000001,0.0004000000000000001,2026-04-16_153956_v1,2026-04-16_155231_v1
LAR,Emmanuel McNeil-Warren,0.0006,0.001,0.0004000000000000001,0.0004000000000000001,2026-04-16_153956_v1,2026-04-16_155231_v1
BAL,Arvell Reese,0.0004,0.0008,0.0004,0.0004,2026-04-16_153956_v1,2026-04-16_155231_v1
BUF,Mansoor Delane,0.0,0.0004,0.0004,0.0004,2026-04-16_153956_v1,2026-04-16_155231_v1
CHI,Chase Bisontis,0.0,0.0004,0.0004,0.0004,2026-04-16_153956_v1,2026-04-16_155231_v1
CHI,Zion Young,0.0004,0.0008,0.0004,0.0004,2026-04-16_153956_v1,2026-04-16_155231_v1
DAL,Ty Simpson,0.0,0.0004,0.0004,0.0004,2026-04-16_153956_v1,2026-04-16_155231_v1
DET,Arvell Reese,0.0,0.0004,0.0004,0.0004,2026-04-16_153956_v1,2026-04-16_155231_v1
LAC,Jermod McCoy,0.0008,0.0004,-0.0004,0.0004,2026-04-16_153956_v1,2026-04-16_155231_v1
NE,Francis Mauigoa,0.0,0.0004,0.0004,0.0004,2026-04-16_153956_v1,2026-04-16_155231_v1
NE,Jadarian Price,0.0004,0.0008,0.0004,0.0004,2026-04-16_153956_v1,2026-04-16_155231_v1
PHI,Chris Johnson,0.0,0.0004,0.0004,0.0004,2026-04-16_153956_v1,2026-04-16_155231_v1
SEA,Caleb Downs,0.0004,0.0008,0.0004,0.0004,2026-04-16_153956_v1,2026-04-16_155231_v1
SEA,Jacob Rodriguez,0.0004,0.0008,0.0004,0.0004,2026-04-16_153956_v1,2026-04-16_155231_v1
SEA,Lee Hunter,0.0004,0.0008,0.0004,0.0004,2026-04-16_153956_v1,2026-04-16_155231_v1
SF,Carnell Tate,0.0004,0.0008,0.0004,0.0004,2026-04-16_153956_v1,2026-04-16_155231_v1
SF,Jacob Rodriguez,0.0,0.0004,0.0004,0.0004,2026-04-16_153956_v1,2026-04-16_155231_v1
BUF,Jermod McCoy,0.0002,0.0006,0.00039999999999999996,0.00039999999999999996,2026-04-16_153956_v1,2026-04-16_155231_v1
DET,Denzel Boston,0.0002,0.0006,0.00039999999999999996,0.00039999999999999996,2026-04-16_153956_v1,2026-04-16_155231_v1
KC,Emmanuel Pregnon,0.0002,0.0006,0.00039999999999999996,0.00039999999999999996,2026-04-16_153956_v1,2026-04-16_155231_v1
LAC,Carnell Tate,0.0014,0.001,-0.00039999999999999996,0.00039999999999999996,2026-04-16_153956_v1,2026-04-16_155231_v1
MIN,Denzel Boston,0.0002,0.0006,0.00039999999999999996,0.00039999999999999996,2026-04-16_153956_v1,2026-04-16_155231_v1
NE,Jacob Rodriguez,0.0018,0.0014,-0.00039999999999999996,0.00039999999999999996,2026-04-16_153956_v1,2026-04-16_155231_v1
PIT,Zion Young,0.0002,0.0006,0.00039999999999999996,0.00039999999999999996,2026-04-16_153956_v1,2026-04-16_155231_v1
SEA,Anthony Hill Jr.,0.0002,0.0006,0.00039999999999999996,0.00039999999999999996,2026-04-16_153956_v1,2026-04-16_155231_v1
SEA,Rueben Bain,0.0006,0.0002,-0.00039999999999999996,0.00039999999999999996,2026-04-16_153956_v1,2026-04-16_155231_v1
DET,T.J. Parker,0.0008,0.0012,0.00039999999999999986,0.00039999999999999986,2026-04-16_153956_v1,2026-04-16_155231_v1
MIA,Jacob Rodriguez,0.0008,0.0012,0.00039999999999999986,0.00039999999999999986,2026-04-16_153956_v1,2026-04-16_155231_v1
BUF,Sonny Styles,0.0036,0.0032,-0.00039999999999999975,0.00039999999999999975,2026-04-16_153956_v1,2026-04-16_155231_v1
DAL,Denzel Boston,0.0038,0.0042,0.00039999999999999975,0.00039999999999999975,2026-04-16_153956_v1,2026-04-16_155231_v1
CAR,Rueben Bain,0.009,0.0086,-0.0003999999999999993,0.0003999999999999993,2026-04-16_153956_v1,2026-04-16_155231_v1
CLE,Kayden McDonald,0.01,0.0104,0.0003999999999999993,0.0003999999999999993,2026-04-16_153956_v1,2026-04-16_155231_v1
DAL,Kevin Concepcion,0.0122,0.0126,0.0003999999999999993,0.0003999999999999993,2026-04-16_153956_v1,2026-04-16_155231_v1
NE,Kadyn Proctor,0.0126,0.013,0.0003999999999999993,0.0003999999999999993,2026-04-16_153956_v1,2026-04-16_155231_v1
CAR,Omar Cooper Jr.,0.1062,0.1058,-0.0003999999999999976,0.0003999999999999976,2026-04-16_153956_v1,2026-04-16_155231_v1
CLE,Denzel Boston,0.1022,0.1018,-0.0003999999999999976,0.0003999999999999976,2026-04-16_153956_v1,2026-04-16_155231_v1
PHI,Emmanuel McNeil-Warren,0.0458,0.0462,0.0003999999999999976,0.0003999999999999976,2026-04-16_153956_v1,2026-04-16_155231_v1
NYG,Francis Mauigoa,0.1474,0.1472,-0.00020000000000000573,0.00020000000000000573,2026-04-16_153956_v1,2026-04-16_155231_v1
PIT,Omar Cooper Jr.,0.0882,0.0884,0.00020000000000000573,0.00020000000000000573,2026-04-16_153956_v1,2026-04-16_155231_v1
CHI,Caleb Downs,0.0182,0.018,-0.00020000000000000226,0.00020000000000000226,2026-04-16_153956_v1,2026-04-16_155231_v1
TB,Makai Lemon,0.006,0.0058,-0.00020000000000000052,0.00020000000000000052,2026-04-16_153956_v1,2026-04-16_155231_v1
TEN,Makai Lemon,0.0106,0.0108,0.00020000000000000052,0.00020000000000000052,2026-04-16_153956_v1,2026-04-16_155231_v1
BAL,Emmanuel McNeil-Warren,0.0012,0.0014,0.0002000000000000001,0.0002000000000000001,2026-04-16_153956_v1,2026-04-16_155231_v1
BUF,Chris Johnson,0.0006,0.0008,0.0002000000000000001,0.0002000000000000001,2026-04-16_153956_v1,2026-04-16_155231_v1
CHI,Mansoor Delane,0.0012,0.0014,0.0002000000000000001,0.0002000000000000001,2026-04-16_153956_v1,2026-04-16_155231_v1
HOU,Jadarian Price,0.0036,0.0038,0.0002000000000000001,0.0002000000000000001,2026-04-16_153956_v1,2026-04-16_155231_v1
MIN,Carnell Tate,0.0008,0.0006,-0.0002000000000000001,0.0002000000000000001,2026-04-16_153956_v1,2026-04-16_155231_v1
NYJ,Garrett Nussmeier,0.0006,0.0008,0.0002000000000000001,0.0002000000000000001,2026-04-16_153956_v1,2026-04-16_155231_v1
PIT,Kayden McDonald,0.0014,0.0016,0.0002000000000000001,0.0002000000000000001,2026-04-16_153956_v1,2026-04-16_155231_v1
SEA,Kadyn Proctor,0.0014,0.0012,-0.0002000000000000001,0.0002000000000000001,2026-04-16_153956_v1,2026-04-16_155231_v1
SEA,Kenyon Sadiq,0.003,0.0028,-0.0002000000000000001,0.0002000000000000001,2026-04-16_153956_v1,2026-04-16_155231_v1
CAR,Ty Simpson,0.0,0.0002,0.0002,0.0002,2026-04-16_153956_v1,2026-04-16_155231_v1
CHI,Francis Mauigoa,0.0002,0.0004,0.0002,0.0002,2026-04-16_153956_v1,2026-04-16_155231_v1
KC,Garrett Nussmeier,0.0,0.0002,0.0002,0.0002,2026-04-16_153956_v1,2026-04-16_155231_v1
PHI,Jermod McCoy,0.0002,0.0,-0.0002,0.0002,2026-04-16_153956_v1,2026-04-16_155231_v1
SEA,Jordyn Tyson,0.0002,0.0004,0.0002,0.0002,2026-04-16_153956_v1,2026-04-16_155231_v1
SEA,Makai Lemon,0.0002,0.0,-0.0002,0.0002,2026-04-16_153956_v1,2026-04-16_155231_v1
CHI,Makai Lemon,0.0008,0.001,0.00019999999999999998,0.00019999999999999998,2026-04-16_153956_v1,2026-04-16_155231_v1
HOU,Jacob Rodriguez,0.0008,0.001,0.00019999999999999998,0.00019999999999999998,2026-04-16_153956_v1,2026-04-16_155231_v1
HOU,Rueben Bain,0.0004,0.0006,0.00019999999999999993,0.00019999999999999993,2026-04-16_153956_v1,2026-04-16_155231_v1
KC,Jadarian Price,0.0004,0.0006,0.00019999999999999993,0.00019999999999999993,2026-04-16_153956_v1,2026-04-16_155231_v1
LAC,C.J. Allen,0.0004,0.0006,0.00019999999999999993,0.00019999999999999993,2026-04-16_153956_v1,2026-04-16_155231_v1
LAC,Chris Johnson,0.0004,0.0006,0.00019999999999999993,0.00019999999999999993,2026-04-16_153956_v1,2026-04-16_155231_v1
TB,Arvell Reese,0.0006,0.0004,-0.00019999999999999993,0.00019999999999999993,2026-04-16_153956_v1,2026-04-16_155231_v1
WAS,Olaivavega Ioane,0.0006,0.0004,-0.00019999999999999993,0.00019999999999999993,2026-04-16_153956_v1,2026-04-16_155231_v1
BUF,Carnell Tate,0.0012,0.001,-0.00019999999999999987,0.00019999999999999987,2026-04-16_153956_v1,2026-04-16_155231_v1
CHI,Akheem Mesidor,0.0012,0.001,-0.00019999999999999987,0.00019999999999999987,2026-04-16_153956_v1,2026-04-16_155231_v1
HOU,Emmanuel McNeil-Warren,0.0016,0.0018,0.00019999999999999987,0.00019999999999999987,2026-04-16_153956_v1,2026-04-16_155231_v1
LAC,Sonny Styles,0.0016,0.0018,0.00019999999999999987,0.00019999999999999987,2026-04-16_153956_v1,2026-04-16_155231_v1
LAR,Arvell Reese,0.0012,0.001,-0.00019999999999999987,0.00019999999999999987,2026-04-16_153956_v1,2026-04-16_155231_v1
SEA,Omar Cooper Jr.,0.001,0.0012,0.00019999999999999987,0.00019999999999999987,2026-04-16_153956_v1,2026-04-16_155231_v1
MIA,Caleb Lomu,0.0022,0.0024,0.00019999999999999966,0.00019999999999999966,2026-04-16_153956_v1,2026-04-16_155231_v1
NE,Sonny Styles,0.0032,0.0034,0.00019999999999999966,0.00019999999999999966,2026-04-16_153956_v1,2026-04-16_155231_v1
LAC,Rueben Bain,0.0084,0.0082,-0.0001999999999999988,0.0001999999999999988,2026-04-16_153956_v1,2026-04-16_155231_v1
NE,Akheem Mesidor,0.0154,0.0156,0.0001999999999999988,0.0001999999999999988,2026-04-16_153956_v1,2026-04-16_155231_v1
SF,Jordyn Tyson,0.009,0.0088,-0.0001999999999999988,0.0001999999999999988,2026-04-16_153956_v1,2026-04-16_155231_v1
WAS,Francis Mauigoa,0.0198,0.02,0.0001999999999999988,0.0001999999999999988,2026-04-16_153956_v1,2026-04-16_155231_v1
BAL,Ty Simpson,0.0002,0.0002,0.0,0.0,2026-04-16_153956_v1,2026-04-16_155231_v1
CHI,Emmanuel Pregnon,0.0002,0.0002,0.0,0.0,2026-04-16_153956_v1,2026-04-16_155231_v1
CIN,Ty Simpson,0.0002,0.0002,0.0,0.0,2026-04-16_153956_v1,2026-04-16_155231_v1
CLE,Avieon Terrell,0.0184,0.0184,0.0,0.0,2026-04-16_153956_v1,2026-04-16_155231_v1
CLE,Garrett Nussmeier,0.0002,0.0002,0.0,0.0,2026-04-16_153956_v1,2026-04-16_155231_v1
DET,Caleb Downs,0.0022,0.0022,0.0,0.0,2026-04-16_153956_v1,2026-04-16_155231_v1
HOU,Makai Lemon,0.0004,0.0004,0.0,0.0,2026-04-16_153956_v1,2026-04-16_155231_v1
HOU,Malachi Lawrence,0.0008,0.0008,0.0,0.0,2026-04-16_153956_v1,2026-04-16_155231_v1
KC,Christen Miller,0.0004,0.0004,0.0,0.0,2026-04-16_153956_v1,2026-04-16_155231_v1
LAC,Mansoor Delane,0.0004,0.0004,0.0,0.0,2026-04-16_153956_v1,2026-04-16_155231_v1
LAC,Ty Simpson,0.0006,0.0006,0.0,0.0,2026-04-16_153956_v1,2026-04-16_155231_v1
LAC,Zion Young,0.0072,0.0072,0.0,0.0,2026-04-16_153956_v1,2026-04-16_155231_v1
LAR,Rueben Bain,0.0014,0.0014,0.0,0.0,2026-04-16_153956_v1,2026-04-16_155231_v1
LAR,Ty Simpson,0.0002,0.0002,0.0,0.0,2026-04-16_153956_v1,2026-04-16_155231_v1
LV,Fernando Mendoza,1.0,1.0,0.0,0.0,2026-04-16_153956_v1,2026-04-16_155231_v1
MIA,Mansoor Delane,0.1444,0.1444,0.0,0.0,2026-04-16_153956_v1,2026-04-16_155231_v1
MIA,T.J. Parker,0.074,0.074,0.0,0.0,2026-04-16_153956_v1,2026-04-16_155231_v1
MIA,Ty Simpson,0.0054,0.0054,0.0,0.0,2026-04-16_153956_v1,2026-04-16_155231_v1
MIN,Francis Mauigoa,0.003,0.003,0.0,0.0,2026-04-16_153956_v1,2026-04-16_155231_v1
NE,Caleb Downs,0.0002,0.0002,0.0,0.0,2026-04-16_153956_v1,2026-04-16_155231_v1
NE,Carnell Tate,0.0002,0.0002,0.0,0.0,2026-04-16_153956_v1,2026-04-16_155231_v1
NO,Kenyon Sadiq,0.0004,0.0004,0.0,0.0,2026-04-16_153956_v1,2026-04-16_155231_v1
NYJ,Caleb Downs,0.0036,0.0036,0.0,0.0,2026-04-16_153956_v1,2026-04-16_155231_v1
PHI,Denzel Boston,0.0618,0.0618,0.0,0.0,2026-04-16_153956_v1,2026-04-16_155231_v1
PIT,Caleb Banks,0.0002,0.0002,0.0,0.0,2026-04-16_153956_v1,2026-04-16_155231_v1
PIT,Drew Allar,0.0002,0.0002,0.0,0.0,2026-04-16_153956_v1,2026-04-16_155231_v1
PIT,Olaivavega Ioane,0.0112,0.0112,0.0,0.0,2026-04-16_153956_v1,2026-04-16_155231_v1
PIT,Peter Woods,0.0044,0.0044,0.0,0.0,2026-04-16_153956_v1,2026-04-16_155231_v1
SEA,Christen Miller,0.0004,0.0004,0.0,0.0,2026-04-16_153956_v1,2026-04-16_155231_v1
SEA,Olaivavega Ioane,0.0102,0.0102,0.0,0.0,2026-04-16_153956_v1,2026-04-16_155231_v1
SEA,Peter Woods,0.0006,0.0006,0.0,0.0,2026-04-16_153956_v1,2026-04-16_155231_v1
SF,Chris Johnson,0.0014,0.0014,0.0,0.0,2026-04-16_153956_v1,2026-04-16_155231_v1
TB,Carnell Tate,0.0006,0.0006,0.0,0.0,2026-04-16_153956_v1,2026-04-16_155231_v1
