slice,position,line_bucket,bets,wins,pushes,hit_rate,profit_units,roi,avg_line,avg_projection,avg_edge_yards,avg_ev_percent,avg_actual,avg_actual_minus_line,avg_projection_minus_actual,avg_market_odds,avg_over_price,avg_under_price,avg_recommended_prob,avg_implied_prob,avg_probability_edge,calibration_gap,projection_bias,overconfidence_flag,side,fav_status,spread_bucket,total_bucket
position + line_bucket,RB,20-30,42,22,0,0.5238095238095238,1.7763568394002505e-15,4.229421046191072e-17,24.071428571428573,26.569761904761908,2.892142857142857,5.854545454545463,25.047619047619047,0.9761904761904762,1.522142857142857,-110.0,-110.0,-110.0,0.5544761904761906,0.523809523809524,0.03066666666666666,0.03066666666666673,projection_high,False,,,,
position + line_bucket,RB,30-40,8,4,0,0.5,-0.3636363636363633,-0.045454545454545414,31.375,33.02,2.3500000000000005,5.8590909090909165,37.0,5.625,-3.9799999999999995,-110.0,-110.0,-110.0,0.5545,0.5238095238095238,0.030690476190476185,0.05449999999999999,projection_low,False,,,,
position + line_bucket,RB,<20,42,19,0,0.4523809523809524,-5.727272727272726,-0.13636363636363633,17.095238095238095,19.78857142857143,2.763809523809524,6.221129663986812,20.071428571428573,2.9761904761904763,-0.2828571428571423,-104.88095238095238,-104.88095238095238,-110.4047619047619,0.5554761904761906,0.5229660970079089,0.03251009346828161,0.10309523809523818,projection_low,True,,,,
position + line_bucket,TE,20-30,51,27,0,0.5294117647058824,0.5622895622895641,0.011025285535089491,24.970588235294116,28.692549019607846,4.399607843137256,6.6264959679295945,31.254901960784313,6.284313725490196,-2.5623529411764707,-110.19607843137256,-110.19607843137256,-105.92156862745098,0.5589803921568628,0.5242244506950391,0.0347559414618238,0.029568627450980434,projection_low,False,,,,
position + line_bucket,TE,30-40,30,15,0,0.5,-1.3636363636363624,-0.045454545454545414,33.96666666666667,38.33666666666666,4.697333333333333,6.438181818181819,39.4,5.433333333333334,-1.0633333333333335,-110.0,-110.0,-110.0,0.5575333333333334,0.5238095238095238,0.033723809523809496,0.057533333333333436,projection_low,True,,,,
position + line_bucket,TE,40-50,33,14,0,0.42424242424242425,-6.272727272727272,-0.19008264462809915,44.166666666666664,47.370000000000005,3.4396969696969704,5.2892561983471165,42.03030303030303,-2.1363636363636362,5.339696969696969,-110.0,-110.0,-110.0,0.5515151515151516,0.5238095238095238,0.027705627705627706,0.12727272727272737,projection_high,True,,,,
position + line_bucket,TE,50-60,11,6,0,0.5454545454545454,0.45454545454545503,0.04132231404958682,53.86363636363637,57.303636363636365,4.698181818181818,6.388429752066123,61.36363636363637,7.5,-4.0600000000000005,-110.0,-110.0,-110.0,0.5572727272727273,0.5238095238095238,0.033463203463203445,0.011818181818181839,projection_low,False,,,,
position + line_bucket,TE,60+,5,2,0,0.4,-1.1818181818181817,-0.23636363636363633,64.1,65.702,3.569999999999999,5.305454545454554,61.8,-2.3,3.9019999999999984,-110.0,-110.0,-110.0,0.5516,0.5238095238095238,0.02779047619047619,0.15159999999999996,projection_high,False,,,,
position + line_bucket,TE,<20,13,8,0,0.6153846153846154,2.3160173160173168,0.1781551781551782,18.192307692307693,22.423846153846153,4.231538461538461,7.644955044955045,29.384615384615383,11.192307692307692,-6.960769230769231,-109.61538461538461,-109.61538461538461,-110.38461538461539,0.5629230769230769,0.522916108281962,0.040006968641114936,-0.05246153846153856,projection_low,False,,,,
position + line_bucket,WR,20-30,86,51,0,0.5930232558139535,11.36363636363637,0.13213530655391129,25.348837209302324,29.843720930232564,4.812093023255813,6.110218463706842,33.325581395348834,7.976744186046512,-3.48186046511628,-109.88372093023256,-109.88372093023256,-110.11627906976744,0.5555348837209304,0.5235394214407262,0.03199546228020419,-0.03748837209302314,projection_low,False,,,,
position + line_bucket,WR,30-40,60,28,0,0.4666666666666667,-6.545454545454543,-0.10909090909090906,35.3,41.02916666666666,5.780833333333335,6.495454545454549,38.0,2.7,3.0291666666666663,-110.0,-110.0,-110.0,0.5578333333333334,0.523809523809524,0.034023809523809505,0.09116666666666673,projection_high,True,,,,
position + line_bucket,WR,40-50,91,47,0,0.5164835164835165,-1.272727272727269,-0.013986013986013944,44.895604395604394,50.44241758241758,5.59956043956044,6.380419580419588,52.120879120879124,7.225274725274725,-1.678461538461539,-110.0,-110.0,-110.0,0.5572307692307692,0.5238095238095238,0.033421245421245416,0.04074725274725266,projection_low,False,,,,
position + line_bucket,WR,50-60,65,28,0,0.4307692307692308,-11.545454545454543,-0.1776223776223776,54.65384615384615,61.13230769230769,6.478461538461539,5.982770212243902,56.292307692307695,1.6384615384615384,4.840000000000001,-110.06153846153846,-110.06153846153846,-109.93846153846154,0.5552923076923079,0.5239464585258978,0.0313458491664099,0.12452307692307707,projection_high,True,,,,
position + line_bucket,WR,60+,98,48,0,0.4897959183673469,-6.36363636363636,-0.0649350649350649,69.1938775510204,73.71295918367346,5.359489795918368,6.039694029623781,68.9795918367347,-0.21428571428571427,4.733367346938776,-110.12244897959184,-110.12244897959184,-107.85714285714286,0.555734693877551,0.5240721771334017,0.03166251674414938,0.0659387755102041,projection_high,True,,,,
position + line_bucket,WR,<20,24,15,0,0.625,4.636363636363638,0.19318181818181823,17.416666666666668,20.319166666666664,3.5150000000000006,5.477272727272737,29.833333333333332,12.416666666666666,-9.514166666666666,-110.0,-110.0,-110.0,0.5525000000000001,0.5238095238095238,0.028690476190476193,-0.0724999999999999,projection_low,False,,,,
side + position,RB,,84,40,0,0.47619047619047616,-7.636363636363633,-0.09090909090909087,21.178571428571427,24.080714285714286,2.902142857142857,6.124201195629773,23.678571428571427,2.5,0.4021428571428576,-107.44047619047619,-107.44047619047619,-110.20238095238095,0.5554285714285715,0.5233878104087164,0.03204076101985509,0.07923809523809533,projection_high,True,over,,,
side + position,TE,,130,64,0,0.49230769230769234,-7.758056758056753,-0.05967735967735964,33.80769230769231,38.1413076923077,4.333615384615386,6.4341907758301256,38.56153846153846,4.753846153846154,-0.4202307692307694,-110.03846153846153,-110.03846153846153,-108.43846153846154,0.5576000000000001,0.5238829612657006,0.0337170387342995,0.06529230769230776,projection_low,True,over,,,
side + position,WR,,402,205,0,0.5099502487562189,-10.63636363636362,-0.026458616010854776,44.80597014925373,50.35201492537313,5.558383084577115,6.246344986964157,49.485074626865675,4.67910447761194,0.8669402985074626,-110.01492537313433,-110.01492537313433,-109.49253731343283,0.5565621890547264,0.5238379118159608,0.03272427723876541,0.04661194029850757,projection_high,False,over,,,
side + position,RB,,8,5,0,0.625,1.5454545454545459,0.19318181818181823,25.125,23.55375,1.57125,4.952272727272737,25.25,0.125,-1.6962499999999991,-110.0,-110.0,-110.0,0.54975,0.5238095238095238,0.025940476190476194,-0.07525000000000004,projection_low,False,under,,,
side + position,TE,,13,8,0,0.6153846153846154,2.2727272727272734,0.17482517482517487,38.80769230769231,36.0476923076923,3.075384615384616,5.029370629370638,39.69230769230769,0.8846153846153846,-3.6446153846153853,-110.0,-110.0,-110.0,0.5501538461538461,0.5238095238095238,0.026344322344322345,-0.06523076923076931,projection_low,False,under,,,
side + position,WR,,22,12,0,0.5454545454545454,0.9090909090909101,0.04132231404958682,51.04545454545455,48.281363636363636,3.0213636363636356,4.4099173553719115,51.40909090909091,0.36363636363636365,-3.127727272727272,-110.0,-110.0,-110.0,0.5469090909090909,0.5238095238095238,0.023099567099567106,0.0014545454545454861,projection_low,False,under,,,
side + line_bucket,,20-30,165,90,0,0.5454545454545454,6.835016835016842,0.04142434445464753,24.97878787878788,29.33987878787879,4.361090909090909,6.271146503953265,31.454545454545453,6.475757575757576,-2.1146666666666665,-110.0,-110.0,-108.8,0.5566545454545455,0.5237969933091885,0.03285755214535701,0.011200000000000099,projection_low,False,over,,,
side + line_bucket,,30-40,93,44,0,0.4731182795698925,-8.999999999999996,-0.09677419354838705,34.596774193548384,39.92924731182796,5.33247311827957,6.514956011730211,38.946236559139784,4.349462365591398,0.983010752688172,-110.0,-110.0,-110.0,0.5579354838709678,0.523809523809524,0.03412596006144391,0.08481720430107531,projection_high,True,over,,,
side + line_bucket,,40-50,121,58,0,0.4793388429752066,-10.27272727272727,-0.08489857250187827,44.70661157024794,49.80388429752067,5.097272727272728,6.13914350112698,50.00826446280992,5.301652892561983,-0.20438016528925565,-110.0,-110.0,-110.0,0.5559669421487603,0.5238095238095238,0.032157418339236514,0.07662809917355368,projection_low,True,over,,,
side + line_bucket,,50-60,74,34,0,0.4594594594594595,-9.090909090909086,-0.12285012285012278,54.58108108108108,60.856486486486475,6.275405405405405,6.079951722056991,55.986486486486484,1.4054054054054055,4.87,-110.05405405405405,-110.05405405405405,-109.94594594594595,0.5557837837837838,0.5239298043036361,0.03185397948014769,0.0963243243243243,projection_high,True,over,,,
side + line_bucket,,60+,89,43,0,0.48314606741573035,-6.909090909090906,-0.07763023493360569,68.70224719101124,74.24595505617977,5.599438202247192,6.24350374252751,68.51685393258427,-0.1853932584269663,5.729101123595506,-110.13483146067416,-110.13483146067416,-107.64044943820225,0.5568314606741573,0.5240987375818836,0.03273272309227364,0.07368539325842699,projection_high,True,over,,,
side + line_bucket,,<20,74,40,0,0.5405405405405406,2.4069264069264102,0.03252603252603257,17.35135135135135,20.68405405405405,3.332702702702703,6.3899145899145955,24.2027027027027,6.851351351351352,-3.518648648648649,-107.02702702702703,-107.02702702702703,-110.29729729729729,0.5565945945945946,0.5231738707348464,0.03342072385974823,0.016054054054054023,projection_low,False,over,,,
side + line_bucket,,20-30,14,10,0,0.7142857142857143,5.090909090909093,0.36363636363636376,24.5,21.76642857142857,2.8650000000000007,5.327272727272735,23.0,-1.5,-1.2335714285714285,-110.0,-110.0,-110.0,0.5517142857142856,0.5238095238095238,0.0279047619047619,-0.1625714285714287,projection_low,False,under,,,
side + line_bucket,,30-40,5,3,0,0.6,0.7272727272727275,0.1454545454545455,34.1,32.51800000000001,2.129999999999999,4.7709090909091,27.2,-6.9,5.3180000000000005,-110.0,-110.0,-110.0,0.5488000000000001,0.5238095238095238,0.024990476190476184,-0.05119999999999991,projection_high,False,under,,,
side + line_bucket,,40-50,3,3,0,1.0,2.7272727272727275,0.9090909090909092,44.5,42.4,2.1000000000000014,4.109090909090919,26.333333333333332,-18.166666666666668,16.066666666666666,-110.0,-110.0,-110.0,0.5453333333333333,0.5238095238095238,0.02152380952380954,-0.45466666666666666,projection_high,False,under,,,
side + line_bucket,,50-60,2,0,0,0.0,-2.0,-1.0,53.0,50.28,4.199999999999999,4.618181818181832,95.5,42.5,-45.22,-110.0,-110.0,-110.0,0.548,0.5238095238095238,0.024190476190476207,0.548,projection_low,False,under,,,
side + line_bucket,,60+,14,7,0,0.5,-0.6363636363636358,-0.045454545454545414,70.5,67.46357142857143,3.195,4.481818181818195,69.35714285714286,-1.1428571428571428,-1.893571428571429,-110.0,-110.0,-110.0,0.5472857142857144,0.5238095238095238,0.023476190476190484,0.047285714285714375,projection_low,False,under,,,
side + line_bucket,,<20,5,2,0,0.4,-1.1818181818181817,-0.23636363636363633,17.7,15.934000000000001,1.7660000000000005,3.854545454545466,30.0,12.3,-14.065999999999999,-110.0,-110.0,-110.0,0.544,0.5238095238095238,0.020190476190476203,0.14400000000000002,projection_low,False,under,,,
side + favorite/underdog,,,306,152,0,0.49673202614379086,-15.818181818181806,-0.05169340463458107,40.97712418300654,46.06908496732026,5.091960784313726,6.384385615568689,44.826797385620914,3.849673202614379,1.2422875816993468,-110.05882352941177,-110.05882352941177,-108.6470588235294,0.5573856209150327,0.5239309355883727,0.033454685326659996,0.06065359477124188,projection_high,True,over,favorite,,
side + favorite/underdog,,,310,157,0,0.5064516129032258,-10.212602212602196,-0.03294387810516838,37.57096774193548,42.340387096774194,4.78541935483871,6.155762540923837,42.50967741935484,4.938709677419355,-0.1692903225806453,-109.28387096774193,-109.28387096774193,-110.07741935483871,0.5558774193548387,0.5236430170930565,0.032234402261782265,0.049425806451612875,projection_low,False,over,underdog,,
side + favorite/underdog,,,13,6,0,0.46153846153846156,-1.545454545454545,-0.11888111888111884,45.65384615384615,43.92538461538462,2.11,3.9132867132867264,51.30769230769231,5.653846153846154,-7.382307692307692,-110.0,-110.0,-110.0,0.5443076923076924,0.5238095238095238,0.02049816849816851,0.08276923076923082,projection_low,False,under,favorite,,
side + favorite/underdog,,,30,19,0,0.6333333333333333,6.272727272727276,0.2090909090909092,41.166666666666664,38.273666666666664,3.053,5.038181818181827,39.4,-1.7666666666666666,-1.1263333333333336,-110.0,-110.0,-110.0,0.5502,0.5238095238095238,0.02639047619047619,-0.08313333333333328,projection_low,False,under,underdog,,
side + spread_bucket,,,132,62,0,0.4696969696969697,-13.593073593073589,-0.1029778302505575,38.553030303030305,43.132121212121206,4.579090909090908,5.937347500983871,40.39393939393939,1.8409090909090908,2.738181818181818,-109.96212121212122,-109.96212121212122,-110.03787878787878,0.5548181818181819,0.523721535916658,0.03109664590152394,0.08512121212121215,projection_high,True,over,,dog_0_to_3,
side + spread_bucket,,,130,69,0,0.5307692307692308,1.7441077441077493,0.013416213416213456,38.10769230769231,43.02569230769231,4.956153846153846,6.425399785399791,44.91538461538462,6.8076923076923075,-1.8896923076923073,-108.33076923076923,-108.33076923076923,-110.14615384615385,0.5571384615384616,0.5235018108845502,0.03363665065391143,0.02636923076923081,projection_low,False,over,,dog_3_to_7,
side + spread_bucket,,,48,26,0,0.5416666666666666,1.6363636363636385,0.03409090909090914,33.416666666666664,38.30708333333333,4.890416666666667,6.026136363636371,41.8125,8.395833333333334,-3.5054166666666675,-110.0,-110.0,-110.0,0.555375,0.5238095238095238,0.03156547619047617,0.013708333333333322,projection_low,False,over,,dog_7_plus,
side + spread_bucket,,,70,35,0,0.5,-3.181818181818179,-0.045454545454545414,40.628571428571426,45.364428571428576,4.735857142857142,6.4135985268685936,42.75714285714286,2.1285714285714286,2.6072857142857138,-110.22857142857143,-110.22857142857143,-106.94285714285714,0.557942857142857,0.5243043921281573,0.03363846501469997,0.05794285714285696,projection_high,True,over,,favorite_0_to_3,
side + spread_bucket,,,192,92,0,0.4791666666666667,-16.363636363636356,-0.0852272727272727,41.03125,46.230625,5.199375,6.237869769119776,44.348958333333336,3.3177083333333335,1.881666666666667,-109.94791666666667,-109.94791666666667,-110.05208333333333,0.5563541666666666,0.5236885404568331,0.032665626209833515,0.07718749999999991,projection_high,True,over,,favorite_3_to_7,
side + spread_bucket,,,44,25,0,0.5681818181818182,3.7272727272727293,0.08471074380165294,41.29545454545455,46.48522727272727,5.189772727272727,6.977252404823201,50.20454545454545,8.909090909090908,-3.719318181818181,-110.27272727272727,-110.27272727272727,-105.22727272727273,0.561,0.5243945243945245,0.03660547560547558,-0.007181818181818178,projection_low,False,over,,favorite_7_plus,
side + spread_bucket,,,13,9,0,0.6923076923076923,4.1818181818181825,0.3216783216783217,40.57692307692308,37.23153846153847,3.5730769230769224,5.440559440559448,33.92307692307692,-6.653846153846154,3.30846153846154,-110.0,-110.0,-110.0,0.5523076923076923,0.5238095238095238,0.028498168498168483,-0.14,projection_high,False,under,,dog_0_to_3,
side + spread_bucket,,,11,7,0,0.6363636363636364,2.363636363636364,0.2148760330578513,45.31818181818182,42.947272727272725,2.414545454545455,4.791735537190096,43.18181818181818,-2.1363636363636362,-0.23454545454545536,-110.0,-110.0,-110.0,0.5489090909090909,0.5238095238095238,0.025099567099567118,-0.08745454545454545,projection_low,False,under,,dog_3_to_7,
side + spread_bucket,,,6,3,0,0.5,-0.2727272727272725,-0.045454545454545414,34.833333333333336,31.96333333333334,3.096666666666667,4.618181818181827,44.333333333333336,9.5,-12.37,-110.0,-110.0,-110.0,0.5479999999999999,0.5238095238095238,0.02419047619047619,0.04799999999999993,projection_low,False,under,,dog_7_plus,
side + spread_bucket,,,2,1,0,0.5,-0.09090909090909083,-0.045454545454545414,53.0,50.89,2.1099999999999994,3.0909090909091024,54.0,1.0,-3.1099999999999994,-110.0,-110.0,-110.0,0.54,0.5238095238095238,0.0161904761904762,0.040000000000000036,projection_low,False,under,,favorite_0_to_3,
side + spread_bucket,,,7,3,0,0.42857142857142855,-1.2727272727272725,-0.1818181818181818,42.642857142857146,41.80571428571428,1.5457142857142852,3.5818181818181936,52.714285714285715,10.071428571428571,-10.908571428571431,-110.0,-110.0,-110.0,0.5425714285714287,0.5238095238095238,0.018761904761904775,0.11400000000000016,projection_low,False,under,,favorite_3_to_7,
side + spread_bucket,,,4,2,0,0.5,-0.18181818181818166,-0.045454545454545414,47.25,44.1525,3.097500000000001,4.904545454545467,47.5,0.25,-3.347500000000001,-110.0,-110.0,-110.0,0.5495000000000001,0.5238095238095238,0.025690476190476208,0.0495000000000001,projection_low,False,under,,favorite_7_plus,
side + total_bucket,,,166,84,0,0.5060240963855421,-5.63636363636363,-0.033953997809419455,42.28915662650602,47.23343373493976,4.974156626506025,6.281862377740632,46.12048192771084,3.8313253012048194,1.1129518072289157,-110.02409638554217,-110.02409638554217,-109.97590361445783,0.5567710843373495,0.5238631428249716,0.032907941512377935,0.05074698795180732,projection_high,True,over,,,high_total_47_plus
side + total_bucket,,,166,87,0,0.5240963855421686,0.10774410774411436,0.0006490608900247853,35.3855421686747,40.48951807228916,5.103975903614458,6.4311414227866965,42.09036144578313,6.704819277108434,-1.600843373493976,-108.79518072289157,-108.79518072289157,-108.81927710843374,0.5574819277108435,0.5237935704803176,0.03368835723052589,0.03338554216867484,projection_low,False,over,,,low_total_<42
side + total_bucket,,,284,138,0,0.4859154929577465,-20.50216450216449,-0.07219072007804397,39.76056338028169,44.57975352112677,4.819190140845071,6.167428715362224,43.140845070422536,3.380281690140845,1.4389084507042256,-109.97183098591549,-109.97183098591549,-109.33098591549296,0.5560422535211268,0.5237365745782098,0.03230567894291699,0.0701267605633803,projection_high,True,over,,,mid_total_42_47
side + total_bucket,,,17,8,0,0.47058823529411764,-1.7272727272727266,-0.10160427807486627,42.3235294117647,40.20705882352941,2.290588235294117,4.101604278074877,48.35294117647059,6.029411764705882,-8.145882352941177,-110.0,-110.0,-110.0,0.5452941176470589,0.5238095238095238,0.021484593837535013,0.07470588235294129,projection_low,False,under,,,high_total_47_plus
side + total_bucket,,,8,5,0,0.625,1.5454545454545459,0.19318181818181823,39.875,37.473749999999995,2.64125,5.095454545454557,34.0,-5.875,3.473750000000001,-110.0,-110.0,-110.0,0.5505000000000001,0.5238095238095238,0.026690476190476195,-0.0744999999999999,projection_high,False,under,,,low_total_<42
side + total_bucket,,,18,12,0,0.6666666666666666,4.90909090909091,0.27272727272727276,43.888888888888886,40.88499999999999,3.2750000000000004,5.0848484848484965,41.94444444444444,-1.9444444444444444,-1.0594444444444453,-110.0,-110.0,-110.0,0.5504444444444444,0.5238095238095238,0.02663492063492064,-0.11622222222222223,projection_low,False,under,,,mid_total_42_47
