decimal_odds,breakeven_prob,projection_minus_line,p_over,edge_prob,ev_per_1_unit,ev_percent
1.75,0.5714285714285714,0,0.5,-0.0714285714285714,-0.125,-12.5
1.75,0.5714285714285714,1,0.5058247669357622,-0.06560380449280923,-0.11480665786241617,-11.480665786241618
1.75,0.5714285714285714,2,0.5116482922409993,-0.059780279187572116,-0.10461548857825126,-10.461548857825125
1.75,0.5714285714285714,3,0.5174693350791425,-0.053959236349428896,-0.0944286636115006,-9.44286636115006
1.75,0.5714285714285714,4,0.5232866562006897,-0.04814191522788169,-0.08424835164879302,-8.424835164879301
1.75,0.5714285714285714,5,0.5290990187346243,-0.042329552693947115,-0.0740767172144075,-7.40767172144075
1.75,0.5714285714285714,6,0.5349051889773018,-0.036523382451269626,-0.0639159192897219,-6.39159192897219
1.75,0.5714285714285714,7,0.5407039371779638,-0.030724634250607563,-0.05376810993856329,-5.3768109938563295
1.75,0.5714285714285714,8,0.5464940383200472,-0.024934533108524226,-0.04363543293991745,-4.363543293991745
1.75,0.5714285714285714,9,0.5522742728974601,-0.01915429853111128,-0.033520022429444796,-3.3520022429444793
1.75,0.5714285714285714,10,0.5580434276850068,-0.013385143743564587,-0.023424001551238083,-2.3424001551238085
1.75,0.5714285714285714,11,0.5638002965021484,-0.00762827492642304,-0.013349481121240347,-1.3349481121240347
1.75,0.5714285714285714,12,0.5695436809692986,-0.0018848904592727589,-0.0032985583037273836,-0.32985583037273836
1.75,0.5714285714285714,13,0.5752723912558668,0.003843819827295425,0.006726684697766938,0.6726684697766938
1.75,0.5714285714285714,14,0.5809852468192658,0.00955667539069438,0.01672418193371511,1.672418193371511
1.75,0.5714285714285714,15,0.5866810771341253,0.01525250570555392,0.026691884984719305,2.6691884984719305
1.75,0.5714285714285714,16,0.5923587224109577,0.020930150982386264,0.03662776421917591,3.6627764219175907
1.75,0.5714285714285714,17,0.5980170343035403,0.026588462874968855,0.04652981003119544,4.652981003119544
1.75,0.5714285714285714,18,0.603654876604302,0.03222630517573055,0.05639603405752841,5.639603405752841
1.75,0.5714285714285714,19,0.6092711259270067,0.03784255449843532,0.06622447037226176,6.622447037226175
1.75,0.5714285714285714,20,0.614864672376058,0.04343610094748662,0.07601317665810153,7.601317665810154
1.75,0.5714285714285714,21,0.6204344202017582,0.04900584877318681,0.08576023535307686,8.576023535307687
1.75,0.5714285714285714,22,0.6259792884408845,0.054550717012313066,0.09546375477154778,9.546375477154779
1.75,0.5714285714285714,23,0.6314982115419572,0.06006964011338578,0.10512187019842506,10.512187019842505
1.75,0.5714285714285714,24,0.6369901399746066,0.06556156854603523,0.11473274495556163,11.473274495556163
1.75,0.5714285714285714,25,0.6424540408224595,0.0710254693938881,0.12429457143930411,12.429457143930412
1.75,0.5714285714285714,26,0.6478888983589953,0.07646032693042393,0.13380557212824185,13.380557212824185
1.75,0.5714285714285714,27,0.6532937146058462,0.08186514317727478,0.1432640005602308,14.32640005602308
1.75,0.5714285714285714,28,0.6586675098730354,0.08723893844446395,0.1526681422778119,15.26681422778119
1.75,0.5714285714285714,29,0.6640093232806821,0.09258075185211068,0.16201631574119363,16.201631574119364
1.75,0.5714285714285714,30,0.6693182132617195,0.09788964183314808,0.17130687320800908,17.13068732080091
1.75,0.5714285714285714,31,0.6745932580452039,0.10316468661663247,0.18053820157910683,18.053820157910682
1.75,0.5714285714285714,32,0.6798335561198192,0.10840498469124782,0.18970872320968368,18.97087232096837
1.75,0.5714285714285714,33,0.6850382266772079,0.11360965524863653,0.19881689668511382,19.88168966851138
1.75,0.5714285714285714,34,0.6902064100347889,0.11877783860621749,0.2078612175608805,20.78612175608805
1.75,0.5714285714285714,35,0.6953372680377502,0.1239086966091788,0.21684021906606288,21.684021906606286
1.75,0.5714285714285714,36,0.7004299844399333,0.12900141301136192,0.2257524727698833,22.575247276988332
1.75,0.5714285714285714,37,0.7054837652633545,0.13405519383478315,0.23459658921087045,23.459658921087044
1.75,0.5714285714285714,38,0.7104978391361388,0.13906926770756745,0.24337121848824295,24.337121848824296
1.75,0.5714285714285714,39,0.71547145760867,0.14404288618009864,0.25207505081517256,25.207505081517255
1.75,0.5714285714285714,40,0.72040389544779,0.14897532401921865,0.26070681703363263,26.070681703363263
1.8,0.5555555555555556,0,0.5,-0.05555555555555558,-0.09999999999999998,-9.999999999999998
1.8,0.5555555555555556,1,0.5058247669357622,-0.04973078861979341,-0.08951541951562808,-8.951541951562808
1.8,0.5555555555555556,2,0.5116482922409993,-0.0439072633145563,-0.0790330739662013,-7.9033073966201295
1.8,0.5555555555555556,3,0.5174693350791425,-0.03808622047641308,-0.06855519685754347,-6.855519685754347
1.8,0.5555555555555556,4,0.5232866562006897,-0.032268899354865876,-0.05808401883875852,-5.808401883875852
1.8,0.5555555555555556,5,0.5290990187346243,-0.026456536820931298,-0.04762176627767628,-4.762176627767628
1.8,0.5555555555555556,6,0.5349051889773018,-0.02065036657825381,-0.03717065984085677,-3.717065984085677
1.8,0.5555555555555556,7,0.5407039371779638,-0.014851618377591747,-0.026732913079665077,-2.6732913079665077
1.8,0.5555555555555556,8,0.5464940383200472,-0.00906151723550841,-0.01631073102391506,-1.631073102391506
1.8,0.5555555555555556,9,0.5522742728974601,-0.0032812826580954635,-0.005906308784571768,-0.5906308784571768
1.8,0.5555555555555556,10,0.5580434276850068,0.0024878721294512296,0.004478169833012302,0.4478169833012302
1.8,0.5555555555555556,11,0.5638002965021484,0.008244740946592777,0.014840533703867065,1.4840533703867065
1.8,0.5555555555555556,12,0.5695436809692986,0.013988125413743058,0.02517862574473756,2.5178625744737557
1.8,0.5555555555555556,13,0.5752723912558668,0.01971683570031124,0.035490304260560324,3.5490304260560324
1.8,0.5555555555555556,14,0.5809852468192658,0.025429691263710197,0.04577344427467844,4.577344427467844
1.8,0.5555555555555556,15,0.5866810771341253,0.031125521578569737,0.05602593884142559,5.602593884142559
1.8,0.5555555555555556,16,0.5923587224109577,0.03680316685540208,0.06624570033972382,6.6245700339723825
1.8,0.5555555555555556,17,0.5980170343035403,0.04246147874798467,0.07643066174637247,7.643066174637248
1.8,0.5555555555555556,18,0.603654876604302,0.04809932104874637,0.08657877788774354,8.657877788774353
1.8,0.5555555555555556,19,0.6092711259270067,0.05371557037145114,0.09668802666861209,9.66880266686121
1.8,0.5555555555555556,20,0.614864672376058,0.05930911682050244,0.10675641027690447,10.675641027690446
1.8,0.5555555555555556,21,0.6204344202017582,0.06487886464620263,0.1167819563631648,11.67819563631648
1.8,0.5555555555555556,22,0.6259792884408845,0.07042373288532888,0.12676271919359205,12.676271919359205
1.8,0.5555555555555556,23,0.6314982115419572,0.0759426559864016,0.13669678077552294,13.669678077552295
1.8,0.5555555555555556,24,0.6369901399746066,0.08143458441905105,0.14658225195429198,14.658225195429198
1.8,0.5555555555555556,25,0.6424540408224595,0.08689848526690391,0.1564172734804271,15.64172734804271
1.8,0.5555555555555556,26,0.6478888983589953,0.09233334280343974,0.16620001704619158,16.62000170461916
1.8,0.5555555555555556,27,0.6532937146058462,0.0977381590502906,0.17592868629052316,17.592868629052315
1.8,0.5555555555555556,28,0.6586675098730354,0.10311195431747977,0.1856015177714636,18.56015177714636
1.8,0.5555555555555556,29,0.6640093232806821,0.1084537677251265,0.19521678190522773,19.521678190522774
1.8,0.5555555555555556,30,0.6693182132617195,0.1137626577061639,0.2047727838710951,20.47727838710951
1.8,0.5555555555555556,31,0.6745932580452039,0.11903770248964829,0.21426786448136703,21.426786448136703
1.8,0.5555555555555556,32,0.6798335561198192,0.12427800056426364,0.22370040101567457,22.370040101567458
1.8,0.5555555555555556,33,0.6850382266772079,0.12948267112165235,0.23306880801897434,23.306880801897435
1.8,0.5555555555555556,34,0.6902064100347889,0.1346508544792333,0.24237153806262002,24.237153806262
1.8,0.5555555555555556,35,0.6953372680377502,0.13978171248219462,0.2516070824679504,25.16070824679504
1.8,0.5555555555555556,36,0.7004299844399333,0.14487442888437774,0.26077397199188,26.077397199188002
1.8,0.5555555555555556,37,0.7054837652633545,0.14992820970779897,0.2698707774740382,26.98707774740382
1.8,0.5555555555555556,38,0.7104978391361388,0.15494228358058326,0.2788961104450499,27.889611044504992
1.8,0.5555555555555556,39,0.71547145760867,0.15991590205311446,0.28784862369560604,28.784862369560603
1.8,0.5555555555555556,40,0.72040389544779,0.16484833989223446,0.2967270118060221,29.67270118060221
1.83,0.5464480874316939,0,0.5,-0.04644808743169393,-0.08499999999999996,-8.499999999999996
1.83,0.5464480874316939,1,0.5058247669357622,-0.04062332049593176,-0.07434067650755521,-7.434067650755521
1.83,0.5464480874316939,2,0.5116482922409993,-0.03479979519069465,-0.0636836251989713,-6.368362519897131
1.83,0.5464480874316939,3,0.5174693350791425,-0.02897875235255143,-0.0530311168051692,-5.30311168051692
1.83,0.5464480874316939,4,0.5232866562006897,-0.023161431231004226,-0.0423854191527378,-4.23854191527378
1.83,0.5464480874316939,5,0.5290990187346243,-0.017349068697069647,-0.031748795715637546,-3.1748795715637543
1.83,0.5464480874316939,6,0.5349051889773018,-0.011542898454392159,-0.021123504171537744,-2.1123504171537744
1.83,0.5464480874316939,7,0.5407039371779638,-0.005744150253730096,-0.010511794964326138,-1.0511794964326138
1.83,0.5464480874316939,8,0.5464940383200472,4.5950888353241126e-05,8.409012568638685e-05,0.008409012568638685
1.83,0.5464480874316939,9,0.5522742728974601,0.005826185465766187,0.01066191940235206,1.066191940235206
1.83,0.5464480874316939,10,0.5580434276850068,0.01159534025331288,0.0212194726635625,2.12194726635625
1.83,0.5464480874316939,11,0.5638002965021484,0.017352209070454427,0.03175454259893151,3.175454259893151
1.83,0.5464480874316939,12,0.5695436809692986,0.02309559353760471,0.04226493617381655,4.226493617381655
1.83,0.5464480874316939,13,0.5752723912558668,0.028824303824172892,0.052748475998236344,5.274847599823635
1.83,0.5464480874316939,14,0.5809852468192658,0.03453715938757185,0.06320300167925641,6.320300167925641
1.83,0.5464480874316939,15,0.5866810771341253,0.04023298970243139,0.0736263711554494,7.36263711554494
1.83,0.5464480874316939,16,0.5923587224109577,0.04591063497926373,0.08401646201205254,8.401646201205255
1.83,0.5464480874316939,17,0.5980170343035403,0.05156894687184632,0.09437117277547868,9.437117277547868
1.83,0.5464480874316939,18,0.603654876604302,0.05720678917260802,0.10468842418587265,10.468842418587265
1.83,0.5464480874316939,19,0.6092711259270067,0.06282303849531279,0.11496616044642238,11.496616044642238
1.83,0.5464480874316939,20,0.614864672376058,0.06841658494436409,0.12520235044818617,12.520235044818618
1.83,0.5464480874316939,21,0.6204344202017582,0.07398633277006428,0.13539498896921753,13.539498896921753
1.83,0.5464480874316939,22,0.6259792884408845,0.07953120100919053,0.1455420978468186,14.55420978468186
1.83,0.5464480874316939,23,0.6314982115419572,0.08505012411026325,0.1556417271217817,15.56417271217817
1.83,0.5464480874316939,24,0.6369901399746066,0.0905420525429127,0.16569195615353016,16.569195615353017
1.83,0.5464480874316939,25,0.6424540408224595,0.09600595339076556,0.1756908947051009,17.56908947051009
1.83,0.5464480874316939,26,0.6478888983589953,0.1014408109273014,0.18563668399696154,18.563668399696155
1.83,0.5464480874316939,27,0.6532937146058462,0.10684562717415225,0.1955274977286986,19.55274977286986
1.83,0.5464480874316939,28,0.6586675098730354,0.11221942244134142,0.20536154306765475,20.536154306765475
1.83,0.5464480874316939,29,0.6640093232806821,0.11756123584898814,0.2151370616036482,21.51370616036482
1.83,0.5464480874316939,30,0.6693182132617195,0.12287012583002554,0.2248523302689467,22.48523302689467
1.83,0.5464480874316939,31,0.6745932580452039,0.12814517061350994,0.23450566222272318,23.450566222272318
1.83,0.5464480874316939,32,0.6798335561198192,0.13338546868812529,0.24409540769926918,24.40954076992692
1.83,0.5464480874316939,33,0.6850382266772079,0.138590139245514,0.25361995481929056,25.361995481929057
1.83,0.5464480874316939,34,0.6902064100347889,0.14375832260309496,0.26307773036366366,26.307773036366367
1.83,0.5464480874316939,35,0.6953372680377502,0.14888918060605627,0.2724672005090829,27.24672005090829
1.83,0.5464480874316939,36,0.7004299844399333,0.1539818970082394,0.281786871525078,28.1786871525078
1.83,0.5464480874316939,37,0.7054837652633545,0.15903567783166062,0.2910352904319389,29.103529043193888
1.83,0.5464480874316939,38,0.7104978391361388,0.1640497517044449,0.30021104561913414,30.021104561913415
1.83,0.5464480874316939,39,0.71547145760867,0.1690233701769761,0.30931276742386626,30.931276742386626
1.83,0.5464480874316939,40,0.72040389544779,0.17395580801609611,0.3183391286694558,31.833912866945578
1.87,0.53475935828877,0,0.5,-0.03475935828876997,-0.06499999999999995,-6.499999999999995
1.87,0.53475935828877,1,0.5058247669357622,-0.0289345913530078,-0.05410768583012471,-5.410768583012471
1.87,0.53475935828877,2,0.5116482922409993,-0.02311106604777069,-0.0432176935093313,-4.32176935093313
1.87,0.53475935828877,3,0.5174693350791425,-0.01729002320962747,-0.03233234340200347,-3.2332343402003474
1.87,0.53475935828877,4,0.5232866562006897,-0.011472702088080267,-0.021453952904710194,-2.1453952904710194
1.87,0.53475935828877,5,0.5290990187346243,-0.005660339554145688,-0.01058483496625251,-1.058483496625251
1.87,0.53475935828877,6,0.5349051889773018,0.0001458306885318006,0.00027270338755436274,0.027270338755436274
1.87,0.53475935828877,7,0.5407039371779638,0.005944578889193863,0.011116362522792411,1.1116362522792411
1.87,0.53475935828877,8,0.5464940383200472,0.0117346800312772,0.021943851658488278,2.1943851658488276
1.87,0.53475935828877,9,0.5522742728974601,0.017514914608690146,0.03275289031825046,3.275289031825046
1.87,0.53475935828877,10,0.5580434276850068,0.02328406939623684,0.04354120977096282,4.354120977096282
1.87,0.53475935828877,11,0.5638002965021484,0.029040938213378387,0.0543065544590175,5.43065544590175
1.87,0.53475935828877,12,0.5695436809692986,0.03478432268052867,0.06504668341258851,6.504668341258851
1.87,0.53475935828877,13,0.5752723912558668,0.04051303296709685,0.07575937164847102,7.575937164847102
1.87,0.53475935828877,14,0.5809852468192658,0.04622588853049581,0.08644241155202703,8.644241155202703
1.87,0.53475935828877,15,0.5866810771341253,0.05192171884535535,0.09709361424081442,9.709361424081441
1.87,0.53475935828877,16,0.5923587224109577,0.05759936412218769,0.10771081090849088,10.771081090849089
1.87,0.53475935828877,17,0.5980170343035403,0.06325767601477028,0.11829185414762033,11.829185414762033
1.87,0.53475935828877,18,0.603654876604302,0.06889551831553198,0.1288346192500447,12.883461925004468
1.87,0.53475935828877,19,0.6092711259270067,0.07451176763823675,0.13933700548350259,13.93370054835026
1.87,0.53475935828877,20,0.614864672376058,0.08010531408728805,0.14979693734322852,14.979693734322852
1.87,0.53475935828877,21,0.6204344202017582,0.08567506191298824,0.16021236577728792,16.021236577728793
1.87,0.53475935828877,22,0.6259792884408845,0.09121993015211449,0.17058126938445406,17.058126938445405
1.87,0.53475935828877,23,0.6314982115419572,0.09673885325318721,0.18090165558345994,18.090165558345994
1.87,0.53475935828877,24,0.6369901399746066,0.10223078168583666,0.19117156175251449,19.11715617525145
1.87,0.53475935828877,25,0.6424540408224595,0.10769468253368952,0.2013890563379993,20.13890563379993
1.87,0.53475935828877,26,0.6478888983589953,0.11312954007022535,0.21155223993132133,21.155223993132132
1.87,0.53475935828877,27,0.6532937146058462,0.1185343563170762,0.22165924631293243,22.165924631293244
1.87,0.53475935828877,28,0.6586675098730354,0.12390815158426538,0.23170824346257612,23.17082434625761
1.87,0.53475935828877,29,0.6640093232806821,0.1292499649919121,0.24169743453487558,24.16974345348756
1.87,0.53475935828877,30,0.6693182132617195,0.1345588549729495,0.25162505879941544,25.162505879941545
1.87,0.53475935828877,31,0.6745932580452039,0.1398338997564339,0.2614893925445313,26.14893925445313
1.87,0.53475935828877,32,0.6798335561198192,0.14507419783104925,0.27128874994406205,27.128874994406203
1.87,0.53475935828877,33,0.6850382266772079,0.15027886838843796,0.28102148388637893,28.102148388637893
1.87,0.53475935828877,34,0.6902064100347889,0.15544705174601892,0.2906859867650553,29.06859867650553
1.87,0.53475935828877,35,0.6953372680377502,0.16057790974898023,0.300280691230593,30.028069123059296
1.87,0.53475935828877,36,0.7004299844399333,0.16567062615116335,0.30980407090267537,30.980407090267537
1.87,0.53475935828877,37,0.7054837652633545,0.17072440697458457,0.31925464104247303,31.925464104247304
1.87,0.53475935828877,38,0.7104978391361388,0.17573848084736887,0.32863095918457974,32.86309591845797
1.87,0.53475935828877,39,0.71547145760867,0.18071209931990007,0.337931625728213,33.7931625728213
1.87,0.53475935828877,40,0.72040389544779,0.18564453715902007,0.34715528448736743,34.71552844873674
1.9,0.5263157894736842,0,0.5,-0.02631578947368418,-0.050000000000000044,-5.000000000000004
1.9,0.5263157894736842,1,0.5058247669357622,-0.02049102253792201,-0.0389329428220519,-3.89329428220519
1.9,0.5263157894736842,2,0.5116482922409993,-0.0146674972326849,-0.027868244742101422,-2.7868244742101425
1.9,0.5263157894736842,3,0.5174693350791425,-0.00884645439454168,-0.016808263349629315,-1.6808263349629315
1.9,0.5263157894736842,4,0.5232866562006897,-0.0030291332729944775,-0.005755353218689585,-0.5755353218689585
1.9,0.5263157894736842,5,0.5290990187346243,0.002783229260940101,0.005288135595786114,0.5288135595786114
1.9,0.5263157894736842,6,0.5349051889773018,0.00858939950361759,0.01631985905687333,1.6319859056873331
1.9,0.5263157894736842,7,0.5407039371779638,0.014388147704279652,0.02733748063813124,2.733748063813124
1.9,0.5263157894736842,8,0.5464940383200472,0.02017824884636299,0.03833867280808956,3.833867280808956
1.9,0.5263157894736842,9,0.5522742728974601,0.025958483423775935,0.04932111850517418,4.932111850517417
1.9,0.5263157894736842,10,0.5580434276850068,0.03172763821132263,0.06028251260151285,6.0282512601512845
1.9,0.5263157894736842,11,0.5638002965021484,0.037484507028464176,0.07122056335408178,7.122056335408178
1.9,0.5263157894736842,12,0.5695436809692986,0.04322789149561446,0.08213299384166739,8.213299384166739
1.9,0.5263157894736842,13,0.5752723912558668,0.04895660178218264,0.09301754338614687,9.301754338614687
1.9,0.5263157894736842,14,0.5809852468192658,0.054669457345581596,0.10387196895660489,10.38719689566049
1.9,0.5263157894736842,15,0.5866810771341253,0.060365287660441136,0.11469404655483806,11.469404655483807
1.9,0.5263157894736842,16,0.5923587224109577,0.06604293293727348,0.1254815725808195,12.548157258081948
1.9,0.5263157894736842,17,0.5980170343035403,0.07170124482985607,0.13623236517672643,13.623236517672643
1.9,0.5263157894736842,18,0.603654876604302,0.07733908713061777,0.14694426554817364,14.694426554817364
1.9,0.5263157894736842,19,0.6092711259270067,0.08295533645332254,0.15761513926131276,15.761513926131276
1.9,0.5263157894736842,20,0.614864672376058,0.08854888290237384,0.16824287751451017,16.824287751451017
1.9,0.5263157894736842,21,0.6204344202017582,0.09411863072807403,0.17882539838334055,17.882539838334054
1.9,0.5263157894736842,22,0.6259792884408845,0.09966349896720028,0.18936064803768038,18.936064803768037
1.9,0.5263157894736842,23,0.6314982115419572,0.105182422068273,0.1998466019297186,19.98466019297186
1.9,0.5263157894736842,24,0.6369901399746066,0.11067435050092245,0.21028126595175256,21.028126595175255
1.9,0.5263157894736842,25,0.6424540408224595,0.11613825134877531,0.220662677562673,22.0662677562673
1.9,0.5263157894736842,26,0.6478888983589953,0.12157310888531114,0.23098890688209106,23.098890688209107
1.9,0.5263157894736842,27,0.6532937146058462,0.126977925132162,0.24125805775110765,24.125805775110763
1.9,0.5263157894736842,28,0.6586675098730354,0.13235172039935117,0.25146826875876716,25.146826875876716
1.9,0.5263157894736842,29,0.6640093232806821,0.1376935338069979,0.26161771423329583,26.161771423329583
1.9,0.5263157894736842,30,0.6693182132617195,0.1430024237880353,0.2717046051972669,27.170460519726692
1.9,0.5263157894736842,31,0.6745932580452039,0.1482774685715197,0.28172719028588733,28.172719028588734
1.9,0.5263157894736842,32,0.6798335561198192,0.15351776664613503,0.29168375662765644,29.168375662765644
1.9,0.5263157894736842,33,0.6850382266772079,0.15872243720352375,0.30157263068669504,30.157263068669504
1.9,0.5263157894736842,34,0.6902064100347889,0.1638906205611047,0.31139217906609884,31.139217906609883
1.9,0.5263157894736842,35,0.6953372680377502,0.16902147856406602,0.3211408092717253,32.11408092717253
1.9,0.5263157894736842,36,0.7004299844399333,0.17411419496624914,0.3308169704358732,33.08169704358732
1.9,0.5263157894736842,37,0.7054837652633545,0.17916797578967036,0.3404191540003736,34.04191540003736
1.9,0.5263157894736842,38,0.7104978391361388,0.18418204966245466,0.34994589435866374,34.994589435866374
1.9,0.5263157894736842,39,0.71547145760867,0.18915566813498585,0.359395769456473,35.9395769456473
1.9,0.5263157894736842,40,0.72040389544779,0.19408810597410586,0.368767401350801,36.8767401350801
1.91,0.5235602094240838,0,0.5,-0.023560209424083767,-0.04500000000000004,-4.5000000000000036
1.91,0.5235602094240838,1,0.5058247669357622,-0.017735442488321596,-0.03387469515269431,-3.387469515269431
1.91,0.5235602094240838,2,0.5116482922409993,-0.011911917183084486,-0.022751761819691407,-2.2751761819691407
1.91,0.5235602094240838,3,0.5174693350791425,-0.006090874344941266,-0.011633569998837856,-1.1633569998837856
1.91,0.5235602094240838,4,0.5232866562006897,-0.00027355322339406296,-0.0005224866566826969,-0.05224866566826969
1.91,0.5235602094240838,5,0.5290990187346243,0.005538809310540516,0.01057912578313236,1.057912578313236
1.91,0.5235602094240838,6,0.5349051889773018,0.011344979553218004,0.021668910946646358,2.166891094664636
1.91,0.5235602094240838,7,0.5407039371779638,0.017143727753880067,0.032744520009910905,3.2744520009910905
1.91,0.5235602094240838,8,0.5464940383200472,0.022933828895963404,0.04380361319129006,4.380361319129006
1.91,0.5235602094240838,9,0.5522742728974601,0.02871406347337635,0.05484386123414875,5.484386123414875
1.91,0.5235602094240838,10,0.5580434276850068,0.03448321826092304,0.06586294687836292,6.586294687836292
1.91,0.5235602094240838,11,0.5638002965021484,0.04024008707806459,0.07685856631910337,7.685856631910337
1.91,0.5235602094240838,12,0.5695436809692986,0.04598347154521487,0.08782843065136037,8.782843065136037
1.91,0.5235602094240838,13,0.5752723912558668,0.051712181831783055,0.09877026729870564,9.877026729870565
1.91,0.5235602094240838,14,0.5809852468192658,0.05742503739518201,0.10968182142479754,10.968182142479755
1.91,0.5235602094240838,15,0.5866810771341253,0.06312086771004155,0.12056085732617927,12.056085732617927
1.91,0.5235602094240838,16,0.5923587224109577,0.0687985129868739,0.13140515980492906,13.140515980492907
1.91,0.5235602094240838,17,0.5980170343035403,0.07445682487945648,0.14221253551976187,14.221253551976186
1.91,0.5235602094240838,18,0.603654876604302,0.08009466718021818,0.15298081431421673,15.298081431421673
1.91,0.5235602094240838,19,0.6092711259270067,0.08571091650292295,0.1637078505205828,16.370785052058277
1.91,0.5235602094240838,20,0.614864672376058,0.09130446295197425,0.17439152423827076,17.439152423827075
1.91,0.5235602094240838,21,0.6204344202017582,0.09687421077767444,0.1850297425853581,18.502974258535808
1.91,0.5235602094240838,22,0.6259792884408845,0.1024190790168007,0.1956204409220893,19.56204409220893
1.91,0.5235602094240838,23,0.6314982115419572,0.10793800211787341,0.20616158404513818,20.61615840451382
1.91,0.5235602094240838,24,0.6369901399746066,0.11342993055052286,0.21665116735149859,21.66511673514986
1.91,0.5235602094240838,25,0.6424540408224595,0.11889383139837573,0.2270872179708976,22.70872179708976
1.91,0.5235602094240838,26,0.6478888983589953,0.12432868893491156,0.237467795865681,23.746779586568103
1.91,0.5235602094240838,27,0.6532937146058462,0.1297335051817624,0.24779099489716616,24.779099489716614
1.91,0.5235602094240838,28,0.6586675098730354,0.13510730044895158,0.2580549438574975,25.80549438574975
1.91,0.5235602094240838,29,0.6640093232806821,0.1404491138565983,0.2682578074661027,26.825780746610274
1.91,0.5235602094240838,30,0.6693182132617195,0.1457580038376357,0.2783977873298842,27.839778732988417
1.91,0.5235602094240838,31,0.6745932580452039,0.1510330486211201,0.2884731228663393,28.84731228663393
1.91,0.5235602094240838,32,0.6798335561198192,0.15627334669573545,0.2984820921888547,29.84820921888547
1.91,0.5235602094240838,33,0.6850382266772079,0.16147801725312416,0.3084230129534671,30.842301295346708
1.91,0.5235602094240838,34,0.6902064100347889,0.16664620061070512,0.3182942431664467,31.829424316644673
1.91,0.5235602094240838,35,0.6953372680377502,0.17177705861366643,0.3280941819521028,32.809418195210284
1.91,0.5235602094240838,36,0.7004299844399333,0.17686977501584955,0.33782127028027253,33.782127028027254
1.91,0.5235602094240838,37,0.7054837652633545,0.18192355583927078,0.3474739916530071,34.747399165300706
1.91,0.5235602094240838,38,0.7104978391361388,0.18693762971205508,0.3570508727500251,35.70508727500251
1.91,0.5235602094240838,39,0.71547145760867,0.19191124818458627,0.36655048403255974,36.655048403255975
1.91,0.5235602094240838,40,0.72040389544779,0.19684368602370628,0.37597144030527896,37.59714403052789
1.95,0.5128205128205129,0,0.5,-0.012820512820512886,-0.025000000000000022,-2.500000000000002
1.95,0.5128205128205129,1,0.5058247669357622,-0.006995745884750715,-0.013641704475263805,-1.3641704475263805
1.95,0.5128205128205129,2,0.5116482922409993,-0.0011722205795136054,-0.002285830130051403,-0.22858301300514028
1.95,0.5128205128205129,3,0.5174693350791425,0.004648822258629615,0.00906520340432787,0.9065203404327871
1.95,0.5128205128205129,4,0.5232866562006897,0.010466143380176818,0.02040897959134491,2.040897959134491
1.95,0.5128205128205129,5,0.5290990187346243,0.016278505914111396,0.03174308653251734,3.174308653251734
1.95,0.5128205128205129,6,0.5349051889773018,0.022084676156788885,0.043065118505738464,4.3065118505738464
1.95,0.5128205128205129,7,0.5407039371779638,0.027883424357450948,0.054372677497029454,5.437267749702945
1.95,0.5128205128205129,8,0.5464940383200472,0.033673525499534285,0.065663374724092,6.5663374724092005
1.95,0.5128205128205129,9,0.5522742728974601,0.03945376007694723,0.07693483215004715,7.693483215004715
1.95,0.5128205128205129,10,0.5580434276850068,0.045222914864493924,0.08818468398576329,8.818468398576329
1.95,0.5128205128205129,11,0.5638002965021484,0.05097978368163547,0.0994105781791893,9.94105781791893
1.95,0.5128205128205129,12,0.5695436809692986,0.05672316814878575,0.11061017789013228,11.061017789013228
1.95,0.5128205128205129,13,0.5752723912558668,0.062451878435353936,0.12178116294894026,12.178116294894025
1.95,0.5128205128205129,14,0.5809852468192658,0.06816473399875289,0.13292123129756828,13.292123129756828
1.95,0.5128205128205129,15,0.5866810771341253,0.07386056431361243,0.14402810041154435,14.402810041154435
1.95,0.5128205128205129,16,0.5923587224109577,0.07953820959044478,0.15509950870136746,15.509950870136747
1.95,0.5128205128205129,17,0.5980170343035403,0.08519652148302737,0.1661332168919034,16.613321689190343
1.95,0.5128205128205129,18,0.603654876604302,0.09083436378378906,0.17712700937838877,17.712700937838875
1.95,0.5128205128205129,19,0.6092711259270067,0.09645061310649383,0.1880786955576631,18.80786955576631
1.95,0.5128205128205129,20,0.614864672376058,0.10204415955554513,0.1989861111333131,19.89861111333131
1.95,0.5128205128205129,21,0.6204344202017582,0.10761390738124532,0.20984711939342848,20.984711939342848
1.95,0.5128205128205129,22,0.6259792884408845,0.11315877562037158,0.22065961245972465,22.065961245972467
1.95,0.5128205128205129,23,0.6314982115419572,0.11867769872144429,0.23142151250681642,23.142151250681643
1.95,0.5128205128205129,24,0.6369901399746066,0.12416962715409374,0.2421307729504829,24.21307729504829
1.95,0.5128205128205129,25,0.6424540408224595,0.1296335280019466,0.252785379603796,25.278537960379598
1.95,0.5128205128205129,26,0.6478888983589953,0.13506838553848244,0.2633833518000408,26.33833518000408
1.95,0.5128205128205129,27,0.6532937146058462,0.1404732017853333,0.2739227434814,27.39227434814
1.95,0.5128205128205129,28,0.6586675098730354,0.14584699705252246,0.2844016442524189,28.44016442524189
1.95,0.5128205128205129,29,0.6640093232806821,0.1511888104601692,0.29481818039733,29.481818039733
1.95,0.5128205128205129,30,0.6693182132617195,0.1564977004412066,0.30517051586035293,30.517051586035294
1.95,0.5128205128205129,31,0.6745932580452039,0.16177274522469098,0.31545685318814753,31.545685318814755
1.95,0.5128205128205129,32,0.6798335561198192,0.16701304329930633,0.32567543443364744,32.56754344336474
1.95,0.5128205128205129,33,0.6850382266772079,0.17221771385669504,0.33582454202055545,33.582454202055544
1.95,0.5128205128205129,34,0.6902064100347889,0.177385897214276,0.34590249956783825,34.59024995678382
1.95,0.5128205128205129,35,0.6953372680377502,0.18251675521723731,0.3559076726736129,35.59076726736129
1.95,0.5128205128205129,36,0.7004299844399333,0.18760947161942043,0.3658384696578699,36.58384696578699
1.95,0.5128205128205129,37,0.7054837652633545,0.19266325244284166,0.37569334226354134,37.56933422635414
1.95,0.5128205128205129,38,0.7104978391361388,0.19767732631562596,0.3854707863154707,38.54707863154707
1.95,0.5128205128205129,39,0.71547145760867,0.20265094478815715,0.3951693423369066,39.51693423369066
1.95,0.5128205128205129,40,0.72040389544779,0.20758338262727716,0.4047875961231906,40.47875961231906
2.0,0.5,0,0.5,0.0,0.0,0.0
2.0,0.5,1,0.5058247669357622,0.005824766935762171,0.011649533871524342,1.1649533871524342
2.0,0.5,2,0.5116482922409993,0.01164829224099928,0.02329658448199856,2.329658448199856
2.0,0.5,3,0.5174693350791425,0.0174693350791425,0.034938670158285,3.4938670158285
2.0,0.5,4,0.5232866562006897,0.023286656200689704,0.04657331240137941,4.657331240137941
2.0,0.5,5,0.5290990187346243,0.029099018734624282,0.058198037469248565,5.8198037469248565
2.0,0.5,6,0.5349051889773018,0.03490518897730177,0.06981037795460354,6.981037795460354
2.0,0.5,7,0.5407039371779638,0.040703937177963834,0.08140787435592767,8.140787435592767
2.0,0.5,8,0.5464940383200472,0.04649403832004717,0.09298807664009434,9.298807664009434
2.0,0.5,9,0.5522742728974601,0.05227427289746012,0.10454854579492023,10.454854579492023
2.0,0.5,10,0.5580434276850068,0.05804342768500681,0.11608685537001362,11.608685537001362
2.0,0.5,11,0.5638002965021484,0.06380029650214836,0.12760059300429671,12.76005930042967
2.0,0.5,12,0.5695436809692986,0.06954368096929864,0.13908736193859728,13.908736193859728
2.0,0.5,13,0.5752723912558668,0.07527239125586682,0.15054478251173364,15.054478251173364
2.0,0.5,14,0.5809852468192658,0.08098524681926578,0.16197049363853155,16.197049363853154
2.0,0.5,15,0.5866810771341253,0.08668107713412532,0.17336215426825063,17.336215426825063
2.0,0.5,16,0.5923587224109577,0.09235872241095766,0.18471744482191532,18.471744482191532
2.0,0.5,17,0.5980170343035403,0.09801703430354025,0.1960340686070805,19.60340686070805
2.0,0.5,18,0.603654876604302,0.10365487660430195,0.2073097532086039,20.730975320860388
2.0,0.5,19,0.6092711259270067,0.10927112592700672,0.21854225185401344,21.854225185401344
2.0,0.5,20,0.614864672376058,0.11486467237605802,0.22972934475211604,22.972934475211602
2.0,0.5,21,0.6204344202017582,0.12043442020175821,0.24086884040351642,24.08688404035164
2.0,0.5,22,0.6259792884408845,0.12597928844088446,0.2519585768817689,25.195857688176893
2.0,0.5,23,0.6314982115419572,0.13149821154195718,0.26299642308391435,26.299642308391434
2.0,0.5,24,0.6369901399746066,0.13699013997460663,0.27398027994921326,27.398027994921325
2.0,0.5,25,0.6424540408224595,0.1424540408224595,0.284908081644919,28.4908081644919
2.0,0.5,26,0.6478888983589953,0.14788889835899532,0.29577779671799065,29.577779671799064
2.0,0.5,27,0.6532937146058462,0.15329371460584618,0.30658742921169235,30.658742921169235
2.0,0.5,28,0.6586675098730354,0.15866750987303535,0.3173350197460707,31.73350197460707
2.0,0.5,29,0.6640093232806821,0.16400932328068207,0.32801864656136415,32.801864656136416
2.0,0.5,30,0.6693182132617195,0.16931821326171947,0.33863642652343895,33.8636426523439
2.0,0.5,31,0.6745932580452039,0.17459325804520387,0.34918651609040774,34.91865160904077
2.0,0.5,32,0.6798335561198192,0.17983355611981922,0.35966711223963843,35.96671122396384
2.0,0.5,33,0.6850382266772079,0.18503822667720793,0.37007645335441586,37.00764533544159
2.0,0.5,34,0.6902064100347889,0.1902064100347889,0.3804128200695778,38.04128200695778
2.0,0.5,35,0.6953372680377502,0.1953372680377502,0.3906745360755004,39.06745360755004
2.0,0.5,36,0.7004299844399333,0.20042998443993332,0.40085996887986663,40.08599688798667
2.0,0.5,37,0.7054837652633545,0.20548376526335455,0.4109675305267091,41.096753052670906
2.0,0.5,38,0.7104978391361388,0.21049783913613884,0.4209956782722777,42.099567827227766
2.0,0.5,39,0.71547145760867,0.21547145760867004,0.4309429152173401,43.09429152173401
2.0,0.5,40,0.72040389544779,0.22040389544779004,0.4408077908955801,44.08077908955801
2.05,0.48780487804878053,0,0.5,0.012195121951219468,0.02499999999999991,2.499999999999991
2.05,0.48780487804878053,1,0.5058247669357622,0.01801988888698164,0.03694077221831238,3.694077221831238
2.05,0.48780487804878053,2,0.5116482922409993,0.023843414192218748,0.04887899909404847,4.887899909404847
2.05,0.48780487804878053,3,0.5174693350791425,0.029664457030361968,0.060812136912242076,6.081213691224208
2.05,0.48780487804878053,4,0.5232866562006897,0.03548177815190917,0.07273764521141379,7.273764521141379
2.05,0.48780487804878053,5,0.5290990187346243,0.04129414068584375,0.08465298840597968,8.465298840597967
2.05,0.48780487804878053,6,0.5349051889773018,0.04710031092852124,0.09655563740346851,9.655563740346851
2.05,0.48780487804878053,7,0.5407039371779638,0.0528990591291833,0.10844307121482577,10.844307121482577
2.05,0.48780487804878053,8,0.5464940383200472,0.05868916027126664,0.12031277855609657,12.031277855609657
2.05,0.48780487804878053,9,0.5522742728974601,0.06446939484867958,0.1321622594397931,13.21622594397931
2.05,0.48780487804878053,10,0.5580434276850068,0.07023854963622628,0.14398902675426384,14.398902675426385
2.05,0.48780487804878053,11,0.5638002965021484,0.07599541845336782,0.15579060782940402,15.579060782940402
2.05,0.48780487804878053,12,0.5695436809692986,0.0817388029205181,0.16756454598706205,16.756454598706206
2.05,0.48780487804878053,13,0.5752723912558668,0.08746751320708629,0.17930840207452692,17.930840207452693
2.05,0.48780487804878053,14,0.5809852468192658,0.09318036877048524,0.19101975597949472,19.101975597949473
2.05,0.48780487804878053,15,0.5866810771341253,0.09887619908534478,0.2026962081249568,20.26962081249568
2.05,0.48780487804878053,16,0.5923587224109577,0.10455384436217713,0.21433538094246307,21.43353809424631
2.05,0.48780487804878053,17,0.5980170343035403,0.11021215625475972,0.22593492032225737,22.593492032225736
2.05,0.48780487804878053,18,0.603654876604302,0.11584999855552142,0.23749249703881892,23.74924970388189
2.05,0.48780487804878053,19,0.6092711259270067,0.12146624787822619,0.24900580815036366,24.900580815036367
2.05,0.48780487804878053,20,0.614864672376058,0.1270597943272775,0.26047257837091886,26.047257837091887
2.05,0.48780487804878053,21,0.6204344202017582,0.13262954215297768,0.27189056141360424,27.189056141360425
2.05,0.48780487804878053,22,0.6259792884408845,0.13817441039210393,0.2832575413038131,28.32575413038131
2.05,0.48780487804878053,23,0.6314982115419572,0.14369333349317664,0.29457133366101207,29.457133366101207
2.05,0.48780487804878053,24,0.6369901399746066,0.1491852619258261,0.3058297869479435,30.58297869479435
2.05,0.48780487804878053,25,0.6424540408224595,0.15464916277367896,0.3170307836860419,31.70307836860419
2.05,0.48780487804878053,26,0.6478888983589953,0.1600840203102148,0.3281722416359403,32.81722416359403
2.05,0.48780487804878053,27,0.6532937146058462,0.16548883655706564,0.3392521149419846,33.92521149419846
2.05,0.48780487804878053,28,0.6586675098730354,0.17086263182425482,0.3502683952397223,35.02683952397223
2.05,0.48780487804878053,29,0.6640093232806821,0.17620444523190154,0.3612191127253981,36.121911272539805
2.05,0.48780487804878053,30,0.6693182132617195,0.18151333521293894,0.37210233718652486,37.21023371865249
2.05,0.48780487804878053,31,0.6745932580452039,0.18678837999642334,0.38291617899266783,38.29161789926678
2.05,0.48780487804878053,32,0.6798335561198192,0.19202867807103868,0.3936587900456293,39.365879004562935
2.05,0.48780487804878053,33,0.6850382266772079,0.1972333486284274,0.40432836468827615,40.43283646882762
2.05,0.48780487804878053,34,0.6902064100347889,0.20240153198600835,0.4149231405713171,41.49231405713171
2.05,0.48780487804878053,35,0.6953372680377502,0.20753238998896967,0.4254413994773878,42.54413994773878
2.05,0.48780487804878053,36,0.7004299844399333,0.21262510639115278,0.4358814681018631,43.58814681018631
2.05,0.48780487804878053,37,0.7054837652633545,0.217678887214574,0.44624171878987673,44.624171878987674
2.05,0.48780487804878053,38,0.7104978391361388,0.2226929610873583,0.45652057022908454,45.65205702290845
2.05,0.48780487804878053,39,0.71547145760867,0.2276665795598895,0.46671648809777344,46.671648809777345
2.05,0.48780487804878053,40,0.72040389544779,0.2325990173990095,0.47682798566796947,47.68279856679695
2.1,0.47619047619047616,0,0.5,0.023809523809523836,0.050000000000000044,5.000000000000004
2.1,0.47619047619047616,1,0.5058247669357622,0.029634290745286007,0.06223201056510064,6.223201056510064
2.1,0.47619047619047616,2,0.5116482922409993,0.03545781605052312,0.07446141370609849,7.446141370609849
2.1,0.47619047619047616,3,0.5174693350791425,0.04127885888866634,0.08668560366619926,8.668560366619927
2.1,0.47619047619047616,4,0.5232866562006897,0.04709618001021354,0.0989019780214484,9.89019780214484
2.1,0.47619047619047616,5,0.5290990187346243,0.05290854254414812,0.11110793934271102,11.1107939342711
2.1,0.47619047619047616,6,0.5349051889773018,0.05871471278682561,0.12330089685233381,12.33008968523338
2.1,0.47619047619047616,7,0.5407039371779638,0.06451346098748767,0.1354782680737241,13.54782680737241
2.1,0.47619047619047616,8,0.5464940383200472,0.070303562129571,0.14763748047209913,14.763748047209912
2.1,0.47619047619047616,9,0.5522742728974601,0.07608379670698395,0.1597759730846663,15.97759730846663
2.1,0.47619047619047616,10,0.5580434276850068,0.08185295149453065,0.1718911981385144,17.189119813851438
2.1,0.47619047619047616,11,0.5638002965021484,0.08760982031167219,0.18398062265451165,18.398062265451166
2.1,0.47619047619047616,12,0.5695436809692986,0.09335320477882247,0.19604173003552716,19.604173003552717
2.1,0.47619047619047616,13,0.5752723912558668,0.09908191506539066,0.20807202163732041,20.807202163732043
2.1,0.47619047619047616,14,0.5809852468192658,0.10479477062878961,0.22006901832045822,22.006901832045823
2.1,0.47619047619047616,15,0.5866810771341253,0.11049060094364915,0.2320302619816632,23.20302619816632
2.1,0.47619047619047616,16,0.5923587224109577,0.1161682462204815,0.24395331706301115,24.395331706301114
2.1,0.47619047619047616,17,0.5980170343035403,0.12182655811306409,0.2558357720374346,25.583577203743456
2.1,0.47619047619047616,18,0.603654876604302,0.12746440041382578,0.26767524086903416,26.767524086903414
2.1,0.47619047619047616,19,0.6092711259270067,0.13308064973653055,0.2794693644467141,27.94693644467141
2.1,0.47619047619047616,20,0.614864672376058,0.13867419618558186,0.2912158119897219,29.12158119897219
2.1,0.47619047619047616,21,0.6204344202017582,0.14424394401128204,0.3029122824236923,30.29122824236923
2.1,0.47619047619047616,22,0.6259792884408845,0.1497888122504083,0.31455650572585747,31.455650572585746
2.1,0.47619047619047616,23,0.6314982115419572,0.155307735351481,0.3261462442381101,32.61462442381101
2.1,0.47619047619047616,24,0.6369901399746066,0.16079966378413046,0.33767929394667395,33.7679293946674
2.1,0.47619047619047616,25,0.6424540408224595,0.16626356463198333,0.349153485727165,34.915348572716496
2.1,0.47619047619047616,26,0.6478888983589953,0.17169842216851916,0.36056668655389024,36.056668655389025
2.1,0.47619047619047616,27,0.6532937146058462,0.17710323841537,0.37191680067227706,37.19168006722771
2.1,0.47619047619047616,28,0.6586675098730354,0.1824770336825592,0.38320177073337425,38.320177073337426
2.1,0.47619047619047616,29,0.6640093232806821,0.1878188470902059,0.39441957888943247,39.44195788894325
2.1,0.47619047619047616,30,0.6693182132617195,0.1931277370712433,0.405568247849611,40.5568247849611
2.1,0.47619047619047616,31,0.6745932580452039,0.1984027818547277,0.41664584189492815,41.664584189492814
2.1,0.47619047619047616,32,0.6798335561198192,0.20364307992934305,0.4276504678516204,42.76504678516204
2.1,0.47619047619047616,33,0.6850382266772079,0.20884775048673176,0.4385802760221367,43.85802760221367
2.1,0.47619047619047616,34,0.6902064100347889,0.21401593384431272,0.4494334610730567,44.94334610730567
2.1,0.47619047619047616,35,0.6953372680377502,0.21914679184727404,0.4602082628792755,46.020826287927555
2.1,0.47619047619047616,36,0.7004299844399333,0.22423950824945715,0.47090296732386006,47.09029673238601
2.1,0.47619047619047616,37,0.7054837652633545,0.22929328907287838,0.4815159070530446,48.15159070530446
2.1,0.47619047619047616,38,0.7104978391361388,0.23430736294566268,0.4920454621858916,49.204546218589165
2.1,0.47619047619047616,39,0.71547145760867,0.23928098141819387,0.5024900609782071,50.24900609782071
2.1,0.47619047619047616,40,0.72040389544779,0.24421341925731388,0.5128481804403592,51.284818044035916
