Position,Player,School,Years,Final Age,career_yards,career_targets,career_receptions,career_tds,career_routes,career_yprr,career_catch_rate,career_drop_rate,career_drops_per_100_targets,career_contested_catch_rate,yprr_2025,yd_share_2025,td_share_2025,target_share_2025,yptt_2025,age_2025,peak_yd_share_season,peak_yd_share,peak_yd_share_age,breakout_age_20pct_yd_share,yprr_2025_pct,yd_share_2025_pct,target_share_2025_pct,career_yprr_pct,peak_yd_share_pct,breakout_score,WR_score,conference,conf_tier,adj_career_yprr,adj_yprr_2025,adj_yd_share_2025,adj_target_share_2025,adj_yptt_2025,adj_peak_yd_share,adj_yprr_2025_pct,adj_yd_share_2025_pct,adj_target_share_2025_pct,adj_career_yprr_pct,adj_peak_yd_share_pct
RB,Jeremiyah Love,Notre Dame,3,20.6,,,,,,,,,,,,,,,,,,,,,,,,,,,,IND,0.96,,,,,,,,,,,
RB,Desmond Reid,Pittsburgh,4,21.4,,,,,,,,,,,,,,,,,,,,,,,,,,,,ACC,0.95,,,,,,,,,,,
RB,Adam Randall,Clemson,4,21.5,533.0,90.0,48.0,2.0,542.0,0.9833948339483395,0.5333333333333333,0.06666666666666667,6.666666666666667,0.32,,,,,,,2023.0,0.09626492106276473,19.132101300479125,,,,,0.5,0.5,,,ACC,0.95,0.9342250922509224,,,,,0.09145167500962649,,,,0.5,0.5
RB,CJ Donaldson,Ohio State,4,21.5,,,,,,,,,,,,,,,,,,,,,,,,,,,,BIGTEN,0.99,,,,,,,,,,,
RB,Jamarion Miller,Alabama,4,21.7,,,,,,,,,,,,,,,,,,,,,,,,,,,,SEC,1.0,,,,,,,,,,,
RB,TJ Harden,SMU,4,21.7,,,,,,,,,,,,,,,,,,,,,,,,,,,,ACC,0.95,,,,,,,,,,,
RB,Nick Singleton,Penn State,4,22.0,,,,,,,,,,,,,,,,,,,,,,,,,,,,BIGTEN,0.99,,,,,,,,,,,
RB,Emmett Johnson,Nebraska,4,22.2,,,,,,,,,,,,,,,,,,,,,,,,,,,,BIGTEN,0.99,,,,,,,,,,,
RB,Demond Claiborne,Wake Forest,4,22.2,,,,,,,,,,,,,,,,,,,,,,,,,,,,ACC,0.95,,,,,,,,,,,
RB,Jadarian Price,Notre Dame,4,22.2,,,,,,,,,,,,,,,,,,,,,,,,,,,,IND,0.96,,,,,,,,,,,
RB,Dean Connors,Houston,5,22.4,,,,,,,,,,,,,,,,,,,,,,,,,,,,BIG12,0.95,,,,,,,,,,,
RB,Jonah Coleman,Washington,4,22.4,,,,,,,,,,,,,,,,,,,,,,,,,,,,BIGTEN,0.99,,,,,,,,,,,
RB,Eli Heidenreich,Navy,4,22.4,382.0,34.0,19.0,4.0,136.0,2.8088235294117645,0.5588235294117647,0.058823529411764705,5.88235294117647,0.3333333333333333,,,,,,,2023.0,0.4692874692874693,20.095824777549623,20.095824777549623,,,,1.0,1.0,1.0,,AAC,0.87,2.443676470588235,,,,,0.40828009828009826,,,,1.0,1.0
RB,Mike Washington,Arkansas,5,22.5,,,,,,,,,,,,,,,,,,,,,,,,,,,,SEC,1.0,,,,,,,,,,,
RB,Kaytron Allen,Penn State,4,23.0,,,,,,,,,,,,,,,,,,,,,,,,,,,,BIGTEN,0.99,,,,,,,,,,,
RB,Jaydn Ott,Oklahoma,4,23.1,,,,,,,,,,,,,,,,,,,,,,,,,,,,SEC,1.0,,,,,,,,,,,
RB,Le'Veon Moss,Texas A&M,4,23.1,,,,,,,,,,,,,,,,,,,,,,,,,,,,SEC,1.0,,,,,,,,,,,
RB,Roman Hemby,Indiana,5,23.4,,,,,,,,,,,,,,,,,,,,,,,,,,,,BIGTEN,0.99,,,,,,,,,,,
RB,Kentrel Bullock,South Alabama,6,23.8,,,,,,,,,,,,,,,,,,,,,,,,,,,,SUN,0.84,,,,,,,,,,,
RB,J'Mari Taylor,Virginia,6,23.8,,,,,,,,,,,,,,,,,,,,,,,,,,,,ACC,0.95,,,,,,,,,,,
RB,Chip Trayanum,Toledo,6,24.0,,,,,,,,,,,,,,,,,,,,,,,,,,,,MAC,0.82,,,,,,,,,,,
RB,Robert Henry,UTSA,6,24.0,,,,,,,,,,,,,,,,,,,,,,,,,,,,AAC,0.87,,,,,,,,,,,
RB,Kaelon Black,Indiana,6,24.2,,,,,,,,,,,,,,,,,,,,,,,,,,,,BIGTEN,0.99,,,,,,,,,,,
RB,Noah Whittington,Oregon,6,24.6,,,,,,,,,,,,,,,,,,,,,,,,,,,,BIGTEN,0.99,,,,,,,,,,,
RB,Dom Richardson,Tulsa,6,24.7,,,,,,,,,,,,,,,,,,,,,,,,,,,,AAC,0.87,,,,,,,,,,,
RB,Seth McGowan,Kentucky,6,25.2,,,,,,,,,,,,,,,,,,,,,,,,,,,,SEC,1.0,,,,,,,,,,,
RB,Rahsul Faison,South Carolina,7,25.9,,,,,,,,,,,,,,,,,,,,,,,,,,,,SEC,1.0,,,,,,,,,,,
RB,Kejon Owens,FIU,6,,,,,,,,,,,,,,,,,,,,,,,,,,,,,CUSA,0.8,,,,,,,,,,,
TE,Eli Stowers,Vanderbilt,5,22.7,1774.0,202.0,148.0,11.0,757.0,2.343461030383091,0.7326732673267327,0.0297029702970297,2.9702970297029703,0.4146341463414634,2.55,0.2383018283235203,0.15384615384615385,0.265625,2.403125,22.38193018480493,2024.0,0.33471933471933474,21.38261464750171,21.38261464750171,1.0,0.9090909090909091,0.9696969696969697,1.0,0.9696969696969697,0.5454545454545454,0.9242424242424242,SEC,1.0,2.343461030383091,2.55,0.2383018283235203,0.265625,2.403125,0.33471933471933474,1.0,0.9090909090909091,0.9696969696969697,1.0,0.9696969696969697
TE,Tanner Koziol,Houston,5,,2236.0,337.0,237.0,24.0,1349.0,1.6575240919199408,0.7032640949554896,0.02967359050445104,2.967359050445104,0.6129032258064516,2.26,0.30367585630743527,0.2727272727272727,0.32081911262798635,2.4812286689419794,,2024.0,0.33031852143138024,,,0.9696969696969697,1.0,1.0,0.696969696969697,0.9393939393939394,,,BIG12,0.95,1.5746478873239436,2.147,0.28849206349206347,0.304778156996587,2.3571672354948805,0.3138025953598112,0.9696969696969697,1.0,1.0,0.696969696969697,0.9393939393939394
TE,Eli Raridon,Notre Dame,4,21.9,623.0,66.0,48.0,3.0,405.0,1.5382716049382716,0.7272727272727273,0.06060606060606061,6.0606060606060606,0.6666666666666666,2.23,0.18754863813229572,0.0,0.16666666666666666,1.8257575757575757,21.5523613963039,2025.0,0.18754863813229572,21.5523613963039,,0.9393939393939394,0.7878787878787878,0.696969696969697,0.5757575757575758,0.5757575757575758,,,IND,0.96,1.4767407407407407,2.1408,0.18004669260700387,0.15999999999999998,1.7527272727272727,0.18004669260700387,0.9393939393939394,0.7575757575757576,0.6666666666666666,0.5757575757575758,0.5757575757575758
TE,Michael Trigg,Baylor,5,23.5,1416.0,179.0,108.0,14.0,757.0,1.8705416116248348,0.6033519553072626,0.07262569832402235,7.262569832402235,0.4523809523809524,2.18,0.20052008090147355,0.20689655172413793,0.19495412844036697,1.591743119266055,23.1813826146475,2025.0,0.20052008090147355,23.1813826146475,23.1813826146475,0.9090909090909091,0.8181818181818182,0.7878787878787878,0.9090909090909091,0.6060606060606061,0.18181818181818182,0.759090909090909,BIG12,0.95,1.777014531043593,2.071,0.19049407685639985,0.1852064220183486,1.5121559633027521,0.19049407685639985,0.8787878787878788,0.8181818181818182,0.7878787878787878,0.9090909090909091,0.6363636363636364
TE,DaeQuan Wright,Mississippi,4,22.3,1603.0,168.0,113.0,9.0,880.0,1.821590909090909,0.6726190476190477,0.07142857142857142,7.142857142857142,0.26666666666666666,2.08,0.1424086117963669,0.19230769230769232,0.12415349887133183,1.4334085778781038,21.946611909650922,2023.0,0.1582360570687419,19.94524298425736,,0.8787878787878788,0.5757575757575758,0.45454545454545453,0.8787878787878788,0.3939393939393939,,,SEC,1.0,1.821590909090909,2.08,0.1424086117963669,0.12415349887133183,1.4334085778781038,0.1582360570687419,0.9090909090909091,0.5757575757575758,0.45454545454545453,0.9393939393939394,0.3939393939393939
TE,Dallen Bentley,Utah,7,25.0,640.0,84.0,51.0,6.0,420.0,1.5238095238095237,0.6071428571428571,0.011904761904761904,1.1904761904761905,0.23529411764705882,2.07,0.26105263157894737,0.2727272727272727,0.2611683848797251,2.1305841924398625,24.6652977412731,2025.0,0.26105263157894737,24.6652977412731,24.6652977412731,0.8484848484848485,0.9696969696969697,0.9393939393939394,0.5454545454545454,0.8484848484848485,0.09090909090909091,0.7727272727272726,BIG12,0.95,1.4476190476190474,1.9664999999999997,0.248,0.24810996563573884,2.0240549828178693,0.248,0.8484848484848485,0.9393939393939394,0.9393939393939394,0.5151515151515151,0.8181818181818182
TE,Carsen Ryan,BYU,4,22.4,1020.0,98.0,74.0,7.0,577.0,1.7677642980935875,0.7551020408163265,0.04081632653061224,4.081632653061225,0.3125,2.04,0.22979985174203113,0.2,0.18849840255591055,1.9808306709265175,22.031485284052017,2025.0,0.22979985174203113,22.031485284052017,22.031485284052017,0.8181818181818182,0.8787878787878788,0.7575757575757576,0.8181818181818182,0.7878787878787878,0.2727272727272727,0.7606060606060606,BIG12,0.95,1.679376083188908,1.938,0.21830985915492956,0.17907348242811502,1.8817891373801916,0.21830985915492956,0.8181818181818182,0.8787878787878788,0.7575757575757576,0.7575757575757576,0.7878787878787878
TE,Lance Mason,Wisconsin,4,22.3,398.0,49.0,30.0,4.0,211.0,1.886255924170616,0.6122448979591837,0.061224489795918366,6.122448979591836,0.25,1.89,0.25480153649167736,0.4444444444444444,0.22477064220183487,1.8256880733944953,21.95208761122519,2025.0,0.25480153649167736,21.95208761122519,21.95208761122519,0.7878787878787878,0.9393939393939394,0.8787878787878788,0.9393939393939394,0.8181818181818182,0.45454545454545453,0.8378787878787878,BIGTEN,0.99,1.8673933649289098,1.8711,0.2522535211267606,0.22252293577981652,1.8074311926605504,0.2522535211267606,0.7878787878787878,0.9696969696969697,0.8787878787878788,0.9696969696969697,0.8484848484848485
TE,Jerand Bradley,Kansas State,5,23.2,1552.0,186.0,111.0,14.0,996.0,1.5582329317269077,0.5967741935483871,0.04838709677419355,4.838709677419355,0.5517241379310345,1.79,0.0829202343397927,0.11764705882352941,0.07420494699646643,0.6501766784452296,22.89390828199863,2022.0,0.20580912863070538,19.89322381930185,19.89322381930185,0.7575757575757576,0.15151515151515152,0.12121212121212122,0.6363636363636364,0.6666666666666666,0.9090909090909091,0.49242424242424243,BIG12,0.95,1.4803212851405623,1.7005,0.07877422262280306,0.07049469964664311,0.6176678445229681,0.1955186721991701,0.7272727272727273,0.15151515151515152,0.12121212121212122,0.6060606060606061,0.6666666666666666
TE,Justin Joly,NC State,4,21.5,1986.0,233.0,166.0,15.0,1113.0,1.784366576819407,0.7124463519313304,0.04291845493562232,4.291845493562231,0.660377358490566,1.78,0.17212249208025343,0.28,0.21036585365853658,1.4908536585365855,21.14715947980835,2023.0,0.2938816449348044,19.145790554414784,19.145790554414784,0.7272727272727273,0.696969696969697,0.8484848484848485,0.8484848484848485,0.9090909090909091,1.0,0.7727272727272727,ACC,0.95,1.6951482479784366,1.6909999999999998,0.16351636747624076,0.19984756097560974,1.416310975609756,0.27918756268806416,0.696969696969697,0.6666666666666666,0.8484848484848485,0.7878787878787878,0.9090909090909091
TE,Jaren Kanak,Oklahoma,4,21.9,530.0,57.0,44.0,0.0,306.0,1.7320261437908497,0.7719298245614035,0.017543859649122806,1.7543859649122806,0.6,1.73,0.18589968432129078,0.0,0.15877437325905291,1.4763231197771587,21.557837097878167,2025.0,0.18589968432129078,21.557837097878167,,0.696969696969697,0.7575757575757576,0.6363636363636364,0.7575757575757576,0.5454545454545454,,,SEC,1.0,1.7320261437908497,1.73,0.18589968432129078,0.15877437325905291,1.4763231197771587,0.18589968432129078,0.7575757575757576,0.7878787878787878,0.6363636363636364,0.8787878787878788,0.6060606060606061
TE,Riley Nowakowski,Indiana,6,,518.0,60.0,50.0,3.0,449.0,1.153674832962138,0.8333333333333334,0.03333333333333333,3.3333333333333335,0.45454545454545453,1.68,0.10773942093541203,0.043478260869565216,0.10285714285714286,1.1057142857142856,,2025.0,0.10773942093541203,,,0.6666666666666666,0.30303030303030304,0.24242424242424243,0.21212121212121213,0.21212121212121213,,,BIGTEN,0.99,1.1421380846325166,1.6632,0.1066620267260579,0.10182857142857142,1.0946571428571428,0.1066620267260579,0.6666666666666666,0.3333333333333333,0.3333333333333333,0.21212121212121213,0.21212121212121213
TE,Kenyon Sadiq,Oregon,3,20.8,891.0,101.0,81.0,11.0,519.0,1.716763005780347,0.801980198019802,0.07920792079207921,7.920792079207921,0.5333333333333333,1.62,0.1701093560145808,0.2857142857142857,0.20180722891566266,1.6867469879518073,20.49555099247091,2025.0,0.1701093560145808,20.49555099247091,,0.6212121212121212,0.6666666666666666,0.8181818181818182,0.7272727272727273,0.45454545454545453,,,BIGTEN,0.99,1.6995953757225435,1.6038000000000001,0.168408262454435,0.19978915662650604,1.6698795180722892,0.168408262454435,0.6363636363636364,0.7272727272727273,0.8181818181818182,0.8181818181818182,0.45454545454545453
TE,RJ Maryland,SMU,4,21.5,1493.0,166.0,113.0,19.0,901.0,1.6570477247502775,0.6807228915662651,0.05421686746987952,5.421686746987952,0.358974358974359,1.62,0.09944064636420137,0.09090909090909091,0.10526315789473684,0.8864265927977839,21.14715947980835,2023.0,0.1421514818880351,19.145790554414784,,0.6212121212121212,0.2727272727272727,0.30303030303030304,0.6666666666666666,0.36363636363636365,,,ACC,0.95,1.5741953385127636,1.539,0.0944686140459913,0.09999999999999999,0.8421052631578947,0.13504390779363334,0.6060606060606061,0.24242424242424243,0.30303030303030304,0.6666666666666666,0.36363636363636365
TE,Marlin Klein,Michigan,4,23.3,364.0,64.0,38.0,1.0,300.0,1.2133333333333334,0.59375,0.0625,6.25,0.3,1.53,0.10934744268077601,0.09090909090909091,0.1404109589041096,0.8493150684931506,22.95687885010267,2025.0,0.10934744268077601,22.95687885010267,,0.5757575757575758,0.3333333333333333,0.5454545454545454,0.24242424242424243,0.24242424242424243,,,BIGTEN,0.99,1.2012,1.5147,0.10825396825396824,0.1390068493150685,0.8408219178082191,0.10825396825396824,0.5757575757575758,0.36363636363636365,0.5454545454545454,0.24242424242424243,0.24242424242424243
TE,Lake McRee,USC,5,23.3,1142.0,137.0,97.0,7.0,930.0,1.227956989247312,0.708029197080292,0.014598540145985401,1.4598540145985401,0.6,1.51,0.12750716332378223,0.16,0.13675213675213677,1.2678062678062678,22.99247091033539,2025.0,0.12750716332378223,22.99247091033539,,0.5454545454545454,0.45454545454545453,0.5151515151515151,0.30303030303030304,0.30303030303030304,,,BIGTEN,0.99,1.2156774193548388,1.4949,0.12623209169054442,0.1353846153846154,1.255128205128205,0.12623209169054442,0.5454545454545454,0.45454545454545453,0.5151515151515151,0.2727272727272727,0.30303030303030304
TE,Joe Royer,Cincinnati,6,,962.0,115.0,83.0,7.0,683.0,1.4084919472913617,0.7217391304347827,0.017391304347826087,1.7391304347826086,0.5263157894736842,1.49,0.1540170307293595,0.14814814814814814,0.11379310344827587,1.4344827586206896,,2024.0,0.21437371663244353,,,0.5151515151515151,0.6363636363636364,0.3333333333333333,0.48484848484848486,0.7272727272727273,,,BIG12,0.95,1.3380673499267937,1.4155,0.1463161791928915,0.10810344827586207,1.3627586206896551,0.20365503080082134,0.45454545454545453,0.6060606060606061,0.36363636363636365,0.45454545454545453,0.696969696969697
TE,Max Klare,Ohio State,4,22.5,1328.0,154.0,116.0,6.0,760.0,1.7473684210526317,0.7532467532467533,0.045454545454545456,4.545454545454546,0.5789473684210527,1.48,0.1318810715337062,0.06451612903225806,0.16272189349112426,1.3254437869822486,22.151950718685832,2024.0,0.3430290872617854,21.152635181382614,21.152635181382614,0.48484848484848486,0.48484848484848486,0.6666666666666666,0.7878787878787878,1.0,0.6363636363636364,0.6363636363636364,BIGTEN,0.99,1.7298947368421054,1.4652,0.13056226081836914,0.161094674556213,1.3121893491124261,0.3395987963891675,0.5151515151515151,0.5151515151515151,0.696969696969697,0.8484848484848485,1.0
TE,Will Kacmarek,Ohio State,5,22.9,761.0,85.0,65.0,4.0,575.0,1.3234782608695652,0.7647058823529411,0.03529411764705882,3.5294117647058822,0.5,1.46,0.04945540182513983,0.06451612903225806,0.05029585798816568,0.4970414201183432,22.55167693360712,2023.0,0.0997946611909651,20.550308008213552,,0.45454545454545453,0.06060606060606061,0.06060606060606061,0.36363636363636365,0.18181818181818182,,,BIGTEN,0.99,1.3102434782608696,1.4454,0.048960847806888426,0.049792899408284026,0.49207100591715974,0.09879671457905545,0.48484848484848486,0.06060606060606061,0.06060606060606061,0.42424242424242425,0.18181818181818182
TE,DJ Rogers,TCU,6,,539.0,67.0,53.0,5.0,403.0,1.337468982630273,0.7910447761194029,0.04477611940298507,4.477611940298507,0.6666666666666666,1.4,0.09322033898305085,0.07142857142857142,0.1038961038961039,0.8285714285714286,,2025.0,0.09322033898305085,,,0.42424242424242425,0.21212121212121213,0.2727272727272727,0.3939393939393939,0.12121212121212122,,,BIG12,0.95,1.2705955334987593,1.3299999999999998,0.0885593220338983,0.0987012987012987,0.7871428571428571,0.0885593220338983,0.42424242424242425,0.18181818181818182,0.2727272727272727,0.3333333333333333,0.12121212121212122
TE,Sam Roush,Stanford,4,22.3,1202.0,177.0,119.0,4.0,1043.0,1.152444870565676,0.672316384180791,0.07344632768361582,7.344632768361582,0.47058823529411764,1.39,0.21817453963170536,0.14285714285714285,0.24316109422492402,1.656534954407295,21.987679671457904,2025.0,0.21817453963170536,21.987679671457904,21.987679671457904,0.3939393939393939,0.8484848484848485,0.9090909090909091,0.18181818181818182,0.7575757575757576,0.36363636363636365,0.5878787878787879,ACC,0.95,1.0948226270373922,1.3204999999999998,0.2072658126501201,0.23100303951367782,1.5737082066869301,0.2072658126501201,0.3939393939393939,0.8484848484848485,0.9090909090909091,0.12121212121212122,0.7272727272727273
TE,Matthew Hibner,SMU,6,23.8,819.0,80.0,57.0,8.0,610.0,1.342622950819672,0.7125,0.025,2.5,0.5625,1.37,0.13548788067122436,0.18181818181818182,0.11911357340720222,1.2077562326869806,23.482546201232033,2025.0,0.13548788067122436,23.482546201232033,,0.36363636363636365,0.5454545454545454,0.3939393939393939,0.42424242424242425,0.3333333333333333,,,ACC,0.95,1.2754918032786884,1.3015,0.12871348663766313,0.1131578947368421,1.1473684210526316,0.12871348663766313,0.36363636363636365,0.48484848484848486,0.3939393939393939,0.36363636363636365,0.3333333333333333
TE,Oscar Delp,Georgia,4,22.5,854.0,94.0,70.0,9.0,696.0,1.2270114942528736,0.7446808510638298,0.031914893617021274,3.1914893617021276,0.16666666666666666,1.29,0.09645232815964523,0.045454545454545456,0.09003215434083602,0.8392282958199357,22.16290212183436,2025.0,0.09645232815964523,22.16290212183436,,0.3333333333333333,0.24242424242424243,0.21212121212121213,0.2727272727272727,0.15151515151515152,,,SEC,1.0,1.2270114942528736,1.29,0.09645232815964523,0.09003215434083602,0.8392282958199357,0.09645232815964523,0.3333333333333333,0.2727272727272727,0.21212121212121213,0.30303030303030304,0.15151515151515152
TE,Josh Cuevas,Alabama,5,22.3,793.0,72.0,57.0,6.0,514.0,1.5428015564202335,0.7916666666666666,0.041666666666666664,4.166666666666666,0.5555555555555556,1.25,0.1200701139351446,0.13333333333333333,0.12254901960784313,1.0073529411764706,21.963039014373717,2025.0,0.1200701139351446,21.963039014373717,,0.30303030303030304,0.42424242424242425,0.42424242424242425,0.6060606060606061,0.2727272727272727,,,SEC,1.0,1.5428015564202335,1.25,0.1200701139351446,0.12254901960784313,1.0073529411764706,0.1200701139351446,0.30303030303030304,0.42424242424242425,0.42424242424242425,0.6363636363636364,0.2727272727272727
TE,Jack Velling,Michigan State,4,,1485.0,179.0,117.0,15.0,1011.0,1.4688427299703264,0.6536312849162011,0.03910614525139665,3.910614525139665,0.5,1.2,0.14921030756442227,0.15789473684210525,0.15017064846416384,1.2252559726962458,,2024.0,0.176017130620985,,,0.2727272727272727,0.6060606060606061,0.5757575757575758,0.5151515151515151,0.5151515151515151,,,BIGTEN,0.99,1.4541543026706232,1.188,0.14771820448877804,0.14866894197952218,1.2130034129692833,0.17425695931477517,0.2727272727272727,0.6363636363636364,0.5757575757575758,0.5454545454545454,0.5151515151515151
TE,John Michael Gyllenborg,Wyoming,5,,1029.0,124.0,81.0,7.0,525.0,1.96,0.6532258064516129,0.06451612903225806,6.451612903225806,0.4666666666666667,1.18,0.1147986942328618,0.08333333333333333,0.11400651465798045,0.6872964169381107,,2024.0,0.2052606857679662,,,0.24242424242424243,0.36363636363636365,0.36363636363636365,0.9696969696969697,0.6363636363636364,,,MWC,0.85,1.666,1.003,0.09757889009793254,0.09690553745928338,0.5842019543973941,0.17447158290277126,0.06060606060606061,0.30303030303030304,0.24242424242424243,0.7272727272727273,0.5454545454545454
TE,Bauer Sharp,LSU,5,,572.0,86.0,66.0,4.0,520.0,1.1,0.7674418604651163,0.05813953488372093,5.813953488372093,0.5,1.14,0.09031318281136198,0.1,0.08516483516483517,0.6813186813186813,,2024.0,0.16998950682056663,,,0.21212121212121213,0.18181818181818182,0.18181818181818182,0.12121212121212122,0.42424242424242425,,,SEC,1.0,1.1,1.14,0.09031318281136198,0.08516483516483517,0.6813186813186813,0.16998950682056663,0.24242424242424243,0.21212121212121213,0.18181818181818182,0.15151515151515152,0.48484848484848486
TE,Dan Villari,Syracuse,6,23.5,665.0,94.0,66.0,3.0,658.0,1.0106382978723405,0.7021276595744681,0.010638297872340425,1.0638297872340425,0.46153846153846156,1.12,0.17402486069438491,0.0,0.17080745341614906,1.2608695652173914,23.175906913073238,2025.0,0.17402486069438491,23.175906913073238,,0.15151515151515152,0.7272727272727273,0.7272727272727273,0.09090909090909091,0.48484848484848486,,,ACC,0.95,0.9601063829787234,1.064,0.16532361765966566,0.1622670807453416,1.1978260869565218,0.16532361765966566,0.09090909090909091,0.696969696969697,0.7272727272727273,0.06060606060606061,0.42424242424242425
TE,Nate Boerkircher,Texas A&M,6,24.3,417.0,48.0,38.0,4.0,423.0,0.9858156028368794,0.7916666666666666,0.041666666666666664,4.166666666666666,0.6666666666666666,1.12,0.06389157792836399,0.125,0.06340057636887608,0.5706051873198847,23.991786447638603,2025.0,0.06389157792836399,23.991786447638603,,0.15151515151515152,0.09090909090909091,0.09090909090909091,0.06060606060606061,0.06060606060606061,,,SEC,1.0,0.9858156028368794,1.12,0.06389157792836399,0.06340057636887608,0.5706051873198847,0.06389157792836399,0.21212121212121213,0.09090909090909091,0.09090909090909091,0.09090909090909091,0.06060606060606061
TE,Khalil Dinkins,Penn State,5,,399.0,54.0,37.0,7.0,357.0,1.1176470588235294,0.6851851851851852,0.07407407407407407,7.4074074074074066,0.5714285714285714,1.12,0.07807386629266012,0.13333333333333333,0.08045977011494253,0.6398467432950191,,2025.0,0.07807386629266012,,,0.15151515151515152,0.12121212121212122,0.15151515151515152,0.15151515151515152,0.09090909090909091,,,BIGTEN,0.99,1.106470588235294,1.1088,0.07729312762973352,0.07965517241379311,0.6334482758620689,0.07729312762973352,0.18181818181818182,0.12121212121212122,0.15151515151515152,0.18181818181818182,0.09090909090909091
TE,Seydou Traore,Mississippi State,5,23.4,1459.0,181.0,130.0,10.0,1128.0,1.2934397163120568,0.7182320441988951,0.03314917127071823,3.314917127071823,0.44,1.08,0.13210879547862947,0.2777777777777778,0.1553398058252427,1.2103559870550162,23.055441478439427,2022.0,0.26849080803762293,20.05475701574264,20.05475701574264,0.09090909090909091,0.5151515151515151,0.6060606060606061,0.3333333333333333,0.8787878787878788,0.8181818181818182,0.48181818181818187,SEC,1.0,1.2934397163120568,1.08,0.13210879547862947,0.1553398058252427,1.2103559870550162,0.26849080803762293,0.15151515151515152,0.5454545454545454,0.6060606060606061,0.3939393939393939,0.8787878787878788
TE,Jack Endries,Texas,4,21.8,1376.0,162.0,124.0,7.0,977.0,1.4083930399181166,0.7654320987654321,0.030864197530864196,3.0864197530864197,0.59375,1.07,0.11498836822864739,0.12,0.13432835820895522,1.0328358208955224,21.43463381245722,2024.0,0.20766666666666667,20.435318275154003,20.435318275154003,0.06060606060606061,0.3939393939393939,0.48484848484848486,0.45454545454545453,0.696969696969697,0.7272727272727273,0.40454545454545454,SEC,1.0,1.4083930399181166,1.07,0.11498836822864739,0.13432835820895522,1.0328358208955224,0.20766666666666667,0.12121212121212122,0.3939393939393939,0.48484848484848486,0.48484848484848486,0.7575757575757576
TE,Max Bredeson,Michigan,5,23.3,132.0,17.0,12.0,0.0,169.0,0.7810650887573964,0.7058823529411765,0.058823529411764705,5.88235294117647,0.5,0.3,0.0048500881834215165,0.0,0.010273972602739725,0.03767123287671233,22.910335386721425,2022.0,0.02857142857142857,19.90965092402464,,0.030303030303030304,0.030303030303030304,0.030303030303030304,0.030303030303030304,0.030303030303030304,,,BIGTEN,0.99,0.7732544378698225,0.297,0.0048015873015873015,0.010171232876712328,0.0372945205479452,0.028285714285714286,0.030303030303030304,0.030303030303030304,0.030303030303030304,0.030303030303030304,0.030303030303030304
TE,Miles Kitslemen,Tennessee,5,23.3,,,,,,,,,,,,,,,,,,,,,,,,,,,,SEC,1.0,,,,,,,,,,,
WR,Makai Lemon,USC,3,21.6,2008.0,183.0,137.0,14.0,664.0,3.0240963855421685,0.7486338797814208,0.02185792349726776,2.185792349726776,0.5925925925925926,3.13,0.3312320916905444,0.44,0.3076923076923077,3.2934472934472936,21.242984257357975,2025.0,0.3312320916905444,21.242984257357975,20.243668720054757,0.9897959183673469,0.8775510204081632,0.8979591836734694,1.0,0.72,0.7073170731707317,0.9202419113987057,BIGTEN,0.99,2.993855421686747,3.0987,0.327919770773639,0.3046153846153846,3.2605128205128207,0.327919770773639,1.0,0.9387755102040817,0.9387755102040817,1.0,0.74
WR,Skyler Bell,UConn,5,23.5,2894.0,347.0,220.0,24.0,1344.0,2.1532738095238093,0.6340057636887608,0.069164265129683,6.9164265129683,0.5,3.13,0.38143409699494196,0.4642857142857143,0.3720316622691293,3.3825857519788918,23.159479808350444,2025.0,0.38143409699494196,23.159479808350444,20.15879534565366,0.9897959183673469,0.9795918367346939,0.9795918367346939,0.74,0.86,0.7804878048780488,0.9348242906918864,IND,0.96,2.0671428571428567,3.0048,0.36617673311514426,0.3571503957783641,3.247282321899736,0.36617673311514426,0.9795918367346939,0.9795918367346939,1.0,0.78,0.9
WR,Carnell Tate,Ohio State,3,21.0,1872.0,161.0,121.0,14.0,826.0,2.2663438256658597,0.7515527950310559,0.031055900621118012,3.1055900621118013,0.6875,3.02,0.25758021783926993,0.2903225806451613,0.1952662721893491,2.588757396449704,20.61601642710472,2025.0,0.25758021783926993,20.61601642710472,20.61601642710472,0.9591836734693877,0.6326530612244898,0.30612244897959184,0.84,0.36,0.6341463414634146,0.6914146341463414,BIGTEN,0.99,2.243680387409201,2.9898,0.2550044156608772,0.19331360946745563,2.5628698224852067,0.2550044156608772,0.9591836734693877,0.6530612244897959,0.32653061224489793,0.88,0.4
WR,Anthony Smith,East Carolina,6,23.9,2101.0,214.0,119.0,16.0,869.0,2.4177215189873418,0.5560747663551402,0.056074766355140186,5.607476635514018,0.40425531914893614,2.8,0.31986634264884567,0.3181818181818182,0.273972602739726,2.884931506849315,23.50444900752909,2025.0,0.31986634264884567,23.50444900752909,22.50513347022587,0.9387755102040817,0.8163265306122449,0.7142857142857143,0.9,0.66,0.17073170731707318,0.6664201095072175,AAC,0.87,2.1034177215189875,2.436,0.27828371810449576,0.23835616438356164,2.5098904109589038,0.27828371810449576,0.8163265306122449,0.7346938775510204,0.5918367346938775,0.82,0.5
WR,Brenen Thompson,Mississippi State,4,22.5,1557.0,140.0,84.0,10.0,706.0,2.2053824362606234,0.6,0.05714285714285714,5.714285714285714,0.35294117647058826,2.77,0.37230660543977395,0.3333333333333333,0.2815533980582524,3.411003236245955,22.105407255304584,2025.0,0.37230660543977395,22.105407255304584,22.105407255304584,0.9183673469387755,0.9387755102040817,0.7551020408163265,0.8,0.84,0.1951219512195122,0.8465326032852165,SEC,1.0,2.2053824362606234,2.77,0.37230660543977395,0.2815533980582524,3.411003236245955,0.37230660543977395,0.9387755102040817,1.0,0.7959183673469388,0.84,0.92
WR,Eric McAlister,TCU,5,22.3,3067.0,291.0,168.0,24.0,1072.0,2.861007462686567,0.5773195876288659,0.054982817869415807,5.498281786941581,0.4520547945205479,2.6,0.34278199883109295,0.35714285714285715,0.3090909090909091,3.0467532467532465,21.924709103353866,2023.0,0.3850904278782532,19.923340177960302,19.923340177960302,0.8877551020408163,0.8979591836734694,0.9183673469387755,0.98,0.88,0.8292682926829268,0.8852533598805375,BIG12,0.95,2.7179570895522387,2.4699999999999998,0.3256428988895383,0.29363636363636364,2.894415584415584,0.3658359064843405,0.8571428571428571,0.8979591836734694,0.8979591836734694,0.98,0.88
WR,Malik Benson,Oregon,5,23.2,1192.0,125.0,81.0,8.0,735.0,1.6217687074829932,0.648,0.032,3.2,0.5666666666666667,2.6,0.21840826245443498,0.21428571428571427,0.17771084337349397,2.1656626506024095,22.874743326488705,2025.0,0.21840826245443498,22.874743326488705,22.874743326488705,0.8877551020408163,0.42857142857142855,0.22448979591836735,0.3,0.18,0.04878048780487805,0.4711637630662021,BIGTEN,0.99,1.6055510204081633,2.574,0.21622417982989062,0.17593373493975903,2.1440060240963854,0.21622417982989062,0.9183673469387755,0.40816326530612246,0.24489795918367346,0.34,0.18
WR,Zachariah Branch,Georgia,3,21.8,1634.0,211.0,160.0,9.0,806.0,2.0272952853598016,0.7582938388625592,0.037914691943127965,3.7914691943127963,0.38095238095238093,2.57,0.2997043606799704,0.2727272727272727,0.2990353697749196,2.607717041800643,21.426420260095824,2025.0,0.2997043606799704,21.426420260095824,21.426420260095824,0.8571428571428571,0.7755102040816326,0.8367346938775511,0.66,0.58,0.36585365853658536,0.7798098556495769,SEC,1.0,2.0272952853598016,2.57,0.2997043606799704,0.2990353697749196,2.607717041800643,0.2997043606799704,0.8979591836734694,0.8163265306122449,0.9183673469387755,0.7,0.62
WR,Chris Bell,Louisville,4,21.6,2166.0,223.0,151.0,12.0,1078.0,2.0092764378478662,0.6771300448430493,0.05829596412556054,5.829596412556054,0.559322033898305,2.55,0.3490673772363913,0.35294117647058826,0.3063583815028902,2.6502890173410405,21.234770704996578,2025.0,0.3490673772363913,21.234770704996578,20.23545516769336,0.826530612244898,0.9183673469387755,0.8775510204081632,0.62,0.74,0.7317073170731707,0.8121911398705824,ACC,0.95,1.9088126159554728,2.4225,0.3316140083745717,0.29104046242774567,2.5177745664739883,0.3316140083745717,0.7755102040816326,0.9591836734693877,0.8571428571428571,0.6,0.78
WR,Omar Cooper Jr.,Indiana,4,22.1,1798.0,171.0,115.0,22.0,728.0,2.46978021978022,0.672514619883041,0.029239766081871343,2.923976608187134,0.5428571428571428,2.55,0.26085746102449886,0.2826086956521739,0.26,2.677142857142857,21.71663244353183,2025.0,0.26085746102449886,21.71663244353183,21.71663244353183,0.826530612244898,0.6938775510204082,0.673469387755102,0.92,0.4,0.2926829268292683,0.7040846192135392,BIGTEN,0.99,2.4450824175824177,2.5244999999999997,0.25824888641425386,0.2574,2.6503714285714284,0.25824888641425386,0.8775510204081632,0.6938775510204082,0.6938775510204082,0.92,0.42
WR,KC Concepcion,Texas A&M,3,21.3,2224.0,294.0,186.0,25.0,1096.0,2.0291970802919708,0.6326530612244898,0.06462585034013606,6.462585034013606,0.4857142857142857,2.46,0.29654727331397224,0.375,0.2910662824207493,2.648414985590778,20.93634496919918,2023.0,0.36548442906574397,18.934976043805612,18.934976043805612,0.7959183673469388,0.7346938775510204,0.8163265306122449,0.68,0.8,0.926829268292683,0.8323155798904927,SEC,1.0,2.0291970802919708,2.46,0.29654727331397224,0.2910662824207493,2.648414985590778,0.36548442906574397,0.8367346938775511,0.7959183673469388,0.8775510204081632,0.72,0.86
WR,Denzel Boston,Washington,4,22.1,1781.0,204.0,132.0,20.0,881.0,2.021566401816118,0.6470588235294118,0.024509803921568627,2.450980392156863,0.6111111111111112,2.44,0.3289768483943241,0.4583333333333333,0.3321678321678322,3.0804195804195804,21.738535249828885,2025.0,0.3289768483943241,21.738535249828885,20.739219712525667,0.7755102040816326,0.8571428571428571,0.9387755102040817,0.64,0.7,0.5121951219512195,0.7942807366849179,BIGTEN,0.99,2.001350737797957,2.4156,0.32568707991038087,0.32884615384615384,3.0496153846153846,0.32568707991038087,0.7551020408163265,0.9183673469387755,0.9795918367346939,0.68,0.72
WR,Aaron Anderson,Louisiana State,4,23.1,1331.0,154.0,106.0,5.0,644.0,2.0667701863354035,0.6883116883116883,0.06493506493506493,6.493506493506493,0.4090909090909091,2.43,0.14493809176984704,0.0,0.1346153846153846,1.0934065934065933,22.748802190280628,2024.0,0.2507171543316122,21.749486652977414,21.749486652977414,0.7551020408163265,0.10204081632653061,0.08163265306122448,0.72,0.32,0.2682926829268293,0.42046192135390736,SEC,1.0,2.0667701863354035,2.43,0.14493809176984704,0.1346153846153846,1.0934065934065933,0.2507171543316122,0.7959183673469388,0.12244897959183673,0.08163265306122448,0.76,0.36
WR,Ja'Kobi Lane,USC,3,21.4,1368.0,149.0,99.0,18.0,702.0,1.9487179487179487,0.6644295302013423,0.053691275167785234,5.369127516778524,0.4897959183673469,2.42,0.2148997134670487,0.16,0.21082621082621084,2.1367521367521367,21.073237508555785,2025.0,0.2148997134670487,21.073237508555785,21.073237508555785,0.7142857142857143,0.3673469387755102,0.3469387755102041,0.58,0.16,0.43902439024390244,0.4932901941264311,BIGTEN,0.99,1.929230769230769,2.3958,0.21275071633237821,0.20871794871794871,2.1153846153846154,0.21275071633237821,0.7346938775510204,0.3877551020408163,0.3469387755102041,0.64,0.16
WR,Ted Hurst,Georgia State,4,21.5,1960.0,224.0,127.0,15.0,873.0,2.245131729667812,0.5669642857142857,0.05803571428571429,5.803571428571429,0.6111111111111112,2.42,0.38028169014084506,0.3,0.33972602739726027,2.736986301369863,21.166324435318277,2024.0,0.39112739112739114,20.16700889801506,20.16700889801506,0.7142857142857143,0.9591836734693877,0.9591836734693877,0.82,0.92,0.7560975609756098,0.6892832254853163,SUN,0.84,1.8859106529209622,2.0328,0.31943661971830983,0.2853698630136986,2.299068493150685,0.3285470085470085,0.4897959183673469,0.8571428571428571,0.8163265306122449,0.54,0.76
WR,Cyrus Allen,Cincinnati,5,,2214.0,227.0,136.0,21.0,1072.0,2.0652985074626864,0.5991189427312775,0.048458149779735685,4.845814977973569,0.5526315789473685,2.42,0.24472417623102555,0.4444444444444444,0.23793103448275862,2.279310344827586,,2023.0,0.2678082191780822,,,0.7142857142857143,0.5102040816326531,0.5102040816326531,0.7,0.46,,,BIG12,0.95,1.962033582089552,2.299,0.23248796741947425,0.22603448275862068,2.165344827586207,0.25441780821917803,0.673469387755102,0.5102040816326531,0.46938775510204084,0.66,0.38
WR,Elijah Sarratt,Indiana,4,22.6,2980.0,270.0,199.0,31.0,1102.0,2.7041742286751362,0.737037037037037,0.03333333333333333,3.3333333333333335,0.5657894736842105,2.39,0.22939866369710468,0.32608695652173914,0.24857142857142858,2.354285714285714,22.26420260095825,2023.0,0.36880959704706245,20.262833675564682,20.262833675564682,0.673469387755102,0.4489795918367347,0.6122448979591837,0.94,0.82,0.6829268292682927,0.6727824788451966,BIGTEN,0.99,2.677132486388385,2.3661000000000003,0.22710467706013363,0.2460857142857143,2.330742857142857,0.3651215010765918,0.7142857142857143,0.4489795918367347,0.6530612244897959,0.96,0.84
WR,Devin Voisin,South Alabama,7,24.5,2136.0,247.0,172.0,10.0,1143.0,1.8687664041994752,0.6963562753036437,0.032388663967611336,3.2388663967611335,0.3870967741935484,2.38,0.3869196205691463,0.3333333333333333,0.39080459770114945,2.9693486590038316,24.194387405886378,2025.0,0.3869196205691463,24.194387405886378,21.193702943189596,0.6530612244897959,1.0,1.0,0.42,0.9,0.3902439024390244,0.6451060228969636,SUN,0.84,1.569763779527559,1.9991999999999999,0.3250124812780829,0.32827586206896553,2.4942528735632186,0.3250124812780829,0.46938775510204084,0.8775510204081632,0.9591836734693877,0.32,0.7
WR,Jordyn Tyson,Arizona State,4,21.4,2275.0,262.0,159.0,22.0,841.0,2.705112960760999,0.6068702290076335,0.04961832061068702,4.961832061068702,0.5238095238095238,2.37,0.2913934426229508,0.4444444444444444,0.28869047619047616,2.1160714285714284,21.05407255304586,2024.0,0.46604414261460103,20.05475701574264,18.053388090349078,0.6326530612244898,0.7142857142857143,0.7959183673469388,0.96,1.0,1.0,0.7848163265306122,BIG12,0.95,2.5698573127229487,2.2515,0.27682377049180323,0.27425595238095235,2.010267857142857,0.442741935483871,0.6530612244897959,0.7142857142857143,0.7755102040816326,0.94,1.0
WR,Chase Roberts,BYU,7,25.0,2214.0,234.0,147.0,15.0,951.0,2.32807570977918,0.6282051282051282,0.06837606837606838,6.837606837606838,0.5555555555555556,2.35,0.2972572275759822,0.4,0.28434504792332266,2.562300319488818,24.61054072553046,2024.0,0.3175373134328358,23.61122518822724,22.60917180013689,0.6122448979591837,0.7551020408163265,0.7755102040816326,0.86,0.64,0.0975609756097561,0.6515928322548532,BIG12,0.95,2.2116719242902207,2.2325,0.2823943661971831,0.2701277955271565,2.434185303514377,0.301660447761194,0.6326530612244898,0.7551020408163265,0.7551020408163265,0.86,0.64
WR,Colbie Young,Georgia,6,23.5,1480.0,166.0,116.0,13.0,781.0,1.8950064020486557,0.6987951807228916,0.04819277108433735,4.819277108433735,0.5714285714285714,2.3,0.14079822616407983,0.045454545454545456,0.10610932475884244,1.22508038585209,23.107460643394933,2023.0,0.17639827904118008,21.10609171800137,,0.5918367346938775,0.08163265306122448,0.04081632653061224,0.44,0.08,,,SEC,1.0,1.8950064020486557,2.3,0.14079822616407983,0.10610932475884244,1.22508038585209,0.17639827904118008,0.6938775510204082,0.08163265306122448,0.04081632653061224,0.56,0.12
WR,Antonio Williams,Clemson,4,21.5,2331.0,275.0,207.0,21.0,1181.0,1.9737510584250635,0.7527272727272727,0.04,4.0,0.49019607843137253,2.27,0.19527005433045702,0.21052631578947367,0.1925133689839572,1.6336898395721926,21.13347022587269,2024.0,0.242975648916243,20.134154688569474,18.132785763175907,0.5714285714285714,0.24489795918367346,0.2653061224489796,0.6,0.22,0.975609756097561,0.44915281234445004,ACC,0.95,1.8750635055038103,2.1565,0.18550655161393417,0.18288770053475933,1.5520053475935829,0.23082686647043082,0.6122448979591837,0.22448979591836735,0.2653061224489796,0.52,0.2
WR,Malachi Fields,Notre Dame,5,23.5,2486.0,278.0,165.0,16.0,1281.0,1.940671350507416,0.5935251798561151,0.03597122302158273,3.597122302158273,0.47297297297297297,2.2,0.245136186770428,0.2631578947368421,0.23484848484848486,2.3863636363636362,23.16769336071184,2024.0,0.35610401057734686,22.168377823408623,21.166324435318277,0.5510204081632653,0.5510204081632653,0.4489795918367347,0.56,0.78,0.4146341463414634,0.5428919860627178,IND,0.96,1.8630444964871193,2.112,0.23533073929961087,0.22545454545454546,2.2909090909090906,0.34185985015425296,0.5714285714285714,0.5306122448979592,0.4489795918367347,0.5,0.8
WR,Jordan Hudson,SMU,4,22.1,1804.0,221.0,146.0,21.0,934.0,1.931477516059957,0.6606334841628959,0.04072398190045249,4.072398190045249,0.4782608695652174,2.16,0.24394033561218148,0.2727272727272727,0.2548476454293629,2.1745152354570636,21.776865160848732,2025.0,0.24394033561218148,21.776865160848732,21.776865160848732,0.5204081632653061,0.4897959183673469,0.6530612244897959,0.54,0.24,0.24390243902439024,0.47398208063713293,ACC,0.95,1.8349036402569592,2.052,0.2317433188315724,0.24210526315789474,2.06578947368421,0.2317433188315724,0.5408163265306123,0.4897959183673469,0.6326530612244898,0.48,0.22
WR,Jeff Caldwell,Cincinnati,5,24.8,478.0,58.0,32.0,6.0,221.0,2.16289592760181,0.5517241379310345,0.05172413793103448,5.172413793103448,0.38461538461538464,2.16,0.1769714920399852,0.2222222222222222,0.2,1.6482758620689655,24.49281314168378,2025.0,0.1769714920399852,24.49281314168378,,0.5204081632653061,0.14285714285714285,0.32653061224489793,0.76,0.1,,,BIG12,0.95,2.0547511312217193,2.052,0.16812291743798594,0.19,1.5658620689655172,0.16812291743798594,0.5408163265306123,0.16326530612244897,0.30612244897959184,0.74,0.1
WR,De'Zhaun Stribling,Mississippi,5,23.1,2963.0,345.0,216.0,23.0,1762.0,1.6816118047673099,0.6260869565217392,0.02608695652173913,2.608695652173913,0.45714285714285713,2.15,0.18187934514465126,0.23076923076923078,0.1670428893905192,1.8306997742663658,22.704996577686515,2024.0,0.3064628214037526,21.7056810403833,19.704312114989733,0.47959183673469385,0.1836734693877551,0.16326530612244897,0.34,0.62,0.8536585365853658,0.44548830263812844,SEC,1.0,1.6816118047673099,2.15,0.18187934514465126,0.1670428893905192,1.8306997742663658,0.3064628214037526,0.5918367346938775,0.20408163265306123,0.1836734693877551,0.38,0.66
WR,Kris Hutson,Arizona,6,23.9,2381.0,296.0,194.0,8.0,1453.0,1.6386785960082588,0.6554054054054054,0.04054054054054054,4.054054054054054,0.5116279069767442,2.15,0.25049180327868853,0.14814814814814814,0.2473404255319149,2.0319148936170213,23.54277891854894,2025.0,0.25049180327868853,23.54277891854894,22.543463381245722,0.47959183673469385,0.5714285714285714,0.5918367346938775,0.32,0.3,0.14634146341463414,0.44410353409656544,BIG12,0.95,1.556744666207846,2.0425,0.23796721311475408,0.23497340425531915,1.9303191489361702,0.23796721311475408,0.5102040816326531,0.5510204081632653,0.5510204081632653,0.3,0.26
WR,Lewis Bond,Boston College,5,,2386.0,289.0,213.0,11.0,1251.0,1.9072741806554756,0.7370242214532872,0.03460207612456748,3.4602076124567476,0.6857142857142857,2.09,0.32664473684210527,0.0625,0.3024523160762943,2.7057220708446867,,2025.0,0.32664473684210527,,,0.4489795918367347,0.8367346938775511,0.8571428571428571,0.48,0.68,,,ACC,0.95,1.8119104716227017,1.9854999999999998,0.3103125,0.28732970027247956,2.570435967302452,0.3103125,0.4489795918367347,0.8367346938775511,0.8367346938775511,0.44,0.68
WR,Eric Rivers,Georgia Tech,5,23.3,2158.0,208.0,138.0,16.0,900.0,2.397777777777778,0.6634615384615384,0.057692307692307696,5.769230769230769,0.37037037037037035,2.07,0.21633333333333332,0.125,0.2222222222222222,2.185185185185185,22.95687885010267,2024.0,0.4477726574500768,21.95756331279945,21.95756331279945,0.42857142857142855,0.3877551020408163,0.3877551020408163,0.88,0.98,0.21951219512195122,0.4854614235938278,ACC,0.95,2.2778888888888886,1.9664999999999997,0.20551666666666665,0.21111111111111108,2.075925925925926,0.42538402457757296,0.42857142857142855,0.3673469387755102,0.3673469387755102,0.9,0.98
WR,Keelan Marion,Miami,7,,1872.0,239.0,134.0,9.0,1249.0,1.498799039231385,0.5606694560669456,0.0502092050209205,5.02092050209205,0.3541666666666667,1.96,0.20249728555917482,0.07692307692307693,0.19437939110070257,1.7470725995316159,,2021.0,0.28744693753790174,,,0.40816326530612246,0.30612244897959184,0.2857142857142857,0.2,0.5,,,ACC,0.95,1.4238590872698158,1.8619999999999999,0.19237242128121607,0.18466042154566742,1.659718969555035,0.27307459066100664,0.40816326530612246,0.2857142857142857,0.2857142857142857,0.2,0.48
WR,CJ Williams,Stanford,4,23.2,1179.0,163.0,94.0,8.0,888.0,1.3277027027027026,0.5766871165644172,0.05521472392638037,5.521472392638037,0.5365853658536586,1.86,0.29983987189751804,0.42857142857142855,0.2796352583586626,2.276595744680851,22.858316221765914,2025.0,0.29983987189751804,22.858316221765914,22.858316221765914,0.3877551020408163,0.7959183673469388,0.7346938775510204,0.08,0.6,0.07317073170731707,0.47748033847685417,ACC,0.95,1.2613175675675674,1.767,0.28484787830264213,0.26565349544072947,2.1627659574468083,0.28484787830264213,0.3469387755102041,0.7755102040816326,0.7346938775510204,0.06,0.56
WR,Kendrick Law,Kentucky,4,22.9,883.0,107.0,86.0,4.0,603.0,1.4643449419568824,0.8037383177570093,0.028037383177570093,2.803738317757009,0.3333333333333333,1.84,0.2451202905129369,0.21428571428571427,0.21694915254237288,1.8305084745762712,22.595482546201232,2025.0,0.2451202905129369,22.595482546201232,22.595482546201232,0.3673469387755102,0.5306122448979592,0.3673469387755102,0.16,0.26,0.12195121951219512,0.39374614235938277,SEC,1.0,1.4643449419568824,1.84,0.2451202905129369,0.21694915254237288,1.8305084745762712,0.2451202905129369,0.3877551020408163,0.6122448979591837,0.3877551020408163,0.22,0.32
WR,Barion Brown,LSU,4,22.1,2063.0,296.0,176.0,12.0,1078.0,1.9137291280148423,0.5945945945945946,0.07094594594594594,7.094594594594595,0.3673469387755102,1.77,0.1937363437727604,0.05,0.22802197802197802,1.4615384615384615,21.72210814510609,2022.0,0.2499000399840064,18.72142368240931,18.72142368240931,0.336734693877551,0.22448979591836735,0.40816326530612246,0.5,0.28,0.9512195121951219,0.4513260328521652,SEC,1.0,1.9137291280148423,1.77,0.1937363437727604,0.22802197802197802,1.4615384615384615,0.2499000399840064,0.3673469387755102,0.30612244897959184,0.4897959183673469,0.62,0.34
WR,Caleb Douglas,Texas Tech,4,22.3,2041.0,224.0,134.0,16.0,1143.0,1.7856517935258094,0.5982142857142857,0.05357142857142857,5.357142857142857,0.3695652173913043,1.77,0.25761266747868455,0.2413793103448276,0.24603174603174602,2.238095238095238,21.97946611909651,2025.0,0.25761266747868455,21.97946611909651,20.980150581793293,0.336734693877551,0.6530612244897959,0.5714285714285714,0.4,0.38,0.4634146341463415,0.43572921851667495,BIG12,0.95,1.6963692038495188,1.6815,0.2447320341047503,0.2337301587301587,2.126190476190476,0.2447320341047503,0.30612244897959184,0.5918367346938775,0.5306122448979592,0.4,0.3
WR,CJ Daniels,Miami,6,24.0,2101.0,205.0,147.0,17.0,955.0,2.2,0.7170731707317073,0.03902439024390244,3.902439024390244,0.7575757575757576,1.73,0.15119435396308362,0.2692307692307692,0.15690866510538642,1.3044496487119437,23.65776865160849,2023.0,0.4233983286908078,21.65639972621492,21.65639972621492,0.30612244897959184,0.12244897959183673,0.12244897959183673,0.78,0.94,0.3170731707317073,0.3383603782976605,ACC,0.95,2.09,1.6435,0.14363463626492942,0.1490632318501171,1.2392271662763465,0.4022284122562674,0.2857142857142857,0.10204081632653061,0.14285714285714285,0.8,0.94
WR,Germie Bernard,Alabama,4,22.1,2214.0,232.0,156.0,13.0,1167.0,1.8971722365038561,0.6724137931034483,0.017241379310344827,1.7241379310344827,0.3870967741935484,1.7,0.25182588372772424,0.23333333333333334,0.25,2.1127450980392157,21.749486652977414,2024.0,0.2845878136200717,20.750171115674195,20.750171115674195,0.2755102040816326,0.5918367346938775,0.6326530612244898,0.46,0.48,0.4878048780487805,0.5179233449477352,SEC,1.0,1.8971722365038561,1.7,0.25182588372772424,0.25,2.1127450980392157,0.2845878136200717,0.32653061224489793,0.6326530612244898,0.673469387755102,0.58,0.54
WR,Josh Cameron,Baylor,5,22.8,2230.0,261.0,170.0,19.0,1404.0,1.5883190883190883,0.6513409961685823,0.02681992337164751,2.681992337164751,0.4642857142857143,1.7,0.2519503033805259,0.3103448275862069,0.23394495412844038,2.0,22.458590006844627,2025.0,0.2519503033805259,22.458590006844627,21.45927446954141,0.2755102040816326,0.6122448979591837,0.42857142857142855,0.28,0.34,0.34146341463414637,0.3698198108511698,BIG12,0.95,1.5089031339031338,1.615,0.23935278821149958,0.22224770642201835,1.9,0.23935278821149958,0.2653061224489796,0.5714285714285714,0.40816326530612246,0.24,0.28
WR,Caullin Lacy,Louisville,6,24.0,3327.0,384.0,287.0,16.0,1736.0,1.9164746543778801,0.7473958333333334,0.041666666666666664,4.166666666666666,0.4318181818181818,1.64,0.24172059383326988,0.11764705882352941,0.23699421965317918,1.8352601156069364,23.693360711841205,2023.0,0.4306930693069307,21.691991786447637,20.692676249144423,0.23469387755102042,0.46938775510204084,0.46938775510204084,0.52,0.96,0.5365853658536586,0.4415769039323046,ACC,0.95,1.8206509216589861,1.5579999999999998,0.22963456414160638,0.22514450867052022,1.7434971098265895,0.40915841584158413,0.21428571428571427,0.46938775510204084,0.42857142857142855,0.46,0.96
WR,Romello Brinson,SMU,5,,1397.0,160.0,98.0,6.0,934.0,1.4957173447537473,0.6125,0.08125,8.125,0.42857142857142855,1.64,0.19763828464885022,0.13636363636363635,0.18282548476454294,1.7617728531855956,,2025.0,0.19763828464885022,,,0.23469387755102042,0.2653061224489796,0.24489795918367346,0.18,0.12,,,ACC,0.95,1.42093147751606,1.5579999999999998,0.1877563704164077,0.17368421052631577,1.6736842105263157,0.1877563704164077,0.21428571428571427,0.24489795918367346,0.22448979591836735,0.18,0.14
WR,Donaven McCulley,Michigan,5,23.0,1422.0,187.0,105.0,11.0,912.0,1.5592105263157894,0.5614973262032086,0.03208556149732621,3.2085561497326207,0.5238095238095238,1.58,0.25925925925925924,0.2727272727272727,0.2636986301369863,2.0136986301369864,22.628336755646817,2023.0,0.2982862436313108,20.62696783025325,20.62696783025325,0.20408163265306123,0.673469387755102,0.6938775510204082,0.26,0.56,0.6097560975609756,0.49795520159283224,BIGTEN,0.99,1.5436184210526314,1.5642,0.25666666666666665,0.2610616438356164,1.9935616438356165,0.29530338119499766,0.24489795918367346,0.673469387755102,0.7142857142857143,0.28,0.6
WR,Zavion Thomas,LSU,4,21.3,1217.0,161.0,106.0,7.0,802.0,1.5174563591022443,0.6583850931677019,0.031055900621118012,3.1055900621118013,0.4,1.5,0.17953386744355426,0.2,0.16483516483516483,1.3543956043956045,20.9637234770705,2023.0,0.2656084656084656,18.962354551676935,18.962354551676935,0.17346938775510204,0.16326530612244897,0.14285714285714285,0.22,0.44,0.9024390243902439,0.2877541065206571,SEC,1.0,1.5174563591022443,1.5,0.17953386744355426,0.16483516483516483,1.3543956043956045,0.2656084656084656,0.1836734693877551,0.1836734693877551,0.16326530612244897,0.26,0.46
WR,Reggie Virgil,Texas Tech,4,21.6,1583.0,183.0,100.0,16.0,908.0,1.7433920704845816,0.546448087431694,0.04918032786885246,4.918032786885246,0.475,1.5,0.21467722289890379,0.20689655172413793,0.24338624338624337,1.8650793650793651,21.300479123887747,2024.0,0.29416005767844267,20.301163586584533,20.301163586584533,0.17346938775510204,0.3469387755102041,0.5510204081632653,0.36,0.54,0.6585365853658537,0.3538536585365854,BIG12,0.95,1.6562224669603525,1.4249999999999998,0.20394336175395858,0.23121693121693118,1.7718253968253967,0.2794520547945205,0.12244897959183673,0.3469387755102041,0.5102040816326531,0.36,0.52
WR,Kaden Wetjen,Iowa,6,23.8,204.0,35.0,25.0,1.0,153.0,1.3333333333333333,0.7142857142857143,0.02857142857142857,2.857142857142857,0.0,1.46,0.09593199757134184,0.09090909090909091,0.1382488479262673,0.728110599078341,23.482546201232033,2025.0,0.09593199757134184,23.482546201232033,,0.1326530612244898,0.04081632653061224,0.10204081632653061,0.1,0.02,,,BIGTEN,0.99,1.3199999999999998,1.4454,0.09497267759562843,0.13686635944700462,0.7208294930875575,0.09497267759562843,0.14285714285714285,0.04081632653061224,0.10204081632653061,0.12,0.02
WR,Nick DeGennaro,JMU,6,25.0,542.0,53.0,31.0,5.0,351.0,1.5441595441595442,0.5849056603773585,0.018867924528301886,1.8867924528301887,0.3333333333333333,1.46,0.2000800320128051,0.20833333333333334,0.17132867132867133,1.7482517482517483,24.673511293634498,2025.0,0.2000800320128051,24.673511293634498,24.673511293634498,0.1326530612244898,0.2857142857142857,0.20408163265306123,0.24,0.14,0.024390243902439025,0.09288800398208064,SUN,0.84,1.297094017094017,1.2264,0.1680672268907563,0.1439160839160839,1.4685314685314685,0.1680672268907563,0.061224489795918366,0.14285714285714285,0.12244897959183673,0.1,0.08
WR,Deion Burks,Oklahoma,5,23.0,1659.0,254.0,152.0,14.0,1225.0,1.3542857142857143,0.5984251968503937,0.05905511811023622,5.905511811023622,0.3684210526315789,1.45,0.21641529287969133,0.25,0.2395543175487465,1.7186629526462396,22.647501711156742,2023.0,0.2895948434622468,20.646132785763175,20.646132785763175,0.10204081632653061,0.40816326530612246,0.5306122448979592,0.12,0.52,0.5609756097560976,0.3760567446490791,SEC,1.0,1.3542857142857143,1.45,0.21641529287969133,0.2395543175487465,1.7186629526462396,0.2895948434622468,0.16326530612244897,0.42857142857142855,0.6122448979591837,0.14,0.58
WR,Dane Key,Nebraska,4,22.5,2317.0,279.0,165.0,19.0,1300.0,1.7823076923076924,0.5913978494623656,0.043010752688172046,4.301075268817205,0.5362318840579711,1.34,0.2025997310623039,0.25,0.2379182156133829,1.6802973977695168,22.171115674195757,2024.0,0.3529121421520237,21.17180013689254,19.170431211498972,0.08163265306122448,0.32653061224489793,0.4897959183673469,0.38,0.76,0.8780487804878049,0.4097640617222499,BIGTEN,0.99,1.7644846153846154,1.3266,0.20057373375168086,0.23553903345724905,1.6634944237918217,0.3493830207305035,0.10204081632653061,0.32653061224489793,0.5714285714285714,0.42,0.82
WR,J Michael Sturdivant,Florida,5,23.3,2078.0,264.0,150.0,16.0,1488.0,1.396505376344086,0.5681818181818182,0.07196969696969698,7.196969696969697,0.5,1.32,0.18784277879341865,0.1875,0.16778523489932887,1.3791946308724832,22.986995208761122,2022.0,0.26463371889239395,19.98631074606434,19.98631074606434,0.061224489795918366,0.20408163265306123,0.1836734693877551,0.14,0.42,0.8048780487804879,0.26191637630662024,SEC,1.0,1.396505376344086,1.32,0.18784277879341865,0.16778523489932887,1.3791946308724832,0.26463371889239395,0.08163265306122448,0.2653061224489796,0.20408163265306123,0.16,0.44
WR,Noah Thomas,Georgia,6,22.0,1238.0,143.0,89.0,19.0,970.0,1.2762886597938143,0.6223776223776224,0.03496503496503497,3.4965034965034967,0.5555555555555556,1.13,0.09386548410938655,0.18181818181818182,0.08360128617363344,0.8167202572347267,21.634496919917865,2024.0,0.2351495288816059,20.635181382614647,20.635181382614647,0.04081632653061224,0.02040816326530612,0.02040816326530612,0.06,0.2,0.5853658536585366,0.11094474863115977,SEC,1.0,1.2762886597938143,1.13,0.09386548410938655,0.08360128617363344,0.8167202572347267,0.2351495288816059,0.04081632653061224,0.02040816326530612,0.02040816326530612,0.08,0.24
WR,Dillon Bell,Georgia,4,22.2,1282.0,185.0,120.0,11.0,1058.0,1.2117202268431002,0.6486486486486487,0.07027027027027027,7.027027027027027,0.5111111111111111,1.06,0.10310421286031042,0.09090909090909091,0.12861736334405144,0.8971061093247589,21.82067077344285,2024.0,0.14250764525993884,20.82135523613963,,0.02040816326530612,0.061224489795918366,0.061224489795918366,0.04,0.06,,,SEC,1.0,1.2117202268431002,1.06,0.10310421286031042,0.12861736334405144,0.8971061093247589,0.14250764525993884,0.02040816326530612,0.061224489795918366,0.061224489795918366,0.04,0.06
WR,Chris Brazzell,Tennessee,4,22.2,,,,,,,,,,,,,,,,,,,,,,,,,,,,SEC,1.0,,,,,,,,,,,
WR,Kevin Coleman,Missouri,4,22.3,,,,,,,,,,,,,,,,,,,,,,,,,,,,SEC,1.0,,,,,,,,,,,
WR,Vinny Anthony,Wisconsin,4,22.5,,,,,,,,,,,,,,,,,,,,,,,,,,,,BIGTEN,0.99,,,,,,,,,,,
WR,Harrison Wallace,Mississippi,5,22.7,,,,,,,,,,,,,,,,,,,,,,,,,,,,SEC,1.0,,,,,,,,,,,
WR,Emmanuel Henderson,Kansas,4,23.0,,,,,,,,,,,,,,,,,,,,,,,,,,,,BIG12,0.95,,,,,,,,,,,
WR,Jalen Walthall,Incarnate Word,5,23.2,458.0,73.0,37.0,2.0,390.0,1.1743589743589744,0.5068493150684932,0.0821917808219178,8.21917808219178,0.5333333333333333,,,,,,,2022.0,0.14074387151310228,19.88227241615332,,,,,0.02,0.04,,,FCS,0.74,0.8690256410256411,,,,,0.10415046491969568,,,,0.02,0.04
WR,Chris Hilton,LSU,5,23.2,,,,,,,,,,,,,,,,,,,,,,,,,,,,SEC,1.0,,,,,,,,,,,
WR,Michael Wortham,Montana,5,23.5,,,,,,,,,,,,,,,,,,,,,,,,,,,,FCS,0.74,,,,,,,,,,,
WR,Bryce Lance,North Dakota State,5,24.3,,,,,,,,,,,,,,,,,,,,,,,,,,,,FCS,0.74,,,,,,,,,,,
WR,Tyren Montgomery,John Carroll,7,24.5,,,,,,,,,,,,,,,,,,,,,,,,,,,,OTHER,0.78,,,,,,,,,,,
