source_row_number,player,position,market,reason,value
2,Jahmyr Gibbs,rb,player_pass_yds,not_applicable,0.0
3,Bijan Robinson,rb,player_pass_yds,not_applicable,0.0
4,Christian McCaffrey,rb,player_pass_yds,not_applicable,0.0
5,Jonathan Taylor,rb,player_pass_yds,not_applicable,0.0
6,De'Von Achane,rb,player_pass_yds,not_applicable,0.0
7,Ashton Jeanty,rb,player_pass_yds,not_applicable,0.0
8,James Cook,rb,player_pass_yds,not_applicable,0.0
9,Puka Nacua,wr,player_pass_yds,not_applicable,0.0
10,Ja'Marr Chase,wr,player_pass_yds,not_applicable,0.0
11,Saquon Barkley,rb,player_pass_yds,not_applicable,0.0
12,Josh Jacobs,rb,player_pass_yds,not_applicable,0.0
13,Chase Brown,rb,player_pass_yds,not_applicable,0.0
14,Kenneth Walker III,rb,player_pass_yds,not_applicable,0.0
15,Jaxon Smith-Njigba,wr,player_pass_yds,not_applicable,0.0
16,Omarion Hampton,rb,player_pass_yds,not_applicable,0.0
17,Derrick Henry,rb,player_pass_yds,not_applicable,0.0
18,Jeremiyah Love,rb,player_pass_yds,not_applicable,0.0
19,Breece Hall,rb,player_pass_yds,not_applicable,0.0
20,Javonte Williams,rb,player_pass_yds,not_applicable,0.0
21,Kyren Williams,rb,player_pass_yds,not_applicable,0.0
22,Amon-Ra St. Brown,wr,player_pass_yds,not_applicable,0.0
23,Bucky Irving,rb,player_pass_yds,not_applicable,0.0
24,Justin Jefferson,wr,player_pass_yds,not_applicable,0.0
24,Justin Jefferson,wr,player_rush_yds,not_applicable,0.0
25,Drake London,wr,player_pass_yds,not_applicable,0.0
25,Drake London,wr,player_rush_yds,not_applicable,0.0
26,CeeDee Lamb,wr,player_pass_yds,not_applicable,0.0
27,Travis Etienne Jr.,rb,player_pass_yds,not_applicable,0.0
28,Rashee Rice,wr,player_pass_yds,not_applicable,0.0
29,Jadarian Price,rb,player_pass_yds,not_applicable,0.0
30,Cam Skattebo,rb,player_pass_yds,not_applicable,0.0
31,Quinshon Judkins,rb,player_pass_yds,not_applicable,0.0
32,D'Andre Swift,rb,player_pass_yds,not_applicable,0.0
33,A.J. Brown,wr,player_pass_yds,not_applicable,0.0
33,A.J. Brown,wr,player_rush_yds,not_applicable,0.0
34,Nico Collins,wr,player_pass_yds,not_applicable,0.0
35,Trey McBride,te,player_pass_yds,not_applicable,0.0
35,Trey McBride,te,player_rush_yds,not_applicable,0.0
36,TreVeyon Henderson,rb,player_pass_yds,not_applicable,0.0
37,David Montgomery,rb,player_pass_yds,not_applicable,0.0
38,Malik Nabers,wr,player_pass_yds,not_applicable,0.0
39,Chris Olave,wr,player_pass_yds,not_applicable,0.0
39,Chris Olave,wr,player_rush_yds,not_applicable,0.0
40,Tony Pollard,rb,player_pass_yds,not_applicable,0.0
41,Bhayshul Tuten,rb,player_pass_yds,not_applicable,0.0
42,George Pickens,wr,player_pass_yds,not_applicable,0.0
42,George Pickens,wr,player_rush_yds,not_applicable,0.0
43,DeVonta Smith,wr,player_pass_yds,not_applicable,0.0
43,DeVonta Smith,wr,player_rush_yds,not_applicable,0.0
44,Rhamondre Stevenson,rb,player_pass_yds,not_applicable,0.0
45,Brock Bowers,te,player_pass_yds,not_applicable,0.0
46,Chuba Hubbard,rb,player_pass_yds,not_applicable,0.0
47,Zay Flowers,wr,player_pass_yds,not_applicable,0.0
48,Tetairoa McMillan,wr,player_pass_yds,not_applicable,0.0
48,Tetairoa McMillan,wr,player_rush_yds,not_applicable,0.0
49,Tee Higgins,wr,player_pass_yds,not_applicable,0.0
49,Tee Higgins,wr,player_rush_yds,not_applicable,0.0
50,Jaylen Warren,rb,player_pass_yds,not_applicable,0.0
51,Davante Adams,wr,player_pass_yds,not_applicable,0.0
51,Davante Adams,wr,player_rush_yds,not_applicable,0.0
52,Garrett Wilson,wr,player_pass_yds,not_applicable,0.0
52,Garrett Wilson,wr,player_rush_yds,not_applicable,0.0
53,Rico Dowdle,rb,player_pass_yds,not_applicable,0.0
54,Jake Tonges,te,player_pass_yds,not_applicable,0.0
54,Jake Tonges,te,player_rush_yds,not_applicable,0.0
55,Emeka Egbuka,wr,player_pass_yds,not_applicable,0.0
56,RJ Harvey,rb,player_pass_yds,not_applicable,0.0
57,Tucker Kraft,te,player_pass_yds,not_applicable,0.0
58,Tyler Warren,te,player_pass_yds,not_applicable,0.0
59,Jaylen Waddle,wr,player_pass_yds,not_applicable,0.0
59,Jaylen Waddle,wr,player_rush_yds,not_applicable,0.0
60,Ladd McConkey,wr,player_pass_yds,not_applicable,0.0
60,Ladd McConkey,wr,player_rush_yds,not_applicable,0.0
61,Mike Evans,wr,player_pass_yds,not_applicable,0.0
61,Mike Evans,wr,player_rush_yds,not_applicable,0.0
62,Terry McLaurin,wr,player_pass_yds,not_applicable,0.0
62,Terry McLaurin,wr,player_rush_yds,not_applicable,0.0
63,Colston Loveland,te,player_pass_yds,not_applicable,0.0
64,DJ Moore,wr,player_pass_yds,not_applicable,0.0
65,Alec Pierce,wr,player_pass_yds,not_applicable,0.0
65,Alec Pierce,wr,player_rush_yds,not_applicable,0.0
66,Sam LaPorta,te,player_pass_yds,not_applicable,0.0
66,Sam LaPorta,te,player_rush_yds,not_applicable,0.0
67,Joe Burrow,qb,player_reception_yds,not_applicable,0.0
67,Joe Burrow,qb,player_receptions,not_applicable,0.0
68,Josh Allen,qb,player_reception_yds,not_applicable,0.0
68,Josh Allen,qb,player_receptions,not_applicable,0.0
69,Christian Watson,wr,player_pass_yds,not_applicable,0.0
70,Jameson Williams,wr,player_pass_yds,not_applicable,0.0
71,Kyle Pitts,te,player_pass_yds,not_applicable,0.0
71,Kyle Pitts,te,player_rush_yds,not_applicable,0.0
72,Luther Burden III,wr,player_pass_yds,not_applicable,0.0
73,Harold Fannin Jr.,te,player_pass_yds,not_applicable,0.0
74,Lamar Jackson,qb,player_reception_yds,not_applicable,0.0
74,Lamar Jackson,qb,player_receptions,not_applicable,0.0
75,Jordan Mason,rb,player_pass_yds,not_applicable,0.0
76,Jalen Hurts,qb,player_reception_yds,not_applicable,0.0
76,Jalen Hurts,qb,player_receptions,not_applicable,0.0
77,Rome Odunze,wr,player_pass_yds,not_applicable,0.0
77,Rome Odunze,wr,player_rush_yds,not_applicable,0.0
78,Carnell Tate,wr,player_pass_yds,not_applicable,0.0
78,Carnell Tate,wr,player_rush_yds,not_applicable,0.0
79,Jayden Daniels,qb,player_reception_yds,not_applicable,0.0
79,Jayden Daniels,qb,player_receptions,not_applicable,0.0
80,Brock Purdy,qb,player_reception_yds,not_applicable,0.0
80,Brock Purdy,qb,player_receptions,not_applicable,0.0
81,Travis Kelce,te,player_pass_yds,not_applicable,0.0
82,Jonathon Brooks,rb,player_pass_yds,not_applicable,0.0
83,Kenneth Gainwell,rb,player_pass_yds,not_applicable,0.0
84,Blake Corum,rb,player_pass_yds,not_applicable,0.0
85,Drake Maye,qb,player_reception_yds,not_applicable,0.0
85,Drake Maye,qb,player_receptions,not_applicable,0.0
86,Aaron Jones,rb,player_pass_yds,not_applicable,0.0
87,Kyle Monangai,rb,player_pass_yds,not_applicable,0.0
88,Courtland Sutton,wr,player_pass_yds,not_applicable,0.0
88,Courtland Sutton,wr,player_rush_yds,not_applicable,0.0
89,Rachaad White,rb,player_pass_yds,not_applicable,0.0
90,Patrick Mahomes,qb,player_reception_yds,not_applicable,0.0
90,Patrick Mahomes,qb,player_receptions,not_applicable,0.0
91,D.K. Metcalf,wr,player_pass_yds,not_applicable,0.0
92,Mark Andrews,te,player_pass_yds,not_applicable,0.0
93,J.K. Dobbins,rb,player_pass_yds,not_applicable,0.0
94,Dalton Kincaid,te,player_pass_yds,not_applicable,0.0
94,Dalton Kincaid,te,player_rush_yds,not_applicable,0.0
95,Makai Lemon,wr,player_pass_yds,not_applicable,0.0
95,Makai Lemon,wr,player_rush_yds,not_applicable,0.0
96,Jake Ferguson,te,player_pass_yds,not_applicable,0.0
96,Jake Ferguson,te,player_rush_yds,not_applicable,0.0
97,Chris Godwin,wr,player_pass_yds,not_applicable,0.0
97,Chris Godwin,wr,player_rush_yds,not_applicable,0.0
98,Isaiah Likely,te,player_pass_yds,not_applicable,0.0
98,Isaiah Likely,te,player_rush_yds,not_applicable,0.0
99,Dak Prescott,qb,player_reception_yds,not_applicable,0.0
99,Dak Prescott,qb,player_receptions,not_applicable,0.0
100,Jaxson Dart,qb,player_reception_yds,not_applicable,0.0
100,Jaxson Dart,qb,player_receptions,not_applicable,0.0
101,Matthew Stafford,qb,player_reception_yds,not_applicable,0.0
101,Matthew Stafford,qb,player_receptions,not_applicable,0.0
102,Jordyn Tyson,wr,player_pass_yds,not_applicable,0.0
102,Jordyn Tyson,wr,player_rush_yds,not_applicable,0.0
103,Michael Wilson,wr,player_pass_yds,not_applicable,0.0
103,Michael Wilson,wr,player_rush_yds,not_applicable,0.0
104,Baker Mayfield,qb,player_reception_yds,not_applicable,0.0
104,Baker Mayfield,qb,player_receptions,not_applicable,0.0
105,Bo Nix,qb,player_reception_yds,not_applicable,0.0
105,Bo Nix,qb,player_receptions,not_applicable,0.0
106,Marvin Harrison Jr.,wr,player_pass_yds,not_applicable,0.0
106,Marvin Harrison Jr.,wr,player_rush_yds,not_applicable,0.0
107,Chris Rodriguez Jr.,rb,player_pass_yds,not_applicable,0.0
108,Michael Pittman Jr.,wr,player_pass_yds,not_applicable,0.0
108,Michael Pittman Jr.,wr,player_rush_yds,not_applicable,0.0
109,Dallas Goedert,te,player_pass_yds,not_applicable,0.0
109,Dallas Goedert,te,player_rush_yds,not_applicable,0.0
110,Josh Downs,wr,player_pass_yds,not_applicable,0.0
111,Keaton Mitchell,rb,player_pass_yds,not_applicable,0.0
112,KC Concepcion,wr,player_pass_yds,not_applicable,0.0
113,Kyler Murray,qb,player_reception_yds,not_applicable,0.0
113,Kyler Murray,qb,player_receptions,not_applicable,0.0
114,Jordan Love,qb,player_reception_yds,not_applicable,0.0
114,Jordan Love,qb,player_receptions,not_applicable,0.0
115,Jakobi Meyers,wr,player_pass_yds,not_applicable,0.0
116,Wan'Dale Robinson,wr,player_pass_yds,not_applicable,0.0
117,Parker Washington,wr,player_pass_yds,not_applicable,0.0
118,Jalen Coker,wr,player_pass_yds,not_applicable,0.0
118,Jalen Coker,wr,player_rush_yds,not_applicable,0.0
119,Brian Thomas Jr.,wr,player_pass_yds,not_applicable,0.0
120,Romeo Doubs,wr,player_pass_yds,not_applicable,0.0
120,Romeo Doubs,wr,player_rush_yds,not_applicable,0.0
121,Deebo Samuel,wr,player_pass_yds,not_applicable,0.0
122,Jayden Reed,wr,player_pass_yds,not_applicable,0.0
123,Juwan Johnson,te,player_pass_yds,not_applicable,0.0
123,Juwan Johnson,te,player_rush_yds,not_applicable,0.0
124,Aaron Rodgers,qb,player_reception_yds,not_applicable,0.0
124,Aaron Rodgers,qb,player_receptions,not_applicable,0.0
125,Jared Goff,qb,player_reception_yds,not_applicable,0.0
125,Jared Goff,qb,player_receptions,not_applicable,0.0
126,Justin Herbert,qb,player_reception_yds,not_applicable,0.0
126,Justin Herbert,qb,player_receptions,not_applicable,0.0
127,Khalil Shakir,wr,player_pass_yds,not_applicable,0.0
127,Khalil Shakir,wr,player_rush_yds,not_applicable,0.0
128,Quentin Johnston,wr,player_pass_yds,not_applicable,0.0
129,Matthew Golden,wr,player_pass_yds,not_applicable,0.0
130,Hunter Henry,te,player_pass_yds,not_applicable,0.0
130,Hunter Henry,te,player_rush_yds,not_applicable,0.0
131,Oronde Gadsden II,te,player_pass_yds,not_applicable,0.0
131,Oronde Gadsden II,te,player_rush_yds,not_applicable,0.0
132,Tyrone Tracy,rb,player_pass_yds,not_applicable,0.0
133,Dylan Sampson,rb,player_pass_yds,not_applicable,0.0
134,Xavier Worthy,wr,player_pass_yds,not_applicable,0.0
135,Isiah Pacheco,rb,player_pass_yds,not_applicable,0.0
136,Jacory Croskey-Merritt,rb,player_pass_yds,not_applicable,0.0
137,Emanuel Wilson,rb,player_pass_yds,not_applicable,0.0
138,Trevor Lawrence,qb,player_reception_yds,not_applicable,0.0
138,Trevor Lawrence,qb,player_receptions,not_applicable,0.0
139,Tyler Shough,qb,player_reception_yds,not_applicable,0.0
139,Tyler Shough,qb,player_receptions,not_applicable,0.0
140,Omar Cooper Jr.,wr,player_pass_yds,not_applicable,0.0
141,Tyjae Spears,rb,player_pass_yds,not_applicable,0.0
142,Woody Marks,rb,player_pass_yds,not_applicable,0.0
143,Justice Hill,rb,player_pass_yds,not_applicable,0.0
144,Daniel Jones,qb,player_reception_yds,not_applicable,0.0
144,Daniel Jones,qb,player_receptions,not_applicable,0.0
145,Malik Willis,qb,player_reception_yds,not_applicable,0.0
145,Malik Willis,qb,player_receptions,not_applicable,0.0
146,Brenton Strange,te,player_pass_yds,not_applicable,0.0
146,Brenton Strange,te,player_rush_yds,not_applicable,0.0
147,Kenyon Sadiq,te,player_pass_yds,not_applicable,0.0
147,Kenyon Sadiq,te,player_rush_yds,not_applicable,0.0
148,C.J. Stroud,qb,player_reception_yds,not_applicable,0.0
148,C.J. Stroud,qb,player_receptions,not_applicable,0.0
149,Jalen Nailor,wr,player_pass_yds,not_applicable,0.0
149,Jalen Nailor,wr,player_rush_yds,not_applicable,0.0
150,Caleb Williams,qb,player_reception_yds,not_applicable,0.0
150,Caleb Williams,qb,player_receptions,not_applicable,0.0
151,Tre Tucker,wr,player_pass_yds,not_applicable,0.0
152,Chigoziem Okonkwo,te,player_pass_yds,not_applicable,0.0
152,Chigoziem Okonkwo,te,player_rush_yds,not_applicable,0.0
153,Alvin Kamara,rb,player_pass_yds,not_applicable,0.0
154,Brian Robinson,rb,player_pass_yds,not_applicable,0.0
155,Jacoby Brissett,qb,player_reception_yds,not_applicable,0.0
155,Jacoby Brissett,qb,player_receptions,not_applicable,0.0
156,Samaje Perine,rb,player_pass_yds,not_applicable,0.0
157,Dalton Schultz,te,player_pass_yds,not_applicable,0.0
157,Dalton Schultz,te,player_rush_yds,not_applicable,0.0
158,Jauan Jennings,wr,player_pass_yds,not_applicable,0.0
158,Jauan Jennings,wr,player_rush_yds,not_applicable,0.0
159,Denzel Boston,wr,player_pass_yds,not_applicable,0.0
159,Denzel Boston,wr,player_rush_yds,not_applicable,0.0
160,T.J. Hockenson,te,player_pass_yds,not_applicable,0.0
161,Greg Dulcich,te,player_pass_yds,not_applicable,0.0
161,Greg Dulcich,te,player_rush_yds,not_applicable,0.0
162,Geno Smith,qb,player_reception_yds,not_applicable,0.0
162,Geno Smith,qb,player_receptions,not_applicable,0.0
163,AJ Barner,te,player_pass_yds,not_applicable,0.0
164,Sam Darnold,qb,player_reception_yds,not_applicable,0.0
164,Sam Darnold,qb,player_receptions,not_applicable,0.0
165,Jayden Higgins,wr,player_pass_yds,not_applicable,0.0
165,Jayden Higgins,wr,player_rush_yds,not_applicable,0.0
166,Bryce Young,qb,player_reception_yds,not_applicable,0.0
166,Bryce Young,qb,player_receptions,not_applicable,0.0
167,Cooper Kupp,wr,player_pass_yds,not_applicable,0.0
167,Cooper Kupp,wr,player_rush_yds,not_applicable,0.0
168,Pat Freiermuth,te,player_pass_yds,not_applicable,0.0
168,Pat Freiermuth,te,player_rush_yds,not_applicable,0.0
169,Ty Johnson,rb,player_pass_yds,not_applicable,0.0
170,Tank Bigsby,rb,player_pass_yds,not_applicable,0.0
171,Rashid Shaheed,wr,player_pass_yds,not_applicable,0.0
172,Jordan Addison,wr,player_pass_yds,not_applicable,0.0
173,Evan Engram,te,player_pass_yds,not_applicable,0.0
174,Cade Otton,te,player_pass_yds,not_applicable,0.0
174,Cade Otton,te,player_rush_yds,not_applicable,0.0
175,Mike Gesicki,te,player_pass_yds,not_applicable,0.0
175,Mike Gesicki,te,player_rush_yds,not_applicable,0.0
176,Jerry Jeudy,wr,player_pass_yds,not_applicable,0.0
177,MarShawn Lloyd,rb,player_pass_yds,not_applicable,0.0
178,Gunnar Helm,te,player_pass_yds,not_applicable,0.0
178,Gunnar Helm,te,player_rush_yds,not_applicable,0.0
179,Braelon Allen,rb,player_pass_yds,not_applicable,0.0
180,Tank Dell,wr,player_pass_yds,not_applicable,0.0
181,Jalen McMillan,wr,player_pass_yds,not_applicable,0.0
182,Germie Bernard,wr,player_pass_yds,not_applicable,0.0
183,Mike Washington Jr.,rb,player_pass_yds,not_applicable,0.0
184,Jaylen Wright,rb,player_pass_yds,not_applicable,0.0
185,Chris Brooks,rb,player_pass_yds,not_applicable,0.0
186,Isaiah Davis,rb,player_pass_yds,not_applicable,0.0
187,Calvin Ridley,wr,player_pass_yds,not_applicable,0.0
188,Tyler Allgeier,rb,player_pass_yds,not_applicable,0.0
189,DJ Giddens,rb,player_pass_yds,not_applicable,0.0
190,Colby Parkinson,te,player_pass_yds,not_applicable,0.0
190,Colby Parkinson,te,player_rush_yds,not_applicable,0.0
191,Malik Davis,rb,player_pass_yds,not_applicable,0.0
192,Emari Demercado,rb,player_pass_yds,not_applicable,0.0
193,Michael Mayer,te,player_pass_yds,not_applicable,0.0
193,Michael Mayer,te,player_rush_yds,not_applicable,0.0
194,Ray Davis,rb,player_pass_yds,not_applicable,0.0
195,Ryan Flournoy,wr,player_pass_yds,not_applicable,0.0
196,Kimani Vidal,rb,player_pass_yds,not_applicable,0.0
197,Kaelon Black,rb,player_pass_yds,not_applicable,0.0
198,Jonah Coleman,rb,player_pass_yds,not_applicable,0.0
199,Zachariah Branch,wr,player_pass_yds,not_applicable,0.0
199,Zachariah Branch,wr,player_rush_yds,not_applicable,0.0
200,Malik Washington,wr,player_pass_yds,not_applicable,0.0
201,Xavier Legette,wr,player_pass_yds,not_applicable,0.0
202,Emmett Johnson,rb,player_pass_yds,not_applicable,0.0
203,Tyquan Thornton,wr,player_pass_yds,not_applicable,0.0
203,Tyquan Thornton,wr,player_rush_yds,not_applicable,0.0
204,De'Zhaun Stribling,wr,player_pass_yds,not_applicable,0.0
204,De'Zhaun Stribling,wr,player_rush_yds,not_applicable,0.0
205,Devin Singletary,rb,player_pass_yds,not_applicable,0.0
206,Cam Ward,qb,player_reception_yds,not_applicable,0.0
206,Cam Ward,qb,player_receptions,not_applicable,0.0
207,Tyler Badie,rb,player_pass_yds,not_applicable,0.0
208,Sean Tucker,rb,player_pass_yds,not_applicable,0.0
209,Trevor Etienne,rb,player_pass_yds,not_applicable,0.0
210,Ollie Gordon II,rb,player_pass_yds,not_applicable,0.0
211,Nicholas Singleton,rb,player_pass_yds,not_applicable,0.0
212,Kendrick Bourne,wr,player_pass_yds,not_applicable,0.0
212,Kendrick Bourne,wr,player_rush_yds,not_applicable,0.0
213,Adonai Mitchell,wr,player_pass_yds,not_applicable,0.0
214,Jack Bech,wr,player_pass_yds,not_applicable,0.0
214,Jack Bech,wr,player_rush_yds,not_applicable,0.0
215,George Holani,rb,player_pass_yds,not_applicable,0.0
216,Rashod Bateman,wr,player_pass_yds,not_applicable,0.0
216,Rashod Bateman,wr,player_rush_yds,not_applicable,0.0
217,Jordan James,rb,player_pass_yds,not_applicable,0.0
218,Antonio Williams,wr,player_pass_yds,not_applicable,0.0
219,Jaydon Blue,rb,player_pass_yds,not_applicable,0.0
220,Dawson Knox,te,player_pass_yds,not_applicable,0.0
220,Dawson Knox,te,player_rush_yds,not_applicable,0.0
221,Terrance Ferguson,te,player_pass_yds,not_applicable,0.0
221,Terrance Ferguson,te,player_rush_yds,not_applicable,0.0
222,Caleb Douglas,wr,player_pass_yds,not_applicable,0.0
222,Caleb Douglas,wr,player_rush_yds,not_applicable,0.0
223,Ja'Tavion Sanders,te,player_pass_yds,not_applicable,0.0
223,Ja'Tavion Sanders,te,player_rush_yds,not_applicable,0.0
224,Jawhar Jordan,rb,player_pass_yds,not_applicable,0.0
225,Andrei Iosivas,wr,player_pass_yds,not_applicable,0.0
226,Noah Gray,te,player_pass_yds,not_applicable,0.0
226,Noah Gray,te,player_rush_yds,not_applicable,0.0
227,Kyle Juszczyk,rb,player_pass_yds,not_applicable,0.0
228,Will Shipley,rb,player_pass_yds,not_applicable,0.0
229,Adam Randall,rb,player_pass_yds,not_applicable,0.0
230,Tre Harris,wr,player_pass_yds,not_applicable,0.0
231,Kayshon Boutte,wr,player_pass_yds,not_applicable,0.0
231,Kayshon Boutte,wr,player_rush_yds,not_applicable,0.0
232,Chris Bell,wr,player_pass_yds,not_applicable,0.0
232,Chris Bell,wr,player_rush_yds,not_applicable,0.0
233,Tahj Brooks,rb,player_pass_yds,not_applicable,0.0
234,Christian Kirk,wr,player_pass_yds,not_applicable,0.0
234,Christian Kirk,wr,player_rush_yds,not_applicable,0.0
235,Kaleb Johnson,rb,player_pass_yds,not_applicable,0.0
236,Jahan Dotson,wr,player_pass_yds,not_applicable,0.0
236,Jahan Dotson,wr,player_rush_yds,not_applicable,0.0
237,Pat Bryant,wr,player_pass_yds,not_applicable,0.0
237,Pat Bryant,wr,player_rush_yds,not_applicable,0.0
238,Ja'Kobi Lane,wr,player_pass_yds,not_applicable,0.0
238,Ja'Kobi Lane,wr,player_rush_yds,not_applicable,0.0
239,Tommy Tremble,te,player_pass_yds,not_applicable,0.0
239,Tommy Tremble,te,player_rush_yds,not_applicable,0.0
240,Theo Johnson,te,player_pass_yds,not_applicable,0.0
240,Theo Johnson,te,player_rush_yds,not_applicable,0.0
241,Jerome Ford,rb,player_pass_yds,not_applicable,0.0
242,Hunter Luepke,rb,player_pass_yds,not_applicable,0.0
243,LeQuint Allen,rb,player_pass_yds,not_applicable,0.0
244,Jalen Tolbert,wr,player_pass_yds,not_applicable,0.0
244,Jalen Tolbert,wr,player_rush_yds,not_applicable,0.0
245,Joshua Palmer,wr,player_pass_yds,not_applicable,0.0
245,Joshua Palmer,wr,player_rush_yds,not_applicable,0.0
246,Tyler Goodson,rb,player_pass_yds,not_applicable,0.0
247,Demond Claiborne,rb,player_pass_yds,not_applicable,0.0
248,Kaytron Allen,rb,player_pass_yds,not_applicable,0.0
249,Darnell Mooney,wr,player_pass_yds,not_applicable,0.0
249,Darnell Mooney,wr,player_rush_yds,not_applicable,0.0
250,Tutu Atwell,wr,player_pass_yds,not_applicable,0.0
250,Tutu Atwell,wr,player_rush_yds,not_applicable,0.0
251,Devaughn Vele,wr,player_pass_yds,not_applicable,0.0
251,Devaughn Vele,wr,player_rush_yds,not_applicable,0.0
252,Tua Tagovailoa,qb,player_reception_yds,not_applicable,0.0
252,Tua Tagovailoa,qb,player_receptions,not_applicable,0.0
253,Erick All,te,player_pass_yds,not_applicable,0.0
253,Erick All,te,player_rush_yds,not_applicable,0.0
254,Treylon Burks,wr,player_pass_yds,not_applicable,0.0
254,Treylon Burks,wr,player_rush_yds,not_applicable,0.0
255,Mason Taylor,te,player_pass_yds,not_applicable,0.0
255,Mason Taylor,te,player_rush_yds,not_applicable,0.0
256,James Conner,rb,player_pass_yds,not_applicable,0.0
257,Jeremy McNichols,rb,player_pass_yds,not_applicable,0.0
258,Darnell Washington,te,player_pass_yds,not_applicable,0.0
258,Darnell Washington,te,player_rush_yds,not_applicable,0.0
259,Elijah Arroyo,te,player_pass_yds,not_applicable,0.0
259,Elijah Arroyo,te,player_rush_yds,not_applicable,0.0
260,Olamide Zaccheaus,wr,player_pass_yds,not_applicable,0.0
260,Olamide Zaccheaus,wr,player_rush_yds,not_applicable,0.0
261,Dontayvion Wicks,wr,player_pass_yds,not_applicable,0.0
261,Dontayvion Wicks,wr,player_rush_yds,not_applicable,0.0
262,Seth McGowan,rb,player_pass_yds,not_applicable,0.0
263,Eli Heidenreich,rb,player_pass_yds,not_applicable,0.0
264,Ashton Dulin,wr,player_pass_yds,not_applicable,0.0
265,Devontez Walker,wr,player_pass_yds,not_applicable,0.0
265,Devontez Walker,wr,player_rush_yds,not_applicable,0.0
266,Ted Hurst,wr,player_pass_yds,not_applicable,0.0
266,Ted Hurst,wr,player_rush_yds,not_applicable,0.0
267,Dylan Laube,rb,player_pass_yds,not_applicable,0.0
268,Darius Slayton,wr,player_pass_yds,not_applicable,0.0
268,Darius Slayton,wr,player_rush_yds,not_applicable,0.0
269,Isaac TeSlaa,wr,player_pass_yds,not_applicable,0.0
269,Isaac TeSlaa,wr,player_rush_yds,not_applicable,0.0
270,David Njoku,te,player_pass_yds,not_applicable,0.0
270,David Njoku,te,player_rush_yds,not_applicable,0.0
271,Sione Vaki,rb,player_pass_yds,not_applicable,0.0
272,Marlin Klein,te,player_pass_yds,not_applicable,0.0
272,Marlin Klein,te,player_rush_yds,not_applicable,0.0
273,Kendre Miller,rb,player_pass_yds,not_applicable,0.0
274,Jam Miller,rb,player_pass_yds,not_applicable,0.0
275,Jaylin Noel,wr,player_pass_yds,not_applicable,0.0
276,Eli Stowers,te,player_pass_yds,not_applicable,0.0
277,Rasheen Ali,rb,player_pass_yds,not_applicable,0.0
278,Raheim Sanders,rb,player_pass_yds,not_applicable,0.0
279,KaVontae Turpin,wr,player_pass_yds,not_applicable,0.0
280,Luke McCaffrey,wr,player_pass_yds,not_applicable,0.0
280,Luke McCaffrey,wr,player_rush_yds,not_applicable,0.0
281,Jaylin Lane,wr,player_pass_yds,not_applicable,0.0
282,Troy Franklin,wr,player_pass_yds,not_applicable,0.0
283,Durham Smythe,te,player_pass_yds,not_applicable,0.0
283,Durham Smythe,te,player_rush_yds,not_applicable,0.0
284,Oscar Delp,te,player_pass_yds,not_applicable,0.0
284,Oscar Delp,te,player_rush_yds,not_applicable,0.0
285,British Brooks,rb,player_pass_yds,not_applicable,0.0
286,Roschon Johnson,rb,player_pass_yds,not_applicable,0.0
287,Brashard Smith,rb,player_pass_yds,not_applicable,0.0
288,Devin Neal,rb,player_pass_yds,not_applicable,0.0
289,Marquise Brown,wr,player_pass_yds,not_applicable,0.0
289,Marquise Brown,wr,player_rush_yds,not_applicable,0.0
290,Patrick Ricard,rb,player_pass_yds,not_applicable,0.0
291,Tyler Higbee,te,player_pass_yds,not_applicable,0.0
291,Tyler Higbee,te,player_rush_yds,not_applicable,0.0
292,Cole Kmet,te,player_pass_yds,not_applicable,0.0
292,Cole Kmet,te,player_rush_yds,not_applicable,0.0
293,Chimere Dike,wr,player_pass_yds,not_applicable,0.0
294,Malachi Fields,wr,player_pass_yds,not_applicable,0.0
294,Malachi Fields,wr,player_rush_yds,not_applicable,0.0
295,Adam Prentice,rb,player_pass_yds,not_applicable,0.0
296,DeeJay Dallas,rb,player_pass_yds,not_applicable,0.0
297,Ronnie Rivers,rb,player_pass_yds,not_applicable,0.0
298,Jack Westover,rb,player_pass_yds,not_applicable,0.0
299,Max Bredeson,rb,player_pass_yds,not_applicable,0.0
300,Kirk Cousins,qb,player_reception_yds,not_applicable,0.0
300,Kirk Cousins,qb,player_receptions,not_applicable,0.0
301,Kalif Raymond,wr,player_pass_yds,not_applicable,0.0
302,Alec Ingold,rb,player_pass_yds,not_applicable,0.0
303,AJ Dillon,rb,player_pass_yds,not_applicable,0.0
304,Michael Carter,rb,player_pass_yds,not_applicable,0.0
305,Robbie Ouzts,rb,player_pass_yds,not_applicable,0.0
306,Marvin Mims Jr.,wr,player_pass_yds,not_applicable,0.0
307,Brady Russell,rb,player_pass_yds,not_applicable,0.0
308,Ben VanSumeren,rb,player_pass_yds,not_applicable,0.0
309,Kene Nwangwu,rb,player_pass_yds,not_applicable,0.0
310,Reggie Gilliam,rb,player_pass_yds,not_applicable,0.0
311,Andrew Beck,rb,player_pass_yds,not_applicable,0.0
312,Isaac Guerendo,rb,player_pass_yds,not_applicable,0.0
313,Jacob Saylors,rb,player_pass_yds,not_applicable,0.0
314,Elijah Sarratt,wr,player_pass_yds,not_applicable,0.0
314,Elijah Sarratt,wr,player_rush_yds,not_applicable,0.0
315,Austin Hooper,te,player_pass_yds,not_applicable,0.0
315,Austin Hooper,te,player_rush_yds,not_applicable,0.0
316,Nick Westbrook-Ikhine,wr,player_pass_yds,not_applicable,0.0
316,Nick Westbrook-Ikhine,wr,player_rush_yds,not_applicable,0.0
317,Savion Williams,wr,player_pass_yds,not_applicable,0.0
318,Jack Stoll,te,player_pass_yds,not_applicable,0.0
318,Jack Stoll,te,player_rush_yds,not_applicable,0.0
319,Will Kacmarek,te,player_pass_yds,not_applicable,0.0
319,Will Kacmarek,te,player_rush_yds,not_applicable,0.0
320,Dyami Brown,wr,player_pass_yds,not_applicable,0.0
320,Dyami Brown,wr,player_rush_yds,not_applicable,0.0
321,Xavier Hutchinson,wr,player_pass_yds,not_applicable,0.0
322,Tory Horton,wr,player_pass_yds,not_applicable,0.0
322,Tory Horton,wr,player_rush_yds,not_applicable,0.0
323,Drew Sample,te,player_pass_yds,not_applicable,0.0
323,Drew Sample,te,player_rush_yds,not_applicable,0.0
324,Luke Schoonmaker,te,player_pass_yds,not_applicable,0.0
324,Luke Schoonmaker,te,player_rush_yds,not_applicable,0.0
325,Cade Stover,te,player_pass_yds,not_applicable,0.0
326,Jackson Hawes,te,player_pass_yds,not_applicable,0.0
326,Jackson Hawes,te,player_rush_yds,not_applicable,0.0
327,Roman Wilson,wr,player_pass_yds,not_applicable,0.0
327,Roman Wilson,wr,player_rush_yds,not_applicable,0.0
328,Bryce Lance,wr,player_pass_yds,not_applicable,0.0
328,Bryce Lance,wr,player_rush_yds,not_applicable,0.0
329,Matthew Hibner,te,player_pass_yds,not_applicable,0.0
329,Matthew Hibner,te,player_rush_yds,not_applicable,0.0
330,Sam Roush,te,player_pass_yds,not_applicable,0.0
330,Sam Roush,te,player_rush_yds,not_applicable,0.0
331,Max Klare,te,player_pass_yds,not_applicable,0.0
331,Max Klare,te,player_rush_yds,not_applicable,0.0
332,Mack Hollins,wr,player_pass_yds,not_applicable,0.0
333,John Bates,te,player_pass_yds,not_applicable,0.0
333,John Bates,te,player_rush_yds,not_applicable,0.0
334,Josh Oliver,te,player_pass_yds,not_applicable,0.0
334,Josh Oliver,te,player_rush_yds,not_applicable,0.0
335,Elijah Higgins,te,player_pass_yds,not_applicable,0.0
335,Elijah Higgins,te,player_rush_yds,not_applicable,0.0
336,Adam Trautman,te,player_pass_yds,not_applicable,0.0
336,Adam Trautman,te,player_rush_yds,not_applicable,0.0
337,Ben Sinnott,te,player_pass_yds,not_applicable,0.0
337,Ben Sinnott,te,player_rush_yds,not_applicable,0.0
338,Nate Boerkircher,te,player_pass_yds,not_applicable,0.0
338,Nate Boerkircher,te,player_rush_yds,not_applicable,0.0
339,Eli Raridon,te,player_pass_yds,not_applicable,0.0
339,Eli Raridon,te,player_rush_yds,not_applicable,0.0
340,Xavier Smith,wr,player_pass_yds,not_applicable,0.0
340,Xavier Smith,wr,player_rush_yds,not_applicable,0.0
341,Luke Farrell,te,player_pass_yds,not_applicable,0.0
341,Luke Farrell,te,player_rush_yds,not_applicable,0.0
342,Noah Fant,te,player_pass_yds,not_applicable,0.0
342,Noah Fant,te,player_rush_yds,not_applicable,0.0
343,Tanner Hudson,te,player_pass_yds,not_applicable,0.0
343,Tanner Hudson,te,player_rush_yds,not_applicable,0.0
344,Jeremy Ruckert,te,player_pass_yds,not_applicable,0.0
344,Jeremy Ruckert,te,player_rush_yds,not_applicable,0.0
345,Tip Reiman,te,player_pass_yds,not_applicable,0.0
345,Tip Reiman,te,player_rush_yds,not_applicable,0.0
346,Ben Sims,te,player_pass_yds,not_applicable,0.0
346,Ben Sims,te,player_rush_yds,not_applicable,0.0
347,Riley Nowakowski,te,player_pass_yds,not_applicable,0.0
347,Riley Nowakowski,te,player_rush_yds,not_applicable,0.0
348,Mitchell Evans,te,player_pass_yds,not_applicable,0.0
348,Mitchell Evans,te,player_rush_yds,not_applicable,0.0
349,Tanner Koziol,te,player_pass_yds,not_applicable,0.0
349,Tanner Koziol,te,player_rush_yds,not_applicable,0.0
350,Jordan Whittington,wr,player_pass_yds,not_applicable,0.0
351,Cyrus Allen,wr,player_pass_yds,not_applicable,0.0
351,Cyrus Allen,wr,player_rush_yds,not_applicable,0.0
352,Mo Alie-Cox,te,player_pass_yds,not_applicable,0.0
352,Mo Alie-Cox,te,player_rush_yds,not_applicable,0.0
353,Payne Durham,te,player_pass_yds,not_applicable,0.0
353,Payne Durham,te,player_rush_yds,not_applicable,0.0
354,Daniel Bellinger,te,player_pass_yds,not_applicable,0.0
354,Daniel Bellinger,te,player_rush_yds,not_applicable,0.0
355,Devin Culp,te,player_pass_yds,not_applicable,0.0
355,Devin Culp,te,player_rush_yds,not_applicable,0.0
356,Luke Musgrave,te,player_pass_yds,not_applicable,0.0
356,Luke Musgrave,te,player_rush_yds,not_applicable,0.0
357,Demario Douglas,wr,player_pass_yds,not_applicable,0.0
358,Tez Johnson,wr,player_pass_yds,not_applicable,0.0
359,Joe Royer,te,player_pass_yds,not_applicable,0.0
359,Joe Royer,te,player_rush_yds,not_applicable,0.0
360,Josh Whyle,te,player_pass_yds,not_applicable,0.0
360,Josh Whyle,te,player_rush_yds,not_applicable,0.0
361,Brock Wright,te,player_pass_yds,not_applicable,0.0
361,Brock Wright,te,player_rush_yds,not_applicable,0.0
362,John Metchie III,wr,player_pass_yds,not_applicable,0.0
362,John Metchie III,wr,player_rush_yds,not_applicable,0.0
363,Mitchell Tinsley,wr,player_pass_yds,not_applicable,0.0
363,Mitchell Tinsley,wr,player_rush_yds,not_applicable,0.0
364,Tai Felton,wr,player_pass_yds,not_applicable,0.0
364,Tai Felton,wr,player_rush_yds,not_applicable,0.0
365,Jalen Royals,wr,player_pass_yds,not_applicable,0.0
365,Jalen Royals,wr,player_rush_yds,not_applicable,0.0
366,Brenen Thompson,wr,player_pass_yds,not_applicable,0.0
367,Connor Heyward,te,player_pass_yds,not_applicable,0.0
368,Justin Joly,te,player_pass_yds,not_applicable,0.0
368,Justin Joly,te,player_rush_yds,not_applicable,0.0
369,Keon Coleman,wr,player_pass_yds,not_applicable,0.0
369,Keon Coleman,wr,player_rush_yds,not_applicable,0.0
370,Brevyn Spann-Ford,te,player_pass_yds,not_applicable,0.0
370,Brevyn Spann-Ford,te,player_rush_yds,not_applicable,0.0
371,Greg Dortch,wr,player_pass_yds,not_applicable,0.0
372,Isaiah Williams,wr,player_pass_yds,not_applicable,0.0
373,Skyler Bell,wr,player_pass_yds,not_applicable,0.0
373,Skyler Bell,wr,player_rush_yds,not_applicable,0.0
374,Dont'e Thornton Jr.,wr,player_pass_yds,not_applicable,0.0
374,Dont'e Thornton Jr.,wr,player_rush_yds,not_applicable,0.0
375,Davis Allen,te,player_pass_yds,not_applicable,0.0
375,Davis Allen,te,player_rush_yds,not_applicable,0.0
376,David Moore,wr,player_pass_yds,not_applicable,0.0
376,David Moore,wr,player_rush_yds,not_applicable,0.0
377,Calvin Austin III,wr,player_pass_yds,not_applicable,0.0
377,Calvin Austin III,wr,player_rush_yds,not_applicable,0.0
378,Josh Cameron,wr,player_pass_yds,not_applicable,0.0
378,Josh Cameron,wr,player_rush_yds,not_applicable,0.0
379,Kaden Wetjen,wr,player_pass_yds,not_applicable,0.0
380,Tyler Conklin,te,player_pass_yds,not_applicable,0.0
380,Tyler Conklin,te,player_rush_yds,not_applicable,0.0
381,Elic Ayomanor,wr,player_pass_yds,not_applicable,0.0
381,Elic Ayomanor,wr,player_rush_yds,not_applicable,0.0
382,Eric Saubert,te,player_pass_yds,not_applicable,0.0
382,Eric Saubert,te,player_rush_yds,not_applicable,0.0
383,Charlie Kolar,te,player_pass_yds,not_applicable,0.0
383,Charlie Kolar,te,player_rush_yds,not_applicable,0.0
384,Anthony Gould,wr,player_pass_yds,not_applicable,0.0
384,Anthony Gould,wr,player_rush_yds,not_applicable,0.0
385,Jonathan Mingo,wr,player_pass_yds,not_applicable,0.0
385,Jonathan Mingo,wr,player_rush_yds,not_applicable,0.0
386,Zavion Thomas,wr,player_pass_yds,not_applicable,0.0
387,Jared Wiley,te,player_pass_yds,not_applicable,0.0
387,Jared Wiley,te,player_rush_yds,not_applicable,0.0
388,Ben Skowronek,wr,player_pass_yds,not_applicable,0.0
388,Ben Skowronek,wr,player_rush_yds,not_applicable,0.0
389,Cedric Tillman,wr,player_pass_yds,not_applicable,0.0
389,Cedric Tillman,wr,player_rush_yds,not_applicable,0.0
390,Arian Smith,wr,player_pass_yds,not_applicable,0.0
391,Reggie Virgil,wr,player_pass_yds,not_applicable,0.0
391,Reggie Virgil,wr,player_rush_yds,not_applicable,0.0
392,Andrew Ogletree,te,player_pass_yds,not_applicable,0.0
392,Andrew Ogletree,te,player_rush_yds,not_applicable,0.0
393,CJ Dippre,te,player_pass_yds,not_applicable,0.0
393,CJ Dippre,te,player_rush_yds,not_applicable,0.0
394,Kevin Coleman Jr.,wr,player_pass_yds,not_applicable,0.0
394,Kevin Coleman Jr.,wr,player_rush_yds,not_applicable,0.0
395,Kylen Granson,te,player_pass_yds,not_applicable,0.0
395,Kylen Granson,te,player_rush_yds,not_applicable,0.0
396,Grant Calcaterra,te,player_pass_yds,not_applicable,0.0
396,Grant Calcaterra,te,player_rush_yds,not_applicable,0.0
397,Simi Fehoko,wr,player_pass_yds,not_applicable,0.0
397,Simi Fehoko,wr,player_rush_yds,not_applicable,0.0
398,Xavier Weaver,wr,player_pass_yds,not_applicable,0.0
398,Xavier Weaver,wr,player_rush_yds,not_applicable,0.0
399,Konata Mumpfield,wr,player_pass_yds,not_applicable,0.0
399,Konata Mumpfield,wr,player_rush_yds,not_applicable,0.0
400,Barion Brown,wr,player_pass_yds,not_applicable,0.0
400,Barion Brown,wr,player_rush_yds,not_applicable,0.0
401,Demarcus Robinson,wr,player_pass_yds,not_applicable,0.0
401,Demarcus Robinson,wr,player_rush_yds,not_applicable,0.0
402,Colbie Young,wr,player_pass_yds,not_applicable,0.0
402,Colbie Young,wr,player_rush_yds,not_applicable,0.0
403,Chris Manhertz,te,player_pass_yds,not_applicable,0.0
403,Chris Manhertz,te,player_rush_yds,not_applicable,0.0
404,Brayden Willis,te,player_pass_yds,not_applicable,0.0
404,Brayden Willis,te,player_rush_yds,not_applicable,0.0
405,Benjamin Yurosek,te,player_pass_yds,not_applicable,0.0
405,Benjamin Yurosek,te,player_rush_yds,not_applicable,0.0
406,KeAndre Lambert-Smith,wr,player_pass_yds,not_applicable,0.0
406,KeAndre Lambert-Smith,wr,player_rush_yds,not_applicable,0.0
407,Josh Cuevas,te,player_pass_yds,not_applicable,0.0
407,Josh Cuevas,te,player_rush_yds,not_applicable,0.0
408,Myles Price,wr,player_pass_yds,not_applicable,0.0
408,Myles Price,wr,player_rush_yds,not_applicable,0.0
409,Deion Burks,wr,player_pass_yds,not_applicable,0.0
409,Deion Burks,wr,player_rush_yds,not_applicable,0.0
410,Malik Benson,wr,player_pass_yds,not_applicable,0.0
410,Malik Benson,wr,player_rush_yds,not_applicable,0.0
411,Charlie Woerner,te,player_pass_yds,not_applicable,0.0
411,Charlie Woerner,te,player_rush_yds,not_applicable,0.0
412,Nikko Remigio,wr,player_pass_yds,not_applicable,0.0
413,Jason Brownlee,wr,player_pass_yds,not_applicable,0.0
413,Jason Brownlee,wr,player_rush_yds,not_applicable,0.0
414,Devin Duvernay,wr,player_pass_yds,not_applicable,0.0
414,Devin Duvernay,wr,player_rush_yds,not_applicable,0.0
415,Kyle Williams,wr,player_pass_yds,not_applicable,0.0
416,Odell Beckham Jr.,wr,player_pass_yds,not_applicable,0.0
416,Odell Beckham Jr.,wr,player_rush_yds,not_applicable,0.0
417,Jake Bobo,wr,player_pass_yds,not_applicable,0.0
417,Jake Bobo,wr,player_rush_yds,not_applicable,0.0
418,Skyy Moore,wr,player_pass_yds,not_applicable,0.0
418,Skyy Moore,wr,player_rush_yds,not_applicable,0.0
419,Dominic Lovett,wr,player_pass_yds,not_applicable,0.0
419,Dominic Lovett,wr,player_rush_yds,not_applicable,0.0
420,Isaiah Bond,wr,player_pass_yds,not_applicable,0.0
421,Dylan Drummond,wr,player_pass_yds,not_applicable,0.0
421,Dylan Drummond,wr,player_rush_yds,not_applicable,0.0
422,Charlie Jones,wr,player_pass_yds,not_applicable,0.0
422,Charlie Jones,wr,player_rush_yds,not_applicable,0.0
423,Malachi Corley,wr,player_pass_yds,not_applicable,0.0
424,Jalen Brooks,wr,player_pass_yds,not_applicable,0.0
424,Jalen Brooks,wr,player_rush_yds,not_applicable,0.0
425,Darius Cooper,wr,player_pass_yds,not_applicable,0.0
425,Darius Cooper,wr,player_rush_yds,not_applicable,0.0
426,Jahdae Walker,wr,player_pass_yds,not_applicable,0.0
426,Jahdae Walker,wr,player_rush_yds,not_applicable,0.0
427,Lil'Jordan Humphrey,wr,player_pass_yds,not_applicable,0.0
427,Lil'Jordan Humphrey,wr,player_rush_yds,not_applicable,0.0
428,Johnny Wilson,wr,player_pass_yds,not_applicable,0.0
428,Johnny Wilson,wr,player_rush_yds,not_applicable,0.0
429,Derius Davis,wr,player_pass_yds,not_applicable,0.0
430,Bryce Oliver,wr,player_pass_yds,not_applicable,0.0
430,Bryce Oliver,wr,player_rush_yds,not_applicable,0.0
431,Mason Kinsey,wr,player_pass_yds,not_applicable,0.0
431,Mason Kinsey,wr,player_rush_yds,not_applicable,0.0
432,Shedeur Sanders,qb,player_reception_yds,not_applicable,0.0
432,Shedeur Sanders,qb,player_receptions,not_applicable,0.0
433,Bo Melton,wr,player_pass_yds,not_applicable,0.0
434,Jimmy Horn Jr.,wr,player_pass_yds,not_applicable,0.0
435,Mason Tipton,wr,player_pass_yds,not_applicable,0.0
436,Deshaun Watson,qb,player_reception_yds,not_applicable,0.0
436,Deshaun Watson,qb,player_receptions,not_applicable,0.0
437,Britain Covey,wr,player_pass_yds,not_applicable,0.0
437,Britain Covey,wr,player_rush_yds,not_applicable,0.0
438,Braxton Berrios,wr,player_pass_yds,not_applicable,0.0
438,Braxton Berrios,wr,player_rush_yds,not_applicable,0.0
439,Ihmir Smith-Marsette,wr,player_pass_yds,not_applicable,0.0
439,Ihmir Smith-Marsette,wr,player_rush_yds,not_applicable,0.0
440,Cody White,wr,player_pass_yds,not_applicable,0.0
440,Cody White,wr,player_rush_yds,not_applicable,0.0
441,Jacob Cowing,wr,player_pass_yds,not_applicable,0.0
441,Jacob Cowing,wr,player_rush_yds,not_applicable,0.0
442,Dareke Young,wr,player_pass_yds,not_applicable,0.0
442,Dareke Young,wr,player_rush_yds,not_applicable,0.0
443,LaJohntay Wester,wr,player_pass_yds,not_applicable,0.0
443,LaJohntay Wester,wr,player_rush_yds,not_applicable,0.0
444,Efton Chism III,wr,player_pass_yds,not_applicable,0.0
444,Efton Chism III,wr,player_rush_yds,not_applicable,0.0
445,Kameron Johnson,wr,player_pass_yds,not_applicable,0.0
446,Fernando Mendoza,qb,player_reception_yds,not_applicable,0.0
446,Fernando Mendoza,qb,player_receptions,not_applicable,0.0
447,Michael Penix Jr.,qb,player_reception_yds,not_applicable,0.0
447,Michael Penix Jr.,qb,player_receptions,not_applicable,0.0
448,Justin Fields,qb,player_reception_yds,not_applicable,0.0
448,Justin Fields,qb,player_receptions,not_applicable,0.0
449,Cade Klubnik,qb,player_reception_yds,not_applicable,0.0
449,Cade Klubnik,qb,player_receptions,not_applicable,0.0
450,Joe Flacco,qb,player_reception_yds,not_applicable,0.0
450,Joe Flacco,qb,player_receptions,not_applicable,0.0
451,Tyrod Taylor,qb,player_reception_yds,not_applicable,0.0
451,Tyrod Taylor,qb,player_receptions,not_applicable,0.0
452,Teddy Bridgewater,qb,player_reception_yds,not_applicable,0.0
452,Teddy Bridgewater,qb,player_receptions,not_applicable,0.0
453,Jameis Winston,qb,player_reception_yds,not_applicable,0.0
453,Jameis Winston,qb,player_receptions,not_applicable,0.0
454,Marcus Mariota,qb,player_reception_yds,not_applicable,0.0
454,Marcus Mariota,qb,player_receptions,not_applicable,0.0
455,Mitch Trubisky,qb,player_reception_yds,not_applicable,0.0
455,Mitch Trubisky,qb,player_receptions,not_applicable,0.0
456,Nick Mullens,qb,player_reception_yds,not_applicable,0.0
456,Nick Mullens,qb,player_receptions,not_applicable,0.0
457,Jarrett Stidham,qb,player_reception_yds,not_applicable,0.0
457,Jarrett Stidham,qb,player_receptions,not_applicable,0.0
458,Kyle Allen,qb,player_reception_yds,not_applicable,0.0
458,Kyle Allen,qb,player_receptions,not_applicable,0.0
459,Drew Lock,qb,player_reception_yds,not_applicable,0.0
459,Drew Lock,qb,player_receptions,not_applicable,0.0
460,Gardner Minshew,qb,player_reception_yds,not_applicable,0.0
460,Gardner Minshew,qb,player_receptions,not_applicable,0.0
461,Jake Browning,qb,player_reception_yds,not_applicable,0.0
461,Jake Browning,qb,player_receptions,not_applicable,0.0
462,Tyler Huntley,qb,player_reception_yds,not_applicable,0.0
462,Tyler Huntley,qb,player_receptions,not_applicable,0.0
463,Davis Mills,qb,player_reception_yds,not_applicable,0.0
463,Davis Mills,qb,player_receptions,not_applicable,0.0
464,Mac Jones,qb,player_reception_yds,not_applicable,0.0
464,Mac Jones,qb,player_receptions,not_applicable,0.0
465,Kenny Pickett,qb,player_reception_yds,not_applicable,0.0
465,Kenny Pickett,qb,player_receptions,not_applicable,0.0
466,Joe Milton III,qb,player_reception_yds,not_applicable,0.0
466,Joe Milton III,qb,player_receptions,not_applicable,0.0
467,Trey Lance,qb,player_reception_yds,not_applicable,0.0
467,Trey Lance,qb,player_receptions,not_applicable,0.0
468,Spencer Rattler,qb,player_reception_yds,not_applicable,0.0
468,Spencer Rattler,qb,player_receptions,not_applicable,0.0
469,Will Howard,qb,player_reception_yds,not_applicable,0.0
469,Will Howard,qb,player_receptions,not_applicable,0.0
470,Anthony Richardson,qb,player_reception_yds,not_applicable,0.0
470,Anthony Richardson,qb,player_receptions,not_applicable,0.0
471,Quinn Ewers,qb,player_reception_yds,not_applicable,0.0
471,Quinn Ewers,qb,player_receptions,not_applicable,0.0
472,Tanner McKee,qb,player_reception_yds,not_applicable,0.0
472,Tanner McKee,qb,player_receptions,not_applicable,0.0
473,J.J. McCarthy,qb,player_reception_yds,not_applicable,0.0
473,J.J. McCarthy,qb,player_receptions,not_applicable,0.0
474,Ty Simpson,qb,player_reception_yds,not_applicable,0.0
474,Ty Simpson,qb,player_receptions,not_applicable,0.0
475,Tommy DeVito,qb,player_reception_yds,not_applicable,0.0
475,Tommy DeVito,qb,player_receptions,not_applicable,0.0
476,Tyson Bagent,qb,player_reception_yds,not_applicable,0.0
476,Tyson Bagent,qb,player_receptions,not_applicable,0.0
477,Carson Beck,qb,player_reception_yds,not_applicable,0.0
477,Carson Beck,qb,player_receptions,not_applicable,0.0
478,Brandon Aubrey,k,player_pass_yds,not_applicable,0.0
478,Brandon Aubrey,k,player_rush_yds,not_applicable,0.0
479,Evan McPherson,k,player_pass_yds,not_applicable,0.0
479,Evan McPherson,k,player_rush_yds,not_applicable,0.0
480,Cam Little,k,player_pass_yds,not_applicable,0.0
480,Cam Little,k,player_rush_yds,not_applicable,0.0
481,Chris Boswell,k,player_pass_yds,not_applicable,0.0
481,Chris Boswell,k,player_rush_yds,not_applicable,0.0
482,Jake Bates,k,player_pass_yds,not_applicable,0.0
482,Jake Bates,k,player_rush_yds,not_applicable,0.0
483,Harrison Mevis,k,player_pass_yds,not_applicable,0.0
483,Harrison Mevis,k,player_rush_yds,not_applicable,0.0
484,Cameron Dicker,k,player_pass_yds,not_applicable,0.0
484,Cameron Dicker,k,player_rush_yds,not_applicable,0.0
485,Harrison Butker,k,player_pass_yds,not_applicable,0.0
485,Harrison Butker,k,player_rush_yds,not_applicable,0.0
486,Tyler Bass,k,player_pass_yds,not_applicable,0.0
486,Tyler Bass,k,player_rush_yds,not_applicable,0.0
487,Tyler Loop,k,player_pass_yds,not_applicable,0.0
487,Tyler Loop,k,player_rush_yds,not_applicable,0.0
488,Nick Folk,k,player_pass_yds,not_applicable,0.0
488,Nick Folk,k,player_rush_yds,not_applicable,0.0
489,Jake Elliott,k,player_pass_yds,not_applicable,0.0
489,Jake Elliott,k,player_rush_yds,not_applicable,0.0
490,Eddy Pineiro,k,player_pass_yds,not_applicable,0.0
490,Eddy Pineiro,k,player_rush_yds,not_applicable,0.0
491,Cairo Santos,k,player_pass_yds,not_applicable,0.0
491,Cairo Santos,k,player_rush_yds,not_applicable,0.0
492,Jason Myers,k,player_pass_yds,not_applicable,0.0
492,Jason Myers,k,player_rush_yds,not_applicable,0.0
493,Trey Smack,k,player_pass_yds,not_applicable,0.0
493,Trey Smack,k,player_rush_yds,not_applicable,0.0
494,Chase McLaughlin,k,player_pass_yds,not_applicable,0.0
494,Chase McLaughlin,k,player_rush_yds,not_applicable,0.0
495,Ka'imi Fairbairn,k,player_pass_yds,not_applicable,0.0
495,Ka'imi Fairbairn,k,player_rush_yds,not_applicable,0.0
496,Will Reichard,k,player_pass_yds,not_applicable,0.0
496,Will Reichard,k,player_rush_yds,not_applicable,0.0
497,Blake Grupe,k,player_pass_yds,not_applicable,0.0
497,Blake Grupe,k,player_rush_yds,not_applicable,0.0
498,Matt Gay,k,player_pass_yds,not_applicable,0.0
498,Matt Gay,k,player_rush_yds,not_applicable,0.0
499,Andres Borregales,k,player_pass_yds,not_applicable,0.0
499,Andres Borregales,k,player_rush_yds,not_applicable,0.0
500,Dominic Zvada,k,player_pass_yds,not_applicable,0.0
500,Dominic Zvada,k,player_rush_yds,not_applicable,0.0
501,Wil Lutz,k,player_pass_yds,not_applicable,0.0
501,Wil Lutz,k,player_rush_yds,not_applicable,0.0
502,Zane Gonzalez,k,player_pass_yds,not_applicable,0.0
502,Zane Gonzalez,k,player_rush_yds,not_applicable,0.0
503,Joey Slye,k,player_pass_yds,not_applicable,0.0
503,Joey Slye,k,player_rush_yds,not_applicable,0.0
504,Jake Moody,k,player_pass_yds,not_applicable,0.0
504,Jake Moody,k,player_rush_yds,not_applicable,0.0
505,Cade York,k,player_pass_yds,not_applicable,0.0
505,Cade York,k,player_rush_yds,not_applicable,0.0
506,Ryan Fitzgerald,k,player_pass_yds,not_applicable,0.0
506,Ryan Fitzgerald,k,player_rush_yds,not_applicable,0.0
507,Charlie Smyth,k,player_pass_yds,not_applicable,0.0
507,Charlie Smyth,k,player_rush_yds,not_applicable,0.0
508,Jaguars DST,dst,player_pass_yds,not_applicable,0.0
508,Jaguars DST,dst,player_rush_yds,not_applicable,0.0
509,Andre Szmyt,k,player_pass_yds,not_applicable,0.0
509,Andre Szmyt,k,player_rush_yds,not_applicable,0.0
510,Seahawks DST,dst,player_pass_yds,not_applicable,0.0
510,Seahawks DST,dst,player_rush_yds,not_applicable,0.0
511,Titans DST,dst,player_pass_yds,not_applicable,0.0
511,Titans DST,dst,player_rush_yds,not_applicable,0.0
512,Jets DST,dst,player_pass_yds,not_applicable,0.0
512,Jets DST,dst,player_rush_yds,not_applicable,0.0
513,Steelers DST,dst,player_pass_yds,not_applicable,0.0
513,Steelers DST,dst,player_rush_yds,not_applicable,0.0
514,Lions DST,dst,player_pass_yds,not_applicable,0.0
514,Lions DST,dst,player_rush_yds,not_applicable,0.0
515,Raiders DST,dst,player_pass_yds,not_applicable,0.0
515,Raiders DST,dst,player_rush_yds,not_applicable,0.0
516,Cowboys DST,dst,player_pass_yds,not_applicable,0.0
516,Cowboys DST,dst,player_rush_yds,not_applicable,0.0
517,Chad Ryland,k,player_pass_yds,not_applicable,0.0
517,Chad Ryland,k,player_rush_yds,not_applicable,0.0
518,Chargers DST,dst,player_pass_yds,not_applicable,0.0
518,Chargers DST,dst,player_rush_yds,not_applicable,0.0
519,Rams DST,dst,player_pass_yds,not_applicable,0.0
519,Rams DST,dst,player_rush_yds,not_applicable,0.0
520,Bills DST,dst,player_pass_yds,not_applicable,0.0
520,Bills DST,dst,player_rush_yds,not_applicable,0.0
521,Bengals DST,dst,player_pass_yds,not_applicable,0.0
521,Bengals DST,dst,player_rush_yds,not_applicable,0.0
522,Eagles DST,dst,player_pass_yds,not_applicable,0.0
522,Eagles DST,dst,player_rush_yds,not_applicable,0.0
523,Patriots DST,dst,player_pass_yds,not_applicable,0.0
523,Patriots DST,dst,player_rush_yds,not_applicable,0.0
524,Ravens DST,dst,player_pass_yds,not_applicable,0.0
524,Ravens DST,dst,player_rush_yds,not_applicable,0.0
525,Packers DST,dst,player_pass_yds,not_applicable,0.0
525,Packers DST,dst,player_rush_yds,not_applicable,0.0
526,Browns DST,dst,player_pass_yds,not_applicable,0.0
526,Browns DST,dst,player_rush_yds,not_applicable,0.0
527,Texans DST,dst,player_pass_yds,not_applicable,0.0
527,Texans DST,dst,player_rush_yds,not_applicable,0.0
528,Broncos DST,dst,player_pass_yds,not_applicable,0.0
528,Broncos DST,dst,player_rush_yds,not_applicable,0.0
529,Bears DST,dst,player_pass_yds,not_applicable,0.0
529,Bears DST,dst,player_rush_yds,not_applicable,0.0
530,Buccaneers DST,dst,player_pass_yds,not_applicable,0.0
530,Buccaneers DST,dst,player_rush_yds,not_applicable,0.0
531,Chiefs DST,dst,player_pass_yds,not_applicable,0.0
531,Chiefs DST,dst,player_rush_yds,not_applicable,0.0
532,Dolphins DST,dst,player_pass_yds,not_applicable,0.0
532,Dolphins DST,dst,player_rush_yds,not_applicable,0.0
533,Falcons DST,dst,player_pass_yds,not_applicable,0.0
533,Falcons DST,dst,player_rush_yds,not_applicable,0.0
534,Giants DST,dst,player_pass_yds,not_applicable,0.0
534,Giants DST,dst,player_rush_yds,not_applicable,0.0
535,49ers DST,dst,player_pass_yds,not_applicable,0.0
535,49ers DST,dst,player_rush_yds,not_applicable,0.0
536,Panthers DST,dst,player_pass_yds,not_applicable,0.0
536,Panthers DST,dst,player_rush_yds,not_applicable,0.0
537,Colts DST,dst,player_pass_yds,not_applicable,0.0
537,Colts DST,dst,player_rush_yds,not_applicable,0.0
538,Cardinals DST,dst,player_pass_yds,not_applicable,0.0
538,Cardinals DST,dst,player_rush_yds,not_applicable,0.0
539,Commanders DST,dst,player_pass_yds,not_applicable,0.0
539,Commanders DST,dst,player_rush_yds,not_applicable,0.0
540,Vikings DST,dst,player_pass_yds,not_applicable,0.0
540,Vikings DST,dst,player_rush_yds,not_applicable,0.0
541,Saints DST,dst,player_pass_yds,not_applicable,0.0
541,Saints DST,dst,player_rush_yds,not_applicable,0.0
