player,player_id,position,team_name,player_game_count,avg_depth_of_target,avoided_tackles,caught_percent,contested_catch_rate,contested_receptions,contested_targets,declined_penalties,drop_rate,drops,first_downs,franchise_id,fumbles,grades_hands_drop,grades_hands_fumble,grades_offense,grades_pass_block,grades_pass_route,inline_rate,inline_snaps,interceptions,longest,pass_block_rate,pass_blocks,pass_plays,penalties,receptions,route_rate,routes,slot_rate,slot_snaps,targeted_qb_rating,targets,touchdowns,wide_rate,wide_snaps,yards,yards_after_catch,yards_after_catch_per_reception,yards_per_reception,yprr
Michael Wilson,84423,WR,ARZ,1,12.4,2,68.8,80.0,4,5,0,0.0,0,9,1,0,78.7,71.5,92.2,,91.6,0.0,0,1,25,0.0,0,41,0,11,100.0,41,17.1,7,109.9,16,2,82.9,34,142,32,2.9,12.9,3.46
Ryan Flournoy,159617,WR,DAL,1,12.8,0,69.2,0.0,0,1,0,0.0,0,6,9,0,78.0,71.1,82.0,,79.1,0.0,0,1,42,0.0,0,42,0,9,88.1,37,40.5,17,90.2,13,1,59.5,25,115,28,3.1,12.8,3.11
A.J. Brown,48327,WR,PHI,1,15.8,2,46.2,0.0,0,2,0,14.3,1,5,24,0,52.1,69.5,69.6,,70.7,0.0,0,2,26,0.0,0,47,0,6,91.5,43,10.6,5,33.0,13,0,89.4,42,100,37,6.2,16.7,2.33
D.K. Metcalf,47864,WR,PIT,1,14.8,0,58.3,50.0,1,2,0,0.0,0,3,25,0,75.6,69.5,83.8,,82.3,0.0,0,0,52,0.0,0,34,0,7,97.1,33,11.8,4,102.1,12,0,85.3,29,148,38,5.4,21.1,4.48
Michael Pittman Jr.,29049,WR,IND,1,6.3,0,75.0,0.0,0,1,0,0.0,0,5,14,0,78.0,71.1,64.8,,64.4,0.0,0,2,24,0.0,0,41,1,9,85.4,35,24.4,10,52.4,12,0,73.2,30,79,34,3.8,8.8,2.26
Zay Flowers,97268,WR,BLT,1,10.8,1,72.7,0.0,0,1,0,11.1,1,4,3,0,54.5,70.8,74.8,,75.3,0.0,0,0,35,0.0,0,43,0,8,93.0,40,32.6,14,109.7,11,0,67.4,29,124,45,5.6,15.5,3.1
Tee Higgins,61211,WR,CIN,1,15.9,0,54.5,60.0,3,5,0,14.3,1,5,7,0,49.2,68.8,80.6,,78.7,0.0,0,0,25,0.0,0,34,0,6,94.1,32,17.6,6,122.0,11,2,82.4,28,92,12,2.0,15.3,2.88
Harold Fannin Jr.,163104,TE,CLV,1,8.1,0,80.0,33.3,1,3,0,0.0,0,5,8,0,77.3,70.6,88.8,43.0,90.3,54.3,25,0,35,8.7,4,46,0,8,87.0,40,37.0,17,147.5,10,1,8.7,4,114,56,7.0,14.3,2.85
Courtland Sutton,48164,WR,DEN,1,11.3,1,60.0,50.0,2,4,0,0.0,0,4,10,0,74.6,68.8,71.1,,70.5,0.0,0,0,14,0.0,0,36,0,6,100.0,36,22.2,8,77.9,10,0,77.8,28,62,8,1.3,10.3,1.72
Jaxon Smith-Njigba,129758,WR,SEA,1,12.0,1,70.0,50.0,1,2,0,0.0,0,4,29,1,75.6,17.7,73.6,,72.6,0.0,0,0,30,0.0,0,31,0,7,100.0,31,16.1,5,138.3,10,2,83.9,26,92,36,5.1,13.1,2.97
Dallas Goedert,47272,TE,PHI,1,5.0,1,80.0,,0,0,0,0.0,0,5,24,0,76.5,70.1,72.2,69.3,74.4,37.8,17,0,16,4.4,2,45,0,8,88.9,40,53.3,24,99.2,10,0,8.9,4,78,44,5.5,9.8,1.95
Emeka Egbuka,145055,WR,TB,1,18.2,0,20.0,0.0,0,1,0,33.3,1,0,30,0,36.8,65.8,43.3,,42.9,0.0,0,0,9,0.0,0,36,1,2,88.9,32,41.7,15,39.6,10,0,55.6,20,15,4,2.0,7.5,0.47
Puka Nacua,100632,WR,LA,1,14.6,2,70.0,83.3,5,6,0,0.0,0,7,26,0,75.6,69.5,97.4,,96.2,0.0,0,0,32,0.0,0,22,0,7,100.0,22,54.5,12,152.1,10,2,45.5,10,167,32,4.6,23.9,7.59
Jakobi Meyers,47468,WR,JAX,1,8.6,0,44.4,50.0,1,2,0,20.0,1,3,15,0,41.6,70.3,56.8,,62.1,0.0,0,0,14,0.0,0,31,1,4,96.8,30,41.9,13,94.2,9,1,58.1,18,39,15,3.8,9.8,1.3
Kyle Pitts,83964,TE,ATL,1,12.1,0,66.7,0.0,0,2,0,0.0,0,3,2,0,74.6,68.8,63.5,73.4,74.7,41.2,14,1,30,5.9,2,34,0,6,88.2,30,52.9,18,59.7,9,0,5.9,2,90,32,5.3,15.0,3.0
George Pickens,99229,WR,DAL,1,12.1,1,55.6,25.0,1,4,0,0.0,0,2,9,1,74.6,16.9,50.7,,52.8,0.0,0,1,11,0.0,0,53,2,5,88.7,47,5.7,3,25.9,9,0,94.3,50,37,12,2.4,7.4,0.79
Jameson Williams,101701,WR,DET,1,12.1,0,77.8,50.0,1,2,0,0.0,0,3,11,0,75.6,70.3,74.7,,75.4,0.0,0,0,29,0.0,0,40,0,7,90.0,36,15.0,6,111.1,9,0,85.0,34,96,41,5.9,13.7,2.67
Trey McBride,75916,TE,ARZ,1,8.3,4,55.6,50.0,2,4,0,0.0,0,2,1,0,73.4,68.0,65.9,,62.6,18.4,9,0,27,0.0,0,49,0,5,100.0,49,69.4,34,75.2,9,0,12.2,6,58,36,7.2,11.6,1.18
Chimere Dike,129918,WR,TEN,1,8.8,0,62.5,,0,0,0,0.0,0,2,31,0,73.4,74.7,65.2,,65.0,0.0,0,0,19,0.0,0,27,0,5,96.3,26,66.7,18,106.3,8,1,33.3,9,24,9,1.8,4.8,0.92
Alec Pierce,78038,WR,IND,1,13.8,0,62.5,0.0,0,1,0,0.0,0,4,14,0,75.6,69.5,76.3,,75.4,0.0,0,0,29,0.0,0,38,0,5,84.2,32,13.2,5,95.8,8,0,86.8,33,80,38,7.6,16.0,2.5
John Metchie III,97400,WR,NYJ,1,6.3,1,50.0,50.0,1,2,0,20.0,1,1,22,0,41.6,67.0,59.2,,59.5,0.0,0,1,18,0.0,0,40,0,4,95.0,38,32.5,13,21.9,8,0,67.5,27,34,22,5.5,8.5,0.89
CeeDee Lamb,61570,WR,DAL,1,15.0,2,75.0,50.0,1,2,0,0.0,0,4,9,0,74.6,68.8,83.6,,82.0,0.0,0,0,37,0.0,0,27,0,6,92.6,25,48.1,13,116.7,8,0,51.9,14,121,48,8.0,20.2,4.84
Amon-Ra St. Brown,84470,WR,DET,1,7.5,0,75.0,,0,0,0,0.0,0,2,11,0,74.6,68.8,70.9,,69.4,0.0,0,0,37,0.0,0,39,0,6,89.7,35,76.9,30,112.5,8,0,23.1,9,92,52,8.7,15.3,2.63
Ja'Marr Chase,84270,WR,CIN,1,3.8,2,62.5,,0,0,0,0.0,0,3,7,0,73.4,68.0,68.6,,68.2,0.0,0,2,16,0.0,0,42,0,5,90.5,38,31.0,13,37.5,8,0,69.0,29,44,32,6.4,8.8,1.16
Nico Collins,61441,WR,HST,1,15.0,0,50.0,50.0,1,2,0,0.0,0,3,13,0,41.6,67.0,71.1,,70.4,0.0,0,0,53,0.0,0,36,1,4,91.7,33,13.9,5,95.8,8,0,86.1,31,121,39,9.8,30.3,3.67
Mason Taylor,157122,TE,NYJ,1,5.1,0,62.5,0.0,0,1,1,28.6,2,3,22,0,29.2,68.0,52.5,70.6,57.8,34.5,10,1,15,3.4,1,29,1,5,89.7,26,34.5,10,41.1,8,0,31.0,9,51,32,6.4,10.2,1.96
Dawson Knox,35883,TE,BUF,1,5.4,0,85.7,0.0,0,1,0,0.0,0,4,4,0,75.6,69.5,91.6,62.3,92.2,84.2,16,0,32,5.3,1,19,0,6,84.2,16,5.3,1,118.8,7,0,10.5,2,93,63,10.5,15.5,5.81
Rashee Rice,97605,WR,KC,1,2.7,1,57.1,0.0,0,2,0,20.0,1,1,16,0,41.6,67.0,54.2,65.2,54.0,0.0,0,0,15,3.0,1,33,0,4,97.0,32,48.5,16,69.9,7,0,51.5,17,34,39,9.8,8.5,1.06
Chris Godwin,11839,WR,TB,1,4.7,1,71.4,0.0,0,2,0,0.0,0,3,30,0,73.4,68.0,61.2,69.0,63.6,0.0,0,0,21,2.9,1,35,0,5,88.6,31,42.9,15,94.3,7,0,57.1,20,55,36,7.2,11.0,1.77
Jahmyr Gibbs,122474,HB,DET,1,2.0,5,100.0,,0,0,0,0.0,0,3,11,0,75.6,75.9,73.7,,91.3,0.0,0,0,26,0.0,0,29,0,7,93.1,27,13.8,4,112.5,7,0,6.9,2,77,63,9.0,11.0,2.85
Jordan Addison,123000,WR,MIN,1,11.0,1,57.1,50.0,1,2,0,20.0,1,4,18,0,41.6,67.0,75.6,,74.7,0.0,0,0,21,0.0,0,25,0,4,96.0,24,8.0,2,86.6,7,0,92.0,23,62,11,2.8,15.5,2.58
DeVonta Smith,61100,WR,PHI,1,10.1,1,57.1,0.0,0,1,0,20.0,1,1,24,0,41.6,67.0,55.3,,54.9,0.0,0,1,28,0.0,0,47,0,4,91.5,43,57.4,27,32.1,7,0,42.6,20,37,22,5.5,9.3,0.86
Jaylen Waddle,84088,WR,MIA,1,8.7,0,71.4,0.0,0,1,1,0.0,0,4,17,0,73.4,69.1,75.5,,78.9,0.0,0,0,24,0.0,0,19,1,5,94.7,18,26.3,5,131.0,7,1,73.7,14,50,17,3.4,10.0,2.78
Jake Ferguson,61081,TE,DAL,1,8.6,2,71.4,66.7,2,3,2,0.0,0,2,9,1,74.6,16.9,62.5,73.1,59.4,35.3,18,0,19,3.9,2,51,2,5,84.3,43,54.9,28,96.1,7,0,9.8,5,58,12,2.4,11.6,1.35
Luther Burden III,157170,WR,CHI,1,8.3,0,66.7,,0,0,0,0.0,0,4,6,0,72.1,68.3,76.3,,78.3,0.0,0,0,27,0.0,0,28,0,4,96.4,27,35.7,10,104.2,6,0,64.3,18,67,27,6.8,16.8,2.48
Deebo Samuel,48274,WR,WAS,1,1.2,1,66.7,,0,0,0,20.0,1,2,32,0,41.6,72.3,55.0,,55.2,0.0,0,0,15,0.0,0,24,0,4,95.8,23,95.8,23,76.4,6,0,4.2,1,27,25,6.3,6.8,1.17
Jayden Higgins,150240,WR,HST,1,12.8,0,50.0,,0,0,0,0.0,0,2,13,0,70.5,65.8,64.9,51.9,67.4,0.0,0,0,17,4.2,1,24,0,3,79.2,19,20.8,5,67.4,6,0,79.2,19,34,8,2.7,11.3,1.79
Tim Patrick,12087,WR,JAX,1,13.5,0,83.3,0.0,0,1,0,16.7,1,3,15,0,45.8,68.0,72.2,,73.4,0.0,0,0,37,0.0,0,26,1,5,96.2,25,46.2,12,158.3,6,1,53.8,14,78,11,2.2,15.6,3.12
RJ Harvey,99622,HB,DEN,1,-1.8,1,100.0,,0,0,0,0.0,0,2,10,0,74.6,77.2,86.5,80.9,81.2,0.0,0,0,9,16.1,5,31,0,6,83.9,26,0.0,0,84.0,6,0,3.2,1,25,36,6.0,4.2,0.96
Kenneth Gainwell,77737,HB,PIT,1,-2.3,1,100.0,,0,0,0,0.0,0,1,25,0,74.6,74.3,73.5,73.1,69.4,10.0,2,0,9,5.0,1,20,0,6,95.0,19,35.0,7,85.4,6,0,10.0,2,27,41,6.8,4.5,1.42
Brenton Strange,101694,TE,JAX,1,5.5,1,50.0,0.0,0,2,0,25.0,1,1,15,0,42.1,67.0,58.5,68.3,58.5,30.8,8,0,16,7.7,2,26,1,3,88.5,23,57.7,15,62.5,6,0,11.5,3,27,19,6.3,9.0,1.17
Jack Bech,146771,WR,LV,1,7.5,0,100.0,100.0,1,1,0,0.0,0,2,23,0,74.6,68.8,63.5,69.8,63.2,2.9,1,0,17,2.9,1,34,0,6,91.2,31,23.5,8,101.4,6,0,73.5,25,50,5,0.8,8.3,1.61
Brian Thomas Jr.,146760,WR,JAX,1,25.8,0,50.0,40.0,2,5,0,0.0,0,3,15,0,70.5,65.8,80.3,,79.4,0.0,0,0,39,0.0,0,32,0,3,96.9,31,25.0,8,95.8,6,0,75.0,24,87,12,4.0,29.0,2.81
Adonai Mitchell,146712,WR,NYJ,1,13.8,0,16.7,0.0,0,3,0,50.0,1,1,22,0,28.8,61.2,51.3,,53.7,0.0,0,1,24,0.0,0,40,0,1,95.0,38,22.5,9,4.2,6,0,77.5,31,24,3,3.0,24.0,0.63
Mike Gesicki,47153,TE,CIN,1,11.3,0,100.0,100.0,1,1,0,0.0,0,5,7,0,74.6,68.8,92.9,61.6,91.9,0.0,0,0,37,4.5,1,22,0,6,81.8,18,86.4,19,158.3,6,1,13.6,3,86,23,3.8,14.3,4.78
Davante Adams,8688,WR,LA,1,9.7,0,66.7,,0,0,0,0.0,0,3,26,0,42.1,67.0,59.3,,59.0,0.0,0,0,10,0.0,0,24,0,4,91.7,22,16.7,4,77.8,6,0,83.3,20,29,0,0.0,7.3,1.32
Bam Knight,97432,HB,ARZ,1,2.6,0,60.0,,0,0,0,0.0,0,1,1,0,70.5,73.2,52.1,55.5,64.2,0.0,0,0,9,15.0,3,20,0,3,85.0,17,0.0,0,67.1,5,0,10.0,2,18,13,4.3,6.0,1.06
Colston Loveland,158540,TE,CHI,1,6.2,0,80.0,0.0,0,1,0,0.0,0,3,6,0,72.1,67.0,66.1,72.7,71.5,52.2,12,0,11,4.3,1,23,1,4,95.7,22,21.7,5,130.4,5,1,13.0,3,29,13,3.3,7.3,1.32
Dylan Drummond,78187,WR,ATL,1,6.0,1,60.0,33.3,1,3,0,25.0,1,1,2,0,36.8,65.8,52.1,,53.4,0.0,0,0,15,0.0,0,24,0,3,91.7,22,33.3,8,69.6,5,0,66.7,16,21,11,3.7,7.0,0.95
Dylan Sampson,163772,HB,CLV,1,0.4,3,100.0,,0,0,0,0.0,0,1,8,1,73.4,18.0,59.8,,53.4,4.2,1,0,31,0.0,0,24,0,5,95.8,23,16.7,4,118.8,5,0,4.2,1,64,62,12.4,12.8,2.78
Devaughn Vele,100637,WR,NO,1,10.4,0,60.0,0.0,0,1,0,0.0,0,3,20,0,70.5,65.8,69.0,,68.2,4.2,1,0,16,0.0,0,24,0,3,91.7,22,54.2,13,85.4,5,0,41.7,10,40,7,2.3,13.3,1.82
Dalton Kincaid,91791,TE,BUF,1,5.2,0,80.0,0.0,0,1,0,0.0,0,3,4,0,72.1,67.0,80.8,,77.2,40.0,8,0,20,0.0,0,20,0,4,95.0,19,35.0,7,140.4,5,1,20.0,4,41,40,10.0,10.3,2.16
Jerry Jeudy,61103,WR,CLV,1,11.6,0,60.0,,0,0,0,0.0,0,2,8,0,70.5,65.8,69.3,,68.3,0.0,0,0,60,0.0,0,47,0,3,95.7,45,14.9,7,143.8,5,1,85.1,40,76,44,14.7,25.3,1.69
Terry McLaurin,48229,WR,WAS,1,8.2,0,60.0,,0,0,0,0.0,0,2,32,0,70.5,65.8,65.7,,64.8,0.0,0,1,28,0.0,0,24,0,3,95.8,23,8.3,2,46.7,5,0,91.7,22,41,9,3.0,13.7,1.78
Tre Tucker,101106,WR,LV,1,14.8,1,40.0,0.0,0,1,0,33.3,1,2,23,0,30.0,64.0,56.0,,55.7,2.6,1,0,13,0.0,0,38,0,2,94.7,36,13.2,5,55.4,5,0,84.2,32,24,5,2.5,12.0,0.67
Isaiah Likely,83955,TE,BLT,1,7.6,0,80.0,0.0,0,1,0,0.0,0,2,3,0,72.1,67.0,63.1,66.2,60.5,7.7,2,0,8,3.8,1,26,0,4,84.6,22,69.2,18,127.1,5,1,23.1,6,25,10,2.5,6.3,1.14
Chris Olave,84355,WR,NO,1,17.8,1,60.0,,0,0,0,0.0,0,2,20,0,73.4,68.0,72.6,,75.8,0.0,0,1,12,0.0,0,26,1,3,92.3,24,23.1,6,37.5,5,0,76.9,20,30,11,3.7,10.0,1.25
Tyler Warren,129798,TE,IND,1,7.6,0,40.0,50.0,2,4,0,0.0,0,1,14,0,68.3,66.2,50.1,66.4,50.6,27.3,12,0,13,2.3,1,44,0,2,84.1,37,50.0,22,47.9,5,0,20.5,9,15,0,0.0,7.5,0.41
Pat Bryant,144800,WR,DEN,1,13.8,2,80.0,100.0,2,2,0,0.0,0,3,10,0,72.1,67.0,63.1,,62.6,0.0,0,0,13,0.0,0,29,0,4,100.0,29,65.5,19,93.3,5,0,34.5,10,32,13,3.3,8.0,1.1
Colby Parkinson,52266,TE,LA,1,3.8,0,60.0,50.0,1,2,0,0.0,0,2,26,0,70.5,65.8,75.4,47.4,80.9,57.7,15,0,14,11.5,3,26,0,3,84.6,22,19.2,5,118.3,5,1,23.1,6,32,23,7.7,10.7,1.45
Ladd McConkey,124030,WR,LAC,1,27.8,2,20.0,0.0,0,1,0,0.0,0,1,27,0,64.7,61.2,57.2,,55.0,0.0,0,0,12,0.0,0,42,0,1,95.2,40,66.7,28,39.6,5,0,33.3,14,12,6,6.0,12.0,0.3
Brock Bowers,146715,TE,LV,1,9.6,0,80.0,100.0,2,2,0,0.0,0,3,23,0,72.1,67.0,66.0,69.4,65.7,31.7,13,0,15,4.9,2,41,0,4,90.2,37,51.2,21,144.6,5,1,17.1,7,46,10,2.5,11.5,1.24
Rashid Shaheed,63707,WR,SEA,1,12.8,0,80.0,,0,0,0,0.0,0,3,29,0,72.1,73.5,77.0,,75.4,0.0,0,0,33,0.0,0,25,0,4,96.0,24,24.0,6,118.8,5,0,76.0,19,67,19,4.8,16.8,2.79
Travis Kelce,7844,TE,KC,1,6.8,0,20.0,,0,0,0,66.7,2,0,16,0,26.4,61.2,41.5,74.8,35.8,37.8,14,1,8,8.1,3,37,0,1,91.9,34,43.2,16,0.0,5,0,16.2,6,8,11,11.0,8.0,0.24
AJ Barner,129433,TE,SEA,1,5.5,0,75.0,100.0,1,1,0,0.0,0,1,29,0,72.1,67.0,57.9,77.9,59.3,72.4,21,0,15,17.2,5,29,1,3,79.3,23,17.2,5,92.7,4,0,6.9,2,27,14,4.7,9.0,1.17
Juwan Johnson,28305,TE,NO,1,5.3,0,100.0,100.0,1,1,0,0.0,0,2,20,0,72.1,67.0,84.1,56.6,84.9,41.2,7,0,12,11.8,2,17,0,4,82.4,14,35.3,6,106.3,4,0,23.5,4,38,17,4.3,9.5,2.71
Malik Washington,97108,WR,MIA,1,4.5,0,75.0,100.0,1,1,0,0.0,0,0,17,0,70.5,72.4,59.3,,63.4,0.0,0,0,9,0.0,0,14,1,3,92.9,13,35.7,5,77.1,4,0,57.1,8,10,7,2.3,3.3,0.77
David Sills V,34579,WR,ATL,1,9.8,0,0.0,0.0,0,2,0,100.0,1,0,2,0,28.0,,43.7,,44.8,0.0,0,1,0,0.0,0,33,1,0,93.9,31,33.3,11,0.0,4,0,66.7,22,0,0,,,0.0
Luke Musgrave,98499,TE,GB,1,14.0,0,50.0,0.0,0,1,0,0.0,0,2,12,0,68.3,64.0,77.5,,84.1,55.6,5,0,12,0.0,0,9,0,2,100.0,9,33.3,3,66.7,4,0,11.1,1,22,1,0.5,11.0,2.44
Troy Franklin,146567,WR,DEN,1,5.8,0,75.0,100.0,1,1,0,25.0,1,0,10,0,36.2,65.8,47.6,,48.8,0.0,0,0,6,0.0,0,17,0,3,100.0,17,17.6,3,77.1,4,0,82.4,14,11,6,2.0,3.7,0.65
Van Jefferson,47447,WR,TEN,1,7.8,0,50.0,0.0,0,1,0,0.0,0,0,31,0,68.3,64.0,56.4,,59.5,0.0,0,0,11,0.0,0,24,0,2,95.8,23,16.7,4,61.5,4,0,83.3,20,17,13,6.5,8.5,0.74
Xavier Worthy,144718,WR,KC,1,11.8,0,75.0,,0,0,0,0.0,0,3,16,0,70.5,73.6,70.5,,69.8,0.0,0,0,23,0.0,0,34,0,3,100.0,34,26.5,9,116.7,4,0,73.5,25,55,19,6.3,18.3,1.62
Oronde Gadsden II,144046,TE,LAC,1,9.3,0,25.0,,0,0,0,0.0,0,0,27,0,64.7,61.2,43.3,68.0,46.6,36.4,12,1,7,6.1,2,33,0,1,87.9,29,42.4,14,0.0,4,0,21.2,7,7,4,4.0,7.0,0.24
Darnell Mooney,48236,WR,ATL,1,11.5,0,25.0,0.0,0,1,0,0.0,0,0,2,0,64.7,61.2,50.8,,50.9,0.0,0,0,6,0.0,0,30,0,1,93.3,28,43.3,13,39.6,4,0,56.7,17,6,0,0.0,6.0,0.21
D'Andre Swift,57212,HB,CHI,1,-2.5,0,75.0,,0,0,0,25.0,1,1,6,0,36.8,75.4,70.1,63.4,44.5,19.2,5,0,10,19.2,5,26,0,3,80.8,21,3.8,1,84.4,4,0,0.0,0,19,26,8.7,6.3,0.9
Michael Carter,57337,HB,ARZ,1,4.5,1,50.0,0.0,0,1,0,0.0,0,1,1,0,68.3,69.0,60.8,82.7,59.5,3.3,1,0,12,20.0,6,30,0,2,80.0,24,6.7,2,62.5,4,0,10.0,3,18,20,10.0,9.0,0.75
Cade Otton,61071,TE,TB,1,6.0,0,75.0,,0,0,0,0.0,0,0,30,0,70.5,65.8,54.5,68.6,55.4,35.3,12,0,9,5.9,2,34,0,3,88.2,30,47.1,16,84.4,4,0,17.6,6,19,12,4.0,6.3,0.63
Justin Jefferson,61398,WR,MIN,1,12.3,0,50.0,0.0,0,1,0,0.0,0,1,18,0,70.5,65.8,64.9,,64.1,0.0,0,0,13,0.0,0,26,0,2,92.3,24,34.6,9,56.3,4,0,65.4,17,11,12,6.0,5.5,0.46
Ashton Jeanty,157196,HB,LV,1,1.3,1,50.0,0.0,0,1,0,0.0,0,0,23,0,68.3,73.9,60.9,79.7,56.3,0.0,0,0,4,16.0,4,25,0,2,80.0,20,0.0,0,56.3,4,0,8.0,2,8,6,3.0,4.0,0.4
Christian Watson,66581,WR,GB,1,10.8,0,100.0,,0,0,0,0.0,0,3,12,0,72.1,67.0,83.2,,82.8,0.0,0,0,41,0.0,0,21,0,4,100.0,21,23.8,5,158.3,4,2,76.2,16,89,46,11.5,22.3,4.24
Chase Brown,77787,HB,CIN,1,8.0,0,75.0,50.0,1,2,0,0.0,0,1,7,0,70.5,75.0,58.5,40.0,65.5,0.0,0,0,10,21.4,6,28,0,3,71.4,20,7.1,2,116.7,4,1,3.6,1,12,5,1.7,4.0,0.6
Javonte Williams,77803,HB,DAL,1,-0.3,0,50.0,0.0,0,1,0,0.0,0,0,9,0,68.3,76.6,53.4,41.0,53.1,0.0,0,0,5,21.7,10,46,0,2,73.9,34,4.3,2,56.3,4,0,4.3,2,0,9,4.5,0.0,0.0
Josh Downs,122832,WR,IND,1,5.0,0,100.0,100.0,1,1,0,0.0,0,2,14,0,72.1,67.0,63.6,,63.4,0.0,0,0,12,0.0,0,31,0,4,80.6,25,77.4,24,90.6,4,0,19.4,6,23,3,0.8,5.8,0.92
Jayden Reed,78171,WR,GB,1,7.0,0,100.0,100.0,1,1,0,0.0,0,2,12,0,72.1,69.4,69.1,,69.6,0.0,0,0,18,0.0,0,17,0,4,100.0,17,82.4,14,99.0,4,0,17.6,3,31,3,0.8,7.8,1.82
Tyler Lockett,9502,WR,LV,1,10.0,0,75.0,100.0,1,1,0,25.0,1,1,23,0,36.8,65.8,52.4,,52.9,0.0,0,0,26,0.0,0,31,0,3,93.5,29,77.4,24,107.3,4,0,22.6,7,41,3,1.0,13.7,1.41
Dalton Schultz,47304,TE,HST,1,4.3,0,100.0,,0,0,0,0.0,0,1,13,0,72.1,67.0,61.9,,64.8,51.4,18,0,14,0.0,0,35,0,3,88.6,31,48.6,17,97.2,3,0,0.0,0,22,9,3.0,7.3,0.71
Kimani Vidal,123727,HB,LAC,1,6.7,1,33.3,,0,0,0,0.0,0,1,27,0,64.7,77.7,60.2,57.8,61.7,2.9,1,0,60,26.5,9,34,1,1,70.6,24,2.9,1,81.9,3,0,2.9,1,60,59,59.0,60.0,2.5
Keon Coleman,144949,WR,BUF,1,9.7,0,66.7,0.0,0,1,0,0.0,0,1,4,0,68.3,64.0,67.1,60.9,65.7,10.0,1,0,8,10.0,1,10,0,2,80.0,8,20.0,2,79.9,3,0,70.0,7,16,6,3.0,8.0,2.0
Gage Larvadain,150169,WR,CLV,1,11.3,1,66.7,,0,0,0,0.0,0,1,8,0,68.3,73.3,61.0,,61.2,0.0,0,1,14,0.0,0,23,0,2,87.0,20,56.5,13,43.1,3,0,43.5,10,18,12,6.0,9.0,0.9
Elic Ayomanor,157263,WR,TEN,1,7.3,0,33.3,0.0,0,1,0,0.0,0,1,31,0,64.7,61.2,48.1,,58.8,0.0,0,1,14,0.0,0,24,0,1,100.0,24,29.2,7,49.3,3,1,70.8,17,14,4,4.0,14.0,0.58
Isaac TeSlaa,172430,WR,DET,1,19.0,0,66.7,,0,0,0,0.0,0,1,11,0,68.3,64.0,60.3,,56.7,0.0,0,0,12,0.0,0,33,0,2,90.9,30,24.2,8,125.0,3,1,75.8,25,20,2,1.0,10.0,0.67
Quentin Johnston,123085,WR,LAC,1,3.3,0,66.7,0.0,0,1,0,33.3,1,0,27,0,29.9,64.0,48.3,,48.4,0.0,0,0,8,0.0,0,40,0,2,95.0,38,10.0,4,70.1,3,0,90.0,36,8,2,1.0,4.0,0.21
Andrei Iosivas,109811,WR,CIN,1,6.0,0,66.7,,0,0,0,33.3,1,1,7,0,30.0,64.0,51.9,,52.5,0.0,0,0,11,0.0,0,27,0,2,88.9,24,55.6,15,81.3,3,0,44.4,12,17,8,4.0,8.5,0.71
Ty Johnson,45769,HB,BUF,1,-4.7,1,66.7,,0,0,0,0.0,0,0,4,0,68.3,70.7,60.4,70.4,62.7,8.3,1,0,7,8.3,1,12,0,2,83.3,10,8.3,1,77.1,3,0,16.7,2,14,23,11.5,7.0,1.4
Olamide Zaccheaus,44920,WR,CHI,1,9.0,0,66.7,100.0,1,1,0,0.0,0,1,6,0,68.3,64.0,54.4,72.2,56.8,0.0,0,0,6,5.9,2,34,0,2,91.2,31,32.4,11,109.7,3,1,67.6,23,7,0,0.0,3.5,0.23
Lil'Jordan Humphrey,42247,WR,DEN,1,5.0,0,100.0,,0,0,0,0.0,0,2,10,0,70.5,65.8,76.7,,75.1,0.0,0,0,15,0.0,0,9,0,3,100.0,9,44.4,4,104.2,3,0,55.6,5,27,12,4.0,9.0,3.0
Cedric Tillman,84434,WR,CLV,1,21.7,0,33.3,0.0,0,1,0,0.0,0,1,8,0,64.7,61.2,64.1,,58.9,0.0,0,0,23,0.0,0,31,0,1,93.5,29,38.7,12,61.8,3,0,61.3,19,23,5,5.0,23.0,0.79
Keenan Allen,7857,WR,LAC,1,6.7,0,100.0,,0,0,0,0.0,0,1,27,0,70.5,65.8,59.1,,58.8,0.0,0,0,10,0.0,0,32,0,3,93.8,30,34.4,11,97.2,3,0,65.6,21,22,2,0.7,7.3,0.73
T.J. Hockenson,40912,TE,MIN,1,4.3,1,66.7,,0,0,0,0.0,0,2,18,0,68.3,64.0,68.6,70.2,67.1,40.9,9,0,10,4.5,1,22,0,2,90.9,20,45.5,10,113.9,3,1,13.6,3,12,6,3.0,6.0,0.6
Jaylen Warren,98692,HB,PIT,1,-3.0,2,100.0,,0,0,0,0.0,0,1,25,0,72.1,74.2,56.4,73.5,76.1,0.0,0,0,38,5.9,1,17,0,3,88.2,15,0.0,0,158.3,3,1,0.0,0,49,58,19.3,16.3,3.27
Jahan Dotson,84375,WR,PHI,1,11.7,0,33.3,,0,0,0,0.0,0,0,24,0,64.7,61.2,51.5,,51.8,0.0,0,1,3,0.0,0,29,0,1,89.7,26,55.2,16,2.8,3,0,44.8,13,3,0,0.0,3.0,0.12
Rashod Bateman,84296,WR,BLT,1,8.3,0,66.7,,0,0,0,33.3,1,2,3,0,29.9,64.0,52.1,,51.5,0.0,0,0,18,0.0,0,39,0,2,97.4,38,12.8,5,89.6,3,0,87.2,34,23,1,0.5,11.5,0.61
Jalen Nailor,84292,WR,MIN,1,4.3,1,100.0,,0,0,0,0.0,0,2,18,0,70.5,65.8,75.5,,72.8,0.0,0,0,12,0.0,0,21,0,3,95.2,20,66.7,14,108.3,3,0,33.3,7,30,17,5.7,10.0,1.5
Zach Charbonnet,97630,HB,SEA,1,2.7,0,66.7,,0,0,0,33.3,1,1,29,0,29.9,72.3,68.6,77.6,40.0,0.0,0,0,15,23.5,4,17,0,2,76.5,13,5.9,1,85.4,3,0,0.0,0,20,17,8.5,10.0,1.54
Rasheen Ali,121717,HB,BLT,1,4.7,1,66.7,,0,0,0,0.0,0,0,3,0,68.3,69.8,56.1,27.7,64.5,0.0,0,1,6,30.8,8,26,0,2,65.4,17,0.0,0,33.3,3,0,0.0,0,11,13,6.5,5.5,0.65
Tyjae Spears,97195,HB,TEN,1,-0.7,3,66.7,,0,0,0,0.0,0,1,31,0,68.3,72.9,79.7,61.4,86.4,5.3,1,0,24,21.1,4,19,0,2,78.9,15,15.8,3,96.5,3,0,5.3,1,28,29,14.5,14.0,1.87
Tyquan Thornton,78092,WR,KC,1,23.0,0,66.7,0.0,0,1,0,0.0,0,2,16,0,68.3,68.7,75.4,,73.5,0.0,0,0,12,0.0,0,12,0,2,100.0,12,25.0,3,84.0,3,0,75.0,9,19,1,0.5,9.5,1.58
Pat Freiermuth,84085,TE,PIT,1,2.0,0,66.7,,0,0,0,0.0,0,0,25,0,68.3,64.0,51.1,72.6,51.3,33.3,8,0,6,8.3,2,24,0,2,91.7,22,45.8,11,70.1,3,0,20.8,5,9,8,4.0,4.5,0.41
Isaiah Williams,97156,WR,NYJ,1,5.0,1,66.7,0.0,0,1,0,0.0,0,1,22,0,68.3,74.8,67.8,,64.4,0.0,0,0,15,0.0,0,24,0,2,91.7,22,75.0,18,91.0,3,0,25.0,6,24,14,7.0,12.0,1.09
DJ Moore,48267,WR,CHI,1,3.7,0,33.3,0.0,0,1,0,0.0,0,0,6,0,64.7,61.2,51.4,,50.8,0.0,0,0,-4,0.0,0,34,0,1,97.1,33,23.5,8,42.4,3,0,73.5,25,-4,-1,-1.0,-4.0,-0.12
Jeremy Ruckert,84029,TE,NYJ,1,3.3,0,66.7,,0,0,0,33.3,1,1,22,0,30.0,64.0,50.1,28.5,51.9,57.9,11,0,14,26.3,5,19,0,2,73.7,14,26.3,5,84.0,3,0,10.5,2,19,13,6.5,9.5,1.36
Greg Dulcich,84068,TE,MIA,1,1.3,0,100.0,,0,0,0,0.0,0,2,17,0,72.1,67.0,78.0,,90.7,64.3,9,0,23,0.0,0,14,0,3,92.9,13,21.4,3,118.8,3,0,14.3,2,41,37,12.3,13.7,3.15
Darren Waller,9637,TE,MIA,1,12.0,0,33.3,,0,0,0,0.0,0,1,17,0,64.7,64.6,55.6,,63.1,23.1,3,0,13,0.0,0,13,0,1,100.0,13,23.1,3,47.9,3,0,53.8,7,13,3,3.0,13.0,1.0
Woody Marks,124179,HB,HST,1,4.0,0,66.7,,0,0,0,0.0,0,1,13,0,68.3,78.9,62.5,68.8,63.5,0.0,0,0,9,33.3,11,33,0,2,57.6,19,0.0,0,109.7,3,1,3.0,1,8,10,5.0,4.0,0.42
Noah Gray,60878,TE,KC,1,6.0,0,33.3,,0,0,0,50.0,1,0,16,0,28.8,61.2,41.2,63.7,40.7,65.0,13,0,14,35.0,7,20,0,1,65.0,13,20.0,4,49.3,3,0,10.0,2,14,4,4.0,14.0,1.08
Andre Baccellia,47901,WR,ARZ,1,0.3,1,33.3,,0,0,0,50.0,1,0,1,0,28.8,61.2,45.5,,46.8,0.0,0,0,3,0.0,0,39,0,1,100.0,39,48.7,19,42.4,3,0,51.3,20,3,7,7.0,3.0,0.08
Cole Kmet,60995,TE,CHI,1,20.3,0,66.7,100.0,1,1,0,0.0,0,2,6,0,68.3,64.0,70.3,77.7,62.9,65.5,19,1,26,17.2,5,29,0,2,79.3,23,6.9,2,70.1,3,0,10.3,3,42,2,1.0,21.0,1.83
Jalen Brooks,111284,WR,ARZ,1,11.7,2,66.7,,0,0,0,0.0,0,2,1,0,68.3,70.2,76.1,,75.1,0.0,0,0,20,0.0,0,19,0,2,100.0,19,15.8,3,102.1,3,0,84.2,16,32,18,9.0,16.0,1.68
Cooper Kupp,11824,WR,SEA,1,12.7,1,66.7,,0,0,0,0.0,0,2,29,0,68.3,64.0,60.4,61.6,63.6,0.0,0,0,24,3.3,1,30,0,2,96.7,29,46.7,14,145.8,3,1,46.7,14,35,25,12.5,17.5,1.21
Christian Kirk,47546,WR,HST,1,15.7,0,33.3,100.0,1,1,0,50.0,1,0,13,0,28.9,61.2,46.4,,46.6,0.0,0,0,6,0.0,0,15,0,1,100.0,15,73.3,11,42.4,3,0,26.7,4,6,0,0.0,6.0,0.4
Tre Harris,122676,WR,LAC,1,12.5,0,50.0,100.0,1,1,0,0.0,0,1,27,0,64.7,64.6,58.7,,62.9,0.0,0,0,18,0.0,0,13,0,1,100.0,13,69.2,9,81.3,2,0,30.8,4,18,0,0.0,18.0,1.38
DeAndre Hopkins,7808,WR,BLT,1,22.0,0,0.0,0.0,0,1,0,,0,0,3,0,,,52.4,,53.3,0.0,0,0,0,0.0,0,9,0,0,77.8,7,11.1,1,39.6,2,0,88.9,8,0,0,,,0.0
Zach Ertz,7816,TE,WAS,1,10.0,0,50.0,,0,0,0,0.0,0,1,32,0,64.7,61.2,66.5,69.7,56.8,30.8,8,0,11,3.8,1,26,0,1,88.5,23,50.0,13,66.7,2,0,19.2,5,11,5,5.0,11.0,0.48
Ameer Abdullah,9487,HB,IND,1,-2.5,2,100.0,,0,0,0,0.0,0,0,14,0,68.3,71.1,57.0,26.6,58.3,0.0,0,0,4,6.7,1,15,0,2,86.7,13,0.0,0,79.2,2,0,13.3,2,5,10,5.0,2.5,0.38
Derrick Henry,10679,HB,BLT,1,0.0,1,50.0,,0,0,0,0.0,0,0,3,0,64.7,78.5,68.8,54.1,66.3,0.0,0,0,8,20.0,3,15,0,1,80.0,12,0.0,0,60.4,2,0,0.0,0,8,6,6.0,8.0,0.67
Evan Engram,11778,TE,DEN,1,1.0,0,100.0,,0,0,0,0.0,0,0,10,0,68.3,64.0,50.6,,49.3,40.0,10,0,6,0.0,0,25,0,2,100.0,25,36.0,9,83.3,2,0,16.0,4,8,6,3.0,4.0,0.32
JuJu Smith-Schuster,11817,WR,KC,1,8.5,0,50.0,100.0,1,1,0,0.0,0,1,16,0,64.7,61.2,52.3,,63.4,0.0,0,1,5,0.0,0,12,0,1,100.0,12,50.0,6,16.7,2,0,50.0,6,5,0,0.0,5.0,0.42
Kareem Hunt,11841,HB,KC,1,0.5,0,0.0,,0,0,0,100.0,1,0,16,0,28.0,74.3,56.8,76.2,30.3,4.0,1,0,0,8.0,2,25,0,0,92.0,23,0.0,0,39.6,2,0,0.0,0,0,0,,,0.0
Noah Brown,11993,WR,WAS,1,11.0,0,50.0,100.0,1,1,0,0.0,0,1,32,0,64.7,61.2,57.6,,57.5,0.0,0,0,19,0.0,0,26,0,1,96.2,25,23.1,6,83.3,2,0,76.9,20,19,0,0.0,19.0,0.76
Mo Alie-Cox,12078,TE,IND,1,10.0,0,0.0,0.0,0,1,0,,0,0,14,0,,,62.8,75.2,47.8,100.0,10,0,0,40.0,4,10,0,0,60.0,6,0.0,0,39.6,2,0,0.0,0,0,0,,,0.0
Taysom Hill,12112,TE,NO,1,2.0,0,0.0,,0,0,0,100.0,2,0,20,0,25.6,17.2,26.9,,28.8,0.0,0,0,0,0.0,0,9,0,0,88.9,8,55.6,5,39.6,2,0,22.2,2,0,0,,,0.0
Adam Prentice,35639,FB,DEN,1,0.5,0,100.0,,0,0,0,0.0,0,1,10,0,68.3,67.8,64.9,69.0,62.3,8.3,1,0,6,16.7,2,12,0,2,83.3,10,8.3,1,89.6,2,0,33.3,4,11,10,5.0,5.5,1.1
Ian Thomas,42130,TE,LV,1,3.0,0,100.0,,0,0,0,0.0,0,2,23,0,68.3,64.0,75.7,72.7,79.7,73.3,11,0,12,13.3,2,15,0,2,86.7,13,6.7,1,102.1,2,0,20.0,3,17,11,5.5,8.5,1.31
Noah Fant,42388,TE,CIN,1,9.0,0,50.0,,0,0,0,0.0,0,1,7,0,64.7,61.2,70.1,70.2,60.8,56.3,9,0,15,12.5,2,16,0,1,81.3,13,25.0,4,75.0,2,0,18.8,3,15,12,12.0,15.0,1.15
Josh Jacobs,45953,HB,GB,1,-3.5,1,100.0,,0,0,0,0.0,0,0,12,0,70.5,77.6,84.4,79.1,71.6,0.0,0,0,6,25.0,4,16,0,2,68.8,11,0.0,0,79.2,2,0,0.0,0,6,13,6.5,3.0,0.55
Josh Oliver,47083,TE,MIN,1,8.5,0,100.0,100.0,1,1,0,0.0,0,2,18,0,68.3,64.0,92.8,58.8,90.9,69.2,9,0,18,30.8,4,13,0,2,61.5,8,30.8,4,156.3,2,2,0.0,0,24,7,3.5,12.0,3.0
Mark Andrews,47436,TE,BLT,1,11.0,0,50.0,,0,0,0,0.0,0,0,3,0,64.7,61.2,57.8,,54.0,0.0,0,0,9,0.0,0,39,0,1,92.3,36,76.9,30,62.5,2,0,23.1,9,9,0,0.0,9.0,0.25
KaVontae Turpin,47658,WR,DAL,1,6.5,0,100.0,,0,0,0,0.0,0,2,9,0,68.3,76.0,60.2,,61.7,0.0,0,0,21,0.0,0,34,0,2,85.3,29,73.5,25,118.8,2,0,26.5,9,26,13,6.5,13.0,0.9
Allen Lazard,48135,WR,NYJ,1,31.5,0,0.0,0.0,0,2,0,,0,0,22,0,,,52.1,,53.2,0.0,0,0,0,0.0,0,9,0,0,100.0,9,77.8,7,39.6,2,0,22.2,2,0,0,,,0.0
Gabe Davis,55410,WR,BUF,1,10.5,0,100.0,,0,0,0,0.0,0,1,4,0,68.3,64.0,56.6,,56.4,0.0,0,0,17,0.0,0,28,0,2,96.4,27,14.3,4,110.4,2,0,85.7,24,21,0,0.0,10.5,0.78
Calvin Austin III,61418,WR,PIT,1,13.0,0,50.0,0.0,0,1,0,0.0,0,1,25,0,64.7,68.4,61.7,,61.3,0.0,0,0,31,0.0,0,16,0,1,100.0,16,75.0,12,95.8,2,0,25.0,4,31,8,8.0,31.0,1.94
Marquise Brown,61568,WR,KC,1,38.0,0,50.0,,0,0,0,0.0,0,1,16,0,64.7,61.2,68.7,,67.8,0.0,0,1,35,0.0,0,19,0,1,100.0,19,36.8,7,56.3,2,0,57.9,11,35,0,0.0,35.0,1.84
Bo Melton,61610,WR,GB,1,38.5,0,50.0,,0,0,1,0.0,0,1,12,0,64.7,65.3,71.0,,70.0,0.0,0,0,45,0.0,0,5,1,1,100.0,5,60.0,3,135.4,2,1,40.0,2,45,0,0.0,45.0,9.0
Jerome Ford,83601,HB,CLV,1,-7.5,0,100.0,,0,0,0,0.0,0,1,8,0,68.3,72.4,64.6,77.4,65.5,7.7,1,0,9,23.1,3,13,0,2,69.2,9,0.0,0,87.5,2,0,23.1,3,10,25,12.5,5.0,1.11
Tyler Allgeier,83639,HB,ATL,1,-3.0,0,100.0,,0,0,0,0.0,0,1,2,0,68.3,74.4,66.9,80.6,80.9,0.0,0,0,21,30.8,4,13,0,2,53.8,7,0.0,0,118.8,2,0,0.0,0,33,39,19.5,16.5,4.71
James Cook,83666,HB,BUF,1,-2.5,1,100.0,,0,0,0,0.0,0,1,4,0,68.3,18.7,56.2,77.6,65.1,0.0,0,0,27,10.7,3,28,1,2,82.1,23,3.6,1,118.8,2,0,0.0,0,31,36,18.0,15.5,1.35
John FitzPatrick,83974,TE,GB,1,1.5,0,100.0,,0,0,0,0.0,0,0,12,0,68.3,64.0,73.8,69.1,69.5,81.8,9,0,8,9.1,1,11,0,2,81.8,9,9.1,1,95.8,2,0,9.1,1,14,11,5.5,7.0,1.56
Chigoziem Okonkwo,84000,TE,TEN,1,0.0,0,100.0,,0,0,0,0.0,0,1,31,0,68.3,64.0,55.1,9.2,78.0,63.6,14,0,11,4.5,1,22,1,2,95.5,21,22.7,5,108.3,2,0,9.1,2,20,20,10.0,10.0,0.95
Luke Schoonmaker,84005,TE,DAL,1,8.0,0,50.0,100.0,1,1,0,0.0,0,1,9,0,64.7,61.2,65.6,70.2,67.8,22.2,2,0,12,11.1,1,9,0,1,88.9,8,66.7,6,68.8,2,0,11.1,1,12,0,0.0,12.0,1.5
Khalil Shakir,84140,WR,BUF,1,6.5,0,100.0,100.0,1,1,0,0.0,0,1,4,0,68.3,67.1,66.0,,62.5,8.3,2,0,11,0.0,0,24,0,2,95.8,23,62.5,15,139.6,2,1,29.2,7,16,8,4.0,8.0,0.7
Romeo Doubs,84329,WR,GB,1,32.0,0,0.0,0.0,0,1,0,,0,0,12,0,,67.2,52.9,,52.9,0.0,0,0,0,0.0,0,20,0,0,95.0,19,10.0,2,39.6,2,0,90.0,18,0,0,,,0.0
Kyren Williams,97118,HB,LA,1,2.5,0,100.0,,0,0,0,0.0,0,0,26,0,68.3,75.2,83.4,81.0,61.9,0.0,0,0,9,17.4,4,23,0,2,78.3,18,8.7,2,93.8,2,0,0.0,0,13,8,4.0,6.5,0.72
Kenneth Walker III,97199,HB,SEA,1,-1.0,1,50.0,,0,0,0,50.0,1,0,29,0,28.9,74.1,58.5,56.4,31.5,0.0,0,0,-1,20.0,4,20,0,1,80.0,16,5.0,1,56.3,2,0,0.0,0,-1,2,2.0,-1.0,-0.06
Davis Allen,99697,TE,LA,1,1.0,0,100.0,,0,0,0,0.0,0,1,26,0,68.3,64.0,69.5,72.9,70.3,55.6,10,0,12,11.1,2,18,1,2,83.3,15,27.8,5,110.4,2,0,16.7,3,21,19,9.5,10.5,1.4
Adam Trautman,109795,TE,DEN,1,4.5,1,100.0,,0,0,0,0.0,0,1,10,0,68.3,66.8,64.4,32.2,60.2,68.0,17,0,12,16.0,4,25,0,2,84.0,21,16.0,4,102.1,2,0,8.0,2,17,8,4.0,8.5,0.81
Bijan Robinson,123126,HB,ATL,1,0.0,2,100.0,,0,0,0,0.0,0,1,2,0,68.3,25.7,62.9,73.5,69.6,0.0,0,0,5,13.6,3,22,0,2,86.4,19,4.5,1,83.3,2,0,13.6,3,8,8,4.0,4.0,0.42
Jaylin Noel,125155,WR,HST,1,3.0,0,100.0,,0,0,0,0.0,0,0,13,0,68.3,71.7,53.1,,54.4,0.0,0,0,7,0.0,0,20,0,2,85.0,17,60.0,12,91.7,2,0,40.0,8,12,6,3.0,6.0,0.71
Kyle Monangai,129891,HB,CHI,1,1.0,0,50.0,,0,0,0,0.0,0,0,6,0,64.7,75.7,53.5,13.9,57.7,0.0,0,0,0,15.4,2,13,0,1,84.6,11,0.0,0,56.3,2,0,0.0,0,0,2,2.0,0.0,0.0
Gunnar Helm,144726,TE,TEN,1,-0.5,0,50.0,,0,0,0,0.0,0,0,31,0,64.7,61.2,45.7,27.3,51.1,60.0,9,0,8,13.3,2,15,0,1,80.0,12,26.7,4,60.4,2,0,13.3,2,8,11,11.0,8.0,0.67
Bucky Irving,144970,HB,TB,1,-4.0,1,100.0,,0,0,0,0.0,0,1,30,0,68.3,75.9,70.8,65.8,66.4,0.0,0,0,24,4.8,1,21,0,2,85.7,18,9.5,2,158.3,2,1,0.0,0,26,34,17.0,13.0,1.44
Jaylen Wright,146934,HB,MIA,1,-5.0,0,0.0,0.0,0,1,0,100.0,1,0,17,0,27.9,78.4,77.7,,28.7,0.0,0,0,0,0.0,0,7,0,0,85.7,6,28.6,2,39.6,2,0,0.0,0,0,0,,,0.0
Quinshon Judkins,157128,HB,CLV,1,0.5,1,50.0,,0,0,0,0.0,0,1,8,0,64.7,75.9,48.8,16.8,54.5,6.7,1,0,58,13.3,2,15,0,1,80.0,12,6.7,1,95.8,2,0,6.7,1,58,62,62.0,58.0,4.83
LeQuint Allen,158290,HB,JAX,1,-3.0,0,100.0,,0,0,0,0.0,0,0,15,0,68.3,68.7,62.0,61.2,64.0,0.0,0,0,5,38.5,5,13,0,2,61.5,8,0.0,0,83.3,2,0,0.0,0,8,14,7.0,4.0,1.0
Omarion Hampton,162750,HB,LAC,1,1.0,0,100.0,,0,0,0,0.0,0,1,27,0,68.3,75.5,57.7,3.6,61.4,0.0,0,0,7,11.1,1,9,0,2,88.9,8,11.1,1,129.2,2,1,0.0,0,11,9,4.5,5.5,1.38
Isaiah Bond,163586,WR,CLV,1,28.0,0,0.0,0.0,0,2,0,,0,0,8,0,,,52.3,,52.4,0.0,0,0,0,0.0,0,26,0,0,100.0,26,57.7,15,39.6,2,0,42.3,11,0,0,,,0.0
Jackson Hawes,109374,TE,BUF,1,6.0,0,100.0,,0,0,0,0.0,0,1,4,0,64.7,61.2,84.1,78.8,75.3,83.3,10,0,3,58.3,7,12,0,1,25.0,3,8.3,1,118.8,1,1,8.3,1,3,0,0.0,3.0,1.0
Samaje Perine,11869,HB,CIN,1,0.0,1,100.0,,0,0,0,0.0,0,1,7,0,64.7,73.0,74.5,70.1,67.0,12.5,2,0,7,37.5,6,16,0,1,62.5,10,0.0,0,95.8,1,0,0.0,0,7,7,7.0,7.0,0.7
Tyler Badie,83714,HB,DEN,1,-3.0,0,100.0,,0,0,0,0.0,0,0,10,0,64.7,69.4,69.6,83.3,62.1,0.0,0,0,5,50.0,4,8,0,1,50.0,4,0.0,0,87.5,1,0,0.0,0,5,8,8.0,5.0,1.25
Chris Brooks,83644,HB,GB,1,-4.0,1,100.0,,0,0,0,0.0,0,0,12,0,64.7,61.2,67.3,78.0,74.0,0.0,0,0,6,28.6,2,7,0,1,71.4,5,0.0,0,91.7,1,0,0.0,0,6,10,10.0,6.0,1.2
Ben Sims,77918,TE,MIN,1,5.0,0,100.0,,0,0,0,0.0,0,1,18,0,64.7,61.2,64.0,,70.9,75.0,6,0,9,0.0,0,8,0,1,100.0,8,0.0,0,104.2,1,0,25.0,2,9,4,4.0,9.0,1.13
David Martin-Robinson,77892,TE,TEN,1,0.0,0,100.0,,0,0,0,0.0,0,1,31,0,64.7,61.2,65.4,,89.7,100.0,2,0,6,0.0,0,2,0,1,100.0,2,0.0,0,91.7,1,0,0.0,0,6,6,6.0,6.0,3.0
Xavier Hutchinson,122518,WR,HST,1,19.0,0,0.0,,0,0,0,,0,0,13,0,,,54.2,,54.0,0.0,0,0,0,0.0,0,17,0,0,100.0,17,17.6,3,39.6,1,0,82.4,14,0,0,,,0.0
Ben Sinnott,122616,TE,WAS,1,0.0,0,100.0,,0,0,0,0.0,0,0,32,0,64.7,61.2,70.4,,90.2,66.7,2,0,8,0.0,0,3,0,1,100.0,3,0.0,0,100.0,1,0,0.0,0,8,8,8.0,8.0,2.67
Aaron Rodgers,2241,QB,PIT,1,-9.0,0,100.0,100.0,1,1,0,0.0,0,0,25,0,,78.7,88.0,,,0.0,0,0,-9,0.0,0,36,1,1,0.0,0,0.0,0,79.2,1,0,0.0,0,-9,0,0.0,-9.0,
Blake Whiteheart,77881,TE,CLV,1,4.0,0,0.0,0.0,0,1,0,,0,0,8,0,,,45.0,,50.3,52.9,9,0,0,0.0,0,17,1,0,88.2,15,35.3,6,39.6,1,0,5.9,1,0,0,,,0.0
Marvin Mims Jr.,122937,WR,DEN,1,2.0,0,100.0,,0,0,0,0.0,0,0,10,0,64.7,72.1,50.9,,54.4,0.0,0,0,5,0.0,0,15,0,1,100.0,15,26.7,4,87.5,1,0,73.3,11,5,3,3.0,5.0,0.33
Tanner Hudson,66924,TE,CIN,1,6.0,0,100.0,,0,0,0,0.0,0,1,7,0,64.7,61.2,78.3,,75.4,25.0,1,0,11,0.0,0,4,0,1,100.0,4,50.0,2,112.5,1,0,25.0,1,11,5,5.0,11.0,2.75
Cody White,61448,WR,SEA,1,6.0,0,100.0,,0,0,0,0.0,0,0,29,0,64.7,61.2,70.8,,70.0,0.0,0,0,9,0.0,0,5,0,1,100.0,5,20.0,1,104.2,1,0,80.0,4,9,3,3.0,9.0,1.8
Jonnu Smith,11855,TE,PIT,1,3.0,0,0.0,,0,0,0,,0,0,25,0,,,50.4,66.1,48.2,66.7,10,0,0,13.3,2,15,0,0,80.0,12,20.0,3,39.6,1,0,6.7,1,0,0,,,0.0
Tyrell Shavers,61107,WR,BUF,1,15.0,0,100.0,,0,0,0,0.0,0,1,4,0,64.7,61.2,60.4,,60.0,22.2,4,0,16,0.0,0,18,0,1,100.0,18,38.9,7,118.8,1,0,38.9,7,16,1,1.0,16.0,0.89
Charlie Kolar,60917,TE,BLT,1,15.0,0,100.0,100.0,1,1,0,0.0,0,1,3,0,64.7,61.2,72.3,,73.3,66.7,4,0,19,0.0,0,6,0,1,100.0,6,33.3,2,118.8,1,0,0.0,0,19,4,4.0,19.0,3.17
Darnell Washington,124044,TE,PIT,1,4.0,0,100.0,,0,0,0,0.0,0,0,25,0,64.7,61.2,71.8,67.4,65.7,45.5,5,0,12,9.1,1,11,0,1,90.9,10,36.4,4,116.7,1,0,18.2,2,12,8,8.0,12.0,1.2
Stone Smartt,60492,TE,NYJ,1,15.0,0,0.0,0.0,0,1,0,,0,0,22,0,,,55.9,,56.6,33.3,1,0,0,0.0,0,3,0,0,100.0,3,33.3,1,39.6,1,0,33.3,1,0,0,,,0.0
De'Von Achane,124305,HB,MIA,1,0.0,0,100.0,,0,0,0,0.0,0,1,17,0,64.7,71.9,91.1,,62.6,0.0,0,0,13,0.0,0,12,0,1,100.0,12,16.7,2,118.8,1,0,0.0,0,13,13,13.0,13.0,1.08
Raheem Mostert,9783,HB,LV,1,-2.0,0,100.0,,0,0,0,0.0,0,0,23,0,64.7,67.8,58.8,70.4,55.7,0.0,0,0,2,6.3,1,16,0,1,87.5,14,6.3,1,79.2,1,0,0.0,0,2,4,4.0,2.0,0.14
Travis Etienne Jr.,57185,HB,JAX,1,-5.0,0,100.0,,0,0,0,0.0,0,0,15,0,64.7,77.3,63.4,83.0,76.5,0.0,0,0,8,28.6,6,21,0,1,66.7,14,4.8,1,100.0,1,0,0.0,0,8,13,13.0,8.0,0.57
Blake Corum,129574,HB,LA,1,1.0,0,100.0,,0,0,0,0.0,0,0,26,0,64.7,74.5,91.9,68.5,59.2,0.0,0,0,3,20.0,2,10,0,1,70.0,7,0.0,0,79.2,1,0,0.0,0,3,2,2.0,3.0,0.43
Zavier Scott,55123,HB,MIN,1,-6.0,0,100.0,,0,0,0,0.0,0,0,18,0,64.7,68.2,69.2,29.1,65.6,0.0,0,0,5,66.7,2,3,0,1,33.3,1,0.0,0,87.5,1,0,0.0,0,5,11,11.0,5.0,5.0
Josh Whyle,54037,TE,GB,1,12.0,0,100.0,,0,0,0,0.0,0,1,12,0,64.7,61.2,66.0,66.8,66.5,53.8,7,0,21,7.7,1,13,0,1,84.6,11,23.1,3,118.8,1,0,15.4,2,21,9,9.0,21.0,1.91
David Njoku,11784,TE,CLV,1,8.0,0,100.0,100.0,1,1,0,0.0,0,1,8,0,64.7,61.2,89.1,,92.1,66.7,2,0,1,0.0,0,3,0,1,100.0,3,0.0,0,118.8,1,1,33.3,1,1,0,0.0,1.0,0.33
Anthony Firkser,51837,TE,DET,1,2.0,0,100.0,,0,0,0,0.0,0,1,11,0,64.7,61.2,60.7,68.4,57.1,52.0,13,0,7,8.0,2,25,0,1,84.0,21,36.0,9,95.8,1,0,12.0,3,7,5,5.0,7.0,0.33
Rachaad White,131633,HB,TB,1,-4.0,0,100.0,,0,0,0,0.0,0,0,30,0,64.7,74.1,71.8,69.8,54.6,0.0,0,0,2,33.3,7,21,0,1,61.9,13,9.5,2,79.2,1,0,9.5,2,2,6,6.0,2.0,0.15
Darius Cooper,136866,WR,PHI,1,13.0,0,100.0,,0,0,0,0.0,0,1,24,0,64.7,61.2,62.3,,65.6,0.0,0,0,19,0.0,0,11,0,1,90.9,10,63.6,7,118.8,1,0,36.4,4,19,6,6.0,19.0,1.9
Jaleel McLaughlin,138346,HB,DEN,1,1.0,0,100.0,,0,0,0,0.0,0,1,10,0,64.7,70.3,81.8,,72.4,0.0,0,0,9,0.0,0,3,0,1,100.0,3,0.0,0,104.2,1,0,33.3,1,9,8,8.0,9.0,3.0
Elijah Arroyo,143933,TE,SEA,1,11.0,0,0.0,0.0,0,1,0,,0,0,29,0,,,52.9,,52.8,50.0,3,1,0,0.0,0,6,0,0,83.3,5,50.0,3,0.0,1,0,0.0,0,0,0,,,0.0
James Proche II,48037,WR,TEN,1,14.0,0,0.0,,0,0,0,,0,0,31,0,64.7,61.2,69.7,,68.0,0.0,0,0,0,0.0,0,7,0,0,85.7,6,28.6,2,39.6,1,0,71.4,5,0,0,,,0.0
Will Shipley,144138,HB,PHI,1,2.0,0,100.0,,0,0,0,0.0,0,0,24,0,64.7,67.8,75.1,,82.1,0.0,0,0,3,0.0,0,6,0,1,100.0,6,0.0,0,79.2,1,0,50.0,3,3,1,1.0,3.0,0.5
Devin Neal,144558,HB,NO,1,-5.0,1,100.0,,0,0,0,0.0,0,1,20,0,64.7,77.3,57.2,79.8,61.9,0.0,0,0,14,15.0,3,20,0,1,85.0,17,0.0,0,118.8,1,0,5.0,1,14,19,19.0,14.0,0.82
Trent Sherfield,48021,WR,ARZ,1,6.0,0,0.0,,0,0,0,,0,0,1,0,,,53.9,,54.7,0.0,0,0,0,0.0,0,8,0,0,100.0,8,0.0,0,39.6,1,0,100.0,8,0,0,,,0.0
Patrick Mahomes,11765,QB,KC,1,-8.0,0,100.0,,0,0,0,0.0,0,0,16,0,,79.3,65.0,,,0.0,0,0,-10,0.0,0,42,0,1,0.0,0,0.0,0,79.2,1,0,0.0,0,-10,-2,-2.0,-10.0,
Marquez Valdes-Scantling,47809,WR,PIT,1,4.0,0,0.0,0.0,0,1,0,,0,0,25,0,,,51.0,,51.9,0.0,0,0,0,0.0,0,16,0,0,100.0,16,18.8,3,39.6,1,0,81.3,13,0,0,,,0.0
Tai Felton,144886,WR,MIN,1,-2.0,0,100.0,,0,0,0,0.0,0,1,18,0,64.7,61.2,73.9,,71.6,0.0,0,0,10,0.0,0,5,0,1,100.0,5,0.0,0,108.3,1,0,100.0,5,10,12,12.0,10.0,2.0
Durham Smythe,47257,TE,CHI,1,-3.0,0,100.0,,0,0,0,0.0,0,0,6,0,64.7,61.2,52.9,73.4,53.3,30.0,3,0,2,10.0,1,10,0,1,90.0,9,10.0,1,79.2,1,0,10.0,1,2,5,5.0,2.0,0.22
Kameron Johnson,165866,WR,TB,1,15.0,0,0.0,,0,0,0,,0,0,30,0,,70.7,34.1,,38.9,0.0,0,1,0,0.0,0,4,0,0,100.0,4,0.0,0,0.0,1,0,100.0,4,0,0,,,0.0
Andrew Beck,47121,FB,NYJ,1,12.0,0,100.0,,0,0,0,0.0,0,1,22,0,64.7,61.2,88.6,73.4,80.0,33.3,1,0,17,33.3,1,3,0,1,66.7,2,33.3,1,118.8,1,0,0.0,0,17,5,5.0,17.0,8.5
Konata Mumpfield,145598,WR,LA,1,4.0,0,100.0,,0,0,0,0.0,0,0,26,0,64.7,61.2,57.9,,56.1,0.0,0,0,5,0.0,0,8,0,1,100.0,8,25.0,2,87.5,1,0,75.0,6,5,1,1.0,5.0,0.63
Terrance Ferguson,146563,TE,LA,1,9.0,0,0.0,,0,0,0,,0,0,26,0,,,59.9,,50.7,26.7,4,0,0,0.0,0,15,2,0,93.3,14,40.0,6,39.6,1,0,33.3,5,0,0,,,0.0
Foster Moreau,47043,TE,NO,1,6.0,0,100.0,,0,0,0,0.0,0,1,20,0,64.7,61.2,76.8,75.7,83.6,75.0,6,0,16,62.5,5,8,0,1,37.5,3,12.5,1,118.8,1,0,0.0,0,16,10,10.0,16.0,5.33
Josiah Deguara,47034,TE,ARZ,1,4.0,0,0.0,0.0,0,1,0,,0,0,1,0,,,53.8,65.8,52.8,28.6,2,0,0,14.3,1,7,0,0,85.7,6,28.6,2,39.6,1,0,14.3,1,0,0,,,0.0
Saquon Barkley,45791,HB,PHI,1,10.0,0,0.0,,0,0,0,,0,0,24,0,,77.4,55.8,4.4,50.2,0.0,0,0,0,11.1,4,36,0,0,77.8,28,13.9,5,39.6,1,0,13.9,5,0,0,,,0.0
David Montgomery,45719,HB,DET,1,2.0,1,100.0,,0,0,0,0.0,0,0,11,0,64.7,71.1,71.1,76.9,68.1,0.0,0,0,13,15.4,2,13,0,1,69.2,9,0.0,0,118.8,1,0,0.0,0,13,11,11.0,13.0,1.44
Devin Duvernay,40006,WR,CHI,1,24.0,0,100.0,100.0,1,1,0,0.0,0,1,6,0,64.7,71.1,94.6,,90.8,0.0,0,0,24,0.0,0,1,0,1,100.0,1,0.0,0,118.8,1,0,100.0,1,24,0,0.0,24.0,24.0
Sterling Shepard,10674,WR,TB,1,4.0,0,100.0,100.0,1,1,0,0.0,0,0,30,0,64.7,61.2,52.7,,52.4,0.0,0,0,5,0.0,0,24,0,1,91.7,22,33.3,8,87.5,1,0,66.7,16,5,1,1.0,5.0,0.23
Will Dissly,30762,TE,LAC,1,0.0,0,100.0,,0,0,0,0.0,0,0,27,0,64.7,61.2,66.9,68.8,52.3,100.0,8,0,1,12.5,1,8,1,1,87.5,7,0.0,0,79.2,1,0,0.0,0,1,1,1.0,1.0,0.14
Ben Skowronek,27948,WR,PIT,1,13.0,0,100.0,,0,0,0,0.0,0,1,25,0,64.7,61.2,78.7,,71.3,0.0,0,0,13,0.0,0,5,0,1,80.0,4,40.0,2,118.8,1,0,60.0,3,13,0,0.0,13.0,3.25
Matthew Golden,156165,WR,GB,1,22.0,0,0.0,,0,0,0,,0,0,12,0,,,56.4,,57.1,0.0,0,1,0,0.0,0,4,0,0,100.0,4,0.0,0,0.0,1,0,100.0,4,0,0,,,0.0
Ross Dwelley,20994,TE,DET,1,0.0,0,100.0,,0,0,0,0.0,0,0,11,0,64.7,61.2,57.0,73.3,55.6,50.0,4,0,4,25.0,2,8,0,1,62.5,5,25.0,2,83.3,1,0,12.5,1,4,4,4.0,4.0,0.8
Adam Thielen,8288,WR,PIT,1,2.0,0,100.0,,0,0,0,0.0,0,0,25,0,64.7,61.2,54.4,62.3,54.9,0.0,0,0,4,7.7,1,13,0,1,84.6,11,38.5,5,83.3,1,0,61.5,8,4,2,2.0,4.0,0.36
Elijah Higgins,98027,TE,ARZ,1,-3.0,2,100.0,,0,0,0,0.0,0,0,1,0,64.7,61.2,42.0,,48.8,23.5,8,0,0,0.0,0,34,1,1,100.0,34,70.6,24,79.2,1,0,2.9,1,0,3,3.0,0.0,0.0
Jonathan Mingo,97774,WR,DAL,1,18.0,0,0.0,0.0,0,1,0,100.0,1,0,9,0,28.0,,43.5,,44.8,0.0,0,0,0,0.0,0,12,0,0,100.0,12,25.0,3,39.6,1,0,75.0,9,0,0,,,0.0
Treylon Burks,99218,WR,WAS,1,16.0,0,0.0,,0,0,0,,0,0,32,0,,,54.2,,53.8,0.0,0,1,0,0.0,0,9,0,0,88.9,8,22.2,2,0.0,1,0,77.8,7,0,0,,,0.0
Breece Hall,97636,HB,NYJ,1,0.0,0,0.0,,0,0,0,,0,0,22,0,28.0,75.1,58.1,82.8,29.8,0.0,0,0,0,27.6,8,29,0,0,69.0,20,3.4,1,39.6,1,0,6.9,2,0,0,,,0.0
Jordan Whittington,97623,WR,LA,1,1.0,1,100.0,,0,0,0,0.0,0,0,26,0,64.7,67.8,58.7,,58.5,0.0,0,0,5,0.0,0,4,0,1,75.0,3,50.0,2,87.5,1,0,50.0,2,5,4,4.0,5.0,1.67
Jeremy McNichols,11917,HB,WAS,1,-6.0,0,100.0,,0,0,0,0.0,0,0,32,0,64.7,64.6,66.9,66.1,56.4,0.0,0,0,2,58.8,10,17,0,1,41.2,7,5.9,1,79.2,1,0,0.0,0,2,8,8.0,2.0,0.29
Evan Hull,97302,HB,NO,1,-3.0,0,100.0,,0,0,0,0.0,0,0,20,0,64.7,64.6,52.1,25.8,64.1,0.0,0,0,6,33.3,1,3,0,1,66.7,2,0.0,0,91.7,1,0,0.0,0,6,9,9.0,6.0,3.0
Anthony Gould,97078,WR,IND,1,-5.0,0,100.0,,0,0,0,0.0,0,0,14,0,64.7,71.3,58.0,,58.4,0.0,0,0,3,0.0,0,4,0,1,100.0,4,100.0,4,79.2,1,0,0.0,0,3,8,8.0,3.0,0.75
Deven Thompkins,84480,WR,ATL,1,-4.0,0,100.0,,0,0,0,0.0,0,0,2,0,64.7,70.9,51.6,,57.8,0.0,0,0,4,0.0,0,4,1,1,100.0,4,0.0,0,83.3,1,0,100.0,4,4,8,8.0,4.0,1.0
Shedrick Jackson,84136,WR,LV,1,27.0,0,100.0,,0,0,0,0.0,0,1,23,0,64.7,61.2,93.5,,90.5,0.0,0,0,25,0.0,0,2,0,1,100.0,2,0.0,0,158.3,1,1,100.0,2,25,0,0.0,25.0,12.5
Brevyn Spann-Ford,84006,TE,DAL,1,6.0,0,100.0,100.0,1,1,0,0.0,0,0,9,0,64.7,61.2,41.5,27.4,55.3,100.0,6,0,7,50.0,3,6,0,1,50.0,3,0.0,0,95.8,1,0,0.0,0,7,1,1.0,7.0,2.33
Xavier Smith,102585,WR,LA,1,6.0,0,100.0,,0,0,0,0.0,0,0,26,0,64.7,71.7,52.5,,53.1,0.0,0,0,6,0.0,0,15,0,1,93.3,14,60.0,9,91.7,1,0,40.0,6,6,0,0.0,6.0,0.43
