"player","position","team","bye_week","points","sd_pts","dropoff","floor","ceiling","points_vor","floor_vor","ceiling_vor","rank","floor_rank","ceiling_rank","position_rank","tier","age","adp","aav","uncertainty","experience"
"Bijan Robinson","RB","ATL",5,21.8,1.25,0.642,20.1,23.2,16.3,15.6,15.9,1,1,1,1,"1",24,NA,NA,67,2
"Jonathan Taylor","RB","IND",11,21.2,0.793,3.22,20.1,22.6,15.7,15.6,15.3,2,2,2,2,"2",27,NA,NA,26,5
"Christian McCaffrey","RB","SF",14,18,2.6,1.51,14.2,20.2,12.5,9.77,12.9,3,5,3,3,"3",29,NA,NA,99,8
"Josh Jacobs","RB","GB",5,16.5,0.717,0.334,15.6,17.3,10.9,11.2,10,4,3,6,4,"3",28,NA,NA,20,6
"Devon Achane","RB","MIA",12,16.1,1.81,0.193,13.7,18.5,10.6,9.27,11.2,5,9,4,5,"3",24,NA,NA,91,2
"Saquon Barkley","RB","PHI",9,15.9,1.02,0.426,14.4,17.1,10.4,9.93,9.84,6,4,7,6,"4",29,NA,NA,51,7
"Derrick Henry","RB","BAL",7,15.5,1.29,0.012,14,16.8,9.99,9.55,9.53,7,7,8,7,"4",32,NA,NA,70,9
"James Cook","RB","BUF",7,15.5,0.973,0.113,13.9,16.7,9.98,9.43,9.39,8,8,9,8,"4",26,NA,NA,49,3
"Rachaad White","RB","TB",9,15.4,1.41,1.06,13.7,17.4,9.86,9.26,10.1,9,10,5,9,"5",27,NA,NA,79,3
"Ja'Marr Chase","WR","CIN",10,17.2,0.784,2.23,15.7,17.8,9.82,9.66,8.45,10,6,12,1,"1",26,NA,NA,21,4
"Javonte Williams","RB","DAL",10,14.3,1.6,0.859,12,16.3,8.8,7.54,9.07,11,13,10,10,"6",26,NA,NA,89,4
"Breece Hall","RB","NYJ",9,13.5,0.795,0.264,12.3,14.3,7.95,7.86,7.06,12,12,17,11,"6",24,NA,NA,27,3
"Josh Allen","QB","BUF",7,24,0.697,0.733,23.3,25,7.7,8.43,5.79,13,11,24,1,"1",29,NA,NA,1,7
"D'Andre Swift","RB","CHI",5,13.2,1.91,0.244,10.7,15.8,7.68,6.31,8.48,14,18,11,12,"7",27,NA,NA,94,5
"Rashee Rice","WR","KC",10,15,1.32,0.245,13.6,16.4,7.59,7.51,7.03,15,14,19,2,"1",26,NA,NA,61,2
"J.K. Dobbins","RB","DEN",12,12.9,1.55,0.722,10.8,14.8,7.44,6.33,7.52,16,17,15,13,"7",27,NA,NA,86,5
"Justin Jefferson","WR","MIN",6,14.8,1.97,0.284,12.8,17.5,7.34,6.76,8.18,17,15,13,3,"1",26,NA,NA,96,5
"Emeka Egbuka","WR","TB",9,14.5,1.86,0.953,12.1,16.3,7.06,5.99,6.95,18,20,20,4,"2",23,NA,NA,93,0
"Jalen Hurts","QB","PHI",9,23.3,1.62,0.76,20.8,25.1,6.97,5.97,5.94,19,21,23,2,"1",27,NA,NA,49,5
"Cam Skattebo","RB","NYG",14,12.2,2.22,0.467,9.15,14.7,6.72,4.72,7.42,20,31,16,14,"8",24,NA,NA,99,0
"Jaylen Warren","RB","PIT",5,11.8,0.778,0.418,11,12.9,6.25,6.53,5.61,21,16,26,15,"8",27,NA,NA,24,3
"Patrick Mahomes","QB","KC",10,22.5,1.48,1.36,21,24.7,6.21,6.17,5.51,22,19,29,3,"2",30,NA,NA,40,8
"Drake London","WR","ATL",5,13.5,1.95,0.0234,11.2,16.9,6.11,5.18,7.59,23,25,14,5,"2",24,NA,NA,94,3
"Courtland Sutton","WR","DEN",12,13.5,1.07,0.0863,11.9,14.9,6.08,5.85,5.53,24,22,28,6,"2",30,NA,NA,48,7
"CeeDee Lamb","WR","DAL",10,13.4,1.82,0.394,10.9,15.1,6,4.84,5.75,25,29,25,7,"3",27,NA,NA,90,5
"Rhamondre Stevenson","RB","NE",14,11.3,2.06,0.132,8.1,13.6,5.83,3.67,6.3,26,41,21,16,"9",28,NA,NA,97,4
"Rico Dowdle","RB","CAR",14,11.2,1.47,0.0921,9.47,13.5,5.7,5.04,6.2,27,26,22,17,"9",27,NA,NA,80,5
"Alvin Kamara","RB","NO",11,11.1,1.14,0.182,9.92,12.7,5.61,5.5,5.45,28,23,30,18,"9",30,NA,NA,57,8
"DeVonta Smith","WR","PHI",9,13,2.19,0.0346,10.5,16.4,5.6,4.47,7.04,29,33,18,8,"3",27,NA,NA,99,4
"DK Metcalf","WR","PIT",5,13,1.64,0.448,11.1,14.8,5.57,4.99,5.42,30,27,31,9,"3",28,NA,NA,83,6
"Quinshon Judkins","RB","CLE",9,10.9,1.72,0.185,8.41,12.2,5.43,3.98,4.9,31,34,34,19,"9",22,NA,NA,90,0
"Kimani Vidal","RB","LAC",12,10.7,0.953,0.659,9.41,11.8,5.24,4.98,4.5,32,28,37,20,"10",24,NA,NA,47,1
"George Pickens","WR","DAL",10,12.5,1.63,0.247,11.3,14.9,5.12,5.21,5.59,33,24,27,10,"3",25,NA,NA,82,3
"Rome Odunze","WR","CHI",5,12.3,1.36,0.875,10.9,14.1,4.87,4.8,4.76,34,30,36,11,"4",23,NA,NA,68,1
"Daniel Jones","QB","IND",11,21.2,3.02,0.503,16.8,24.4,4.85,1.93,5.25,35,59,32,4,"2",28,NA,NA,91,6
"Chuba Hubbard","RB","CAR",14,10.1,1.51,0.0299,8.37,12.4,4.58,3.94,5.17,36,35,33,21,"10",26,NA,NA,84,4
"Chase Brown","RB","CIN",10,10.1,1.33,0.518,8.29,11.4,4.55,3.86,4.09,37,37,41,22,"10",26,NA,NA,73,2
"Bo Nix","QB","DEN",12,20.7,2.03,0.884,18.6,24,4.35,3.72,4.82,38,40,35,5,"3",26,NA,NA,80,1
"Jordan Mason","RB","MIN",6,9.54,0.905,0.272,8.25,10.5,4.03,3.82,3.18,39,39,43,23,"11",26,NA,NA,39,3
"Chris Olave","WR","NO",11,11.4,0.725,0.149,10.7,12.3,4,4.63,2.99,40,32,44,12,"4",25,NA,NA,17,3
"Michael Pittman","WR","IND",11,11.3,1.66,0.578,9.14,13.5,3.85,3.08,4.12,41,47,40,13,"5",28,NA,NA,86,5
"Jacory Croskey-Merritt","RB","WAS",12,9.27,1.47,0.641,7.64,11.8,3.76,3.21,4.48,42,44,38,24,"11",25,NA,NA,81,0
"Justin Herbert","QB","LAC",12,19.8,1.05,0.605,17.9,20.6,3.47,3.07,1.45,43,48,65,6,"3",28,NA,NA,20,5
"Keenan Allen","WR","LAC",12,10.7,0.795,0.106,9.99,12,3.27,3.93,2.65,44,36,46,14,"5",34,NA,NA,24,12
"Ladd McConkey","WR","LAC",12,10.6,0.635,0.349,9.9,11.3,3.16,3.84,1.94,45,38,55,15,"6",24,NA,NA,7,1
"Tyler Warren","TE","IND",11,10,1.75,1.08,7.88,12.1,3.15,1.86,4.21,46,61,39,1,"1",23,NA,NA,97,0
"Tony Pollard","RB","TEN",10,8.63,1.11,0.0147,7.12,10,3.12,2.69,2.73,47,49,45,25,"11",29,NA,NA,56,6
"Woody Marks","RB","HOU",6,8.61,1.88,0.446,6.01,11.3,3.11,1.58,3.99,48,69,42,26,"12",25,NA,NA,93,0
"Drake Maye","QB","NE",14,19.2,0.994,0.182,18.3,20.8,2.86,3.48,1.67,49,42,60,7,"3",23,NA,NA,14,1
"Jaylen Waddle","WR","MIA",12,10.2,1.34,0.343,8.64,11.8,2.81,2.57,2.49,50,50,47,16,"6",27,NA,NA,63,4
"Baker Mayfield","QB","TB",9,19,1.02,0.74,18,20.7,2.68,3.15,1.49,51,45,64,8,"4",31,NA,NA,17,7
"Isiah Pacheco","RB","KC",10,8.17,0.464,0.776,7.76,8.84,2.66,3.33,1.56,52,43,61,27,"13",27,NA,NA,6,3
"Zay Flowers","WR","BAL",7,9.89,1.28,0.0183,8.02,11.7,2.47,1.96,2.33,53,56,50,17,"6",25,NA,NA,59,2
"Deebo Samuel","WR","WAS",12,9.87,0.666,0.103,9.16,10.6,2.45,3.09,1.3,54,46,74,18,"6",30,NA,NA,11,6
"Tee Higgins","WR","CIN",10,9.77,1.8,0.0603,7.26,11.6,2.35,1.19,2.3,55,71,51,19,"6",27,NA,NA,89,5
"Quentin Johnston","WR","LAC",12,9.71,0.942,0.00405,8.44,10.8,2.29,2.38,1.44,56,54,67,20,"6",24,NA,NA,31,2
"Wan'Dale Robinson","WR","NYG",14,9.7,0.977,0.00701,8.6,10.9,2.29,2.53,1.53,57,51,62,21,"6",25,NA,NA,39,3
"Jordan Addison","WR","MIN",6,9.69,1.42,0.097,7.74,11.3,2.28,1.68,1.99,58,66,54,22,"6",24,NA,NA,73,2
"Tetairoa McMillan","WR","CAR",14,9.6,1.24,0.00628,8.04,11.3,2.18,1.98,1.92,59,55,56,23,"6",23,NA,NA,55,0
"Stefon Diggs","WR","NE",14,9.59,0.976,0.0874,8.45,10.6,2.18,2.39,1.24,60,52,77,24,"6",32,NA,NA,38,10
"Xavier Worthy","WR","KC",10,9.5,1.13,0.558,7.93,10.7,2.09,1.86,1.37,61,62,70,25,"7",23,NA,NA,54,1
"Tucker Kraft","TE","GB",5,8.96,1.44,0.0903,6.79,9.85,2.07,0.775,1.92,62,79,57,2,"1",25,NA,NA,89,2
"Dallas Goedert","TE","PHI",9,8.87,1.01,0.0509,7.62,10.3,1.98,1.6,2.37,63,68,49,3,"1",31,NA,NA,54,7
"Dak Prescott","QB","DAL",10,18.3,0.882,0.482,16.6,19.2,1.94,1.76,0,64,64,130,9,"4",32,NA,NA,9,9
"George Kittle","TE","SF",14,8.82,1.34,0.262,6.94,10.1,1.93,0.917,2.19,65,76,52,4,"1",32,NA,NA,83,8
"Aaron Jones","RB","MIN",6,7.39,0.466,0.283,6.81,8.18,1.88,2.38,0.9,66,53,89,28,"13",31,NA,NA,7,8
"Jake Ferguson","TE","DAL",10,8.56,0.734,0.294,7.66,9.25,1.66,1.64,1.31,67,67,73,5,"1",27,NA,NA,34,3
"Nick Chubb","RB","HOU",6,7.11,0.885,0.438,6.18,8.73,1.6,1.75,1.45,68,65,66,29,"14",30,NA,NA,37,7
"Mike Badgley","K","IND",11,9.59,1.16,0.557,7.82,10.8,1.59,1.91,1.1,69,60,82,1,"1",30,NA,NA,21,7
"Terry McLaurin","WR","WAS",12,8.94,1.06,0.0203,7.9,10.5,1.53,1.84,1.14,70,63,80,26,"7",30,NA,NA,46,6
"Rashid Shaheed","WR","NO",11,8.92,0.818,0.144,8.02,10.1,1.51,1.95,0.788,71,57,98,27,"7",27,NA,NA,27,3
"Jordan Love","QB","GB",5,17.8,1.6,0.0441,15.6,20,1.46,0.76,0.842,72,80,95,10,"4",27,NA,NA,46,5
"Caleb Williams","QB","CHI",5,17.7,1.99,0.6,15.5,20.7,1.41,0.643,1.51,73,86,63,11,"5",24,NA,NA,71,1
"Romeo Doubs","WR","GB",5,8.78,1.26,0.113,7.43,10.6,1.37,1.36,1.26,75,70,76,28,"7",26,NA,NA,58,3
"Travis Kelce","TE","KC",10,8.26,1.13,0.359,6.64,9.27,1.37,0.621,1.33,74,88,72,6,"2",36,NA,NA,77,12
"Khalil Shakir","WR","BUF",7,8.67,0.683,0.403,7.99,9.72,1.25,1.93,0.385,76,58,115,29,"8",26,NA,NA,14,3
"Tyjae Spears","RB","TEN",10,6.67,1.08,0.284,4.56,7.54,1.16,0.129,0.262,77,122,119,30,"14",24,NA,NA,54,2
"John Parker Romo","K","ATL",5,9.04,1.85,0.321,6.6,11.5,1.03,0.688,1.72,78,82,59,2,"1",28,NA,NA,75,3
"Kyle Pitts","TE","ATL",5,7.91,0.998,0.269,6.73,9.29,1.01,0.712,1.36,79,81,71,7,"2",25,NA,NA,51,4
"Tyler Allgeier","RB","ATL",5,6.39,1.17,0.559,5,7.86,0.88,0.574,0.583,80,90,106,31,"14",26,NA,NA,60,3
"Tykee Smith","DB","TB",9,6.62,1.72,0.187,4.99,8.16,0.861,-0.118,1.41,81,140,68,1,"1",25,NA,NA,99,1
"Elic Ayomanor","WR","TEN",10,8.27,1.64,0.501,6.21,11.2,0.85,0.15,1.87,82,120,58,30,"8",22,NA,NA,85,0
"Jaxson Dart","QB","NYG",14,17.1,2.47,0.813,14.4,21.2,0.813,-0.456,2.06,83,171,53,12,"5",23,NA,NA,83,0
"Colts","DST","IND",11,6.23,1.07,0.582,5.04,7.97,0.808,0.476,1.03,84,95,87,1,"1",NA,NA,NA,80,NA
"Brian Burns","DL","NYG",14,5.27,0.942,0.181,4.61,6.35,0.782,0.791,1.27,85,78,75,1,"1",28,NA,NA,63,6
"Roquan Smith","LB","BAL",7,7.25,2.07,0.109,6.01,9.67,0.753,1.09,0.602,86,73,104,1,"1",29,NA,NA,70,7
"Oronde Gadsden","TE","LAC",12,7.64,0.936,0.175,6.64,9.05,0.743,0.626,1.11,87,87,81,8,"3",22,NA,NA,46,0
"Harrison Butker","K","KC",10,8.71,1.38,0.149,6.87,10.3,0.71,0.952,0.604,88,75,103,3,"1",30,NA,NA,36,8
"Jessie Bates","DB","ATL",5,6.43,1.28,0.0972,5.7,7.92,0.674,0.592,1.17,89,89,78,2,"1",29,NA,NA,85,7
"T.J. Edwards","LB","CHI",5,7.14,1.93,0.117,5.91,9.38,0.645,0.988,0.317,90,74,118,2,"1",29,NA,NA,55,6
"Jonathan Greenard","DL","MIN",6,5.09,0.987,0.221,4.51,6.24,0.601,0.688,1.16,91,83,79,2,"1",28,NA,NA,68,5
"DeShon Elliott","DB","PIT",5,6.33,1.27,0.224,5.18,7.56,0.577,0.0663,0.813,92,128,97,3,"1",29,NA,NA,83,7
"Dalton Schultz","TE","HOU",6,7.46,1.03,0.0918,6.02,8.62,0.568,0,0.689,93,130,99,9,"3",29,NA,NA,57,7
"Brandon Aubrey","K","DAL",10,8.56,2.32,0.0555,5.79,12.1,0.561,-0.126,2.39,94,141,48,4,"1",31,NA,NA,89,2
"Jamien Sherwood","LB","NYJ",9,7.03,2.66,0.0585,5.6,10.1,0.528,0.68,1.06,95,84,84,3,"1",26,NA,NA,93,4
"Matt Prater","K","BUF",7,8.51,1.83,0.453,5.52,9.74,0.505,-0.392,0,96,165,130,5,"1",41,NA,NA,71,19
"Dalton Kincaid","TE","BUF",7,7.37,0.731,0.0961,6.42,8.42,0.476,0.402,0.485,97,97,110,10,"3",26,NA,NA,31,2
"Jordyn Brooks","LB","MIA",12,6.97,2.57,0.0282,5.32,9.95,0.469,0.393,0.879,98,99,91,4,"1",28,NA,NA,89,5
"Zack Baun","LB","PHI",9,6.94,1.3,0.0435,6.01,8.43,0.441,1.09,-0.639,99,72,170,5,"1",29,NA,NA,32,5
"Tremaine Edmunds","LB","CHI",5,6.9,2.24,0.172,5.37,9.47,0.398,0.445,0.405,100,96,113,6,"1",28,NA,NA,82,7
"Cade Otton","TE","TB",9,7.27,1.08,0.331,6.1,8.82,0.38,0.0844,0.885,101,126,90,11,"3",27,NA,NA,69,3
"Harold Landry","DL","NE",14,4.86,0.934,0.079,4.21,5.94,0.38,0.395,0.871,102,98,92,3,"1",29,NA,NA,61,7
"Jordan Battle","DB","CIN",10,6.11,1.13,0.0447,5.5,7.43,0.353,0.39,0.68,103,101,100,4,"1",25,NA,NA,75,2
"D.J. Moore","WR","CHI",5,7.76,1.54,0.0477,6.15,9.8,0.349,0.082,0.469,104,127,111,31,"8",29,NA,NA,77,7
"Kareem Hunt","RB","KC",10,5.83,1.38,0.0248,4.4,7.68,0.321,-0.0315,0.402,105,135,114,32,"14",30,NA,NA,77,8
"Talanoa Hufanga","DB","DEN",12,6.06,1.57,0.0761,4.87,7.82,0.308,-0.242,1.07,106,150,83,5,"1",26,NA,NA,97,4
"Jerry Jeudy","WR","CLE",9,7.72,1.03,0.00553,5.93,8.76,0.301,-0.134,-0.579,107,142,166,32,"8",27,NA,NA,44,5
"YaYa Diaby","DL","TB",9,4.79,0.987,0.0671,4.21,5.94,0.301,0.388,0.864,108,102,93,4,"1",26,NA,NA,68,2
"Kenneth Gainwell","RB","PIT",5,5.8,1.02,0.132,4.45,6.92,0.296,0.0175,-0.363,109,129,149,33,"15",27,NA,NA,53,4
"Matthew Golden","WR","GB",5,7.71,1.59,0.129,6.43,10.7,0.296,0.365,1.4,110,103,69,33,"8",22,NA,NA,79,0
"George Karlaftis","DL","KC",10,4.72,1.22,0.134,3.91,6.13,0.234,0.0919,1.06,111,124,85,5,"2",25,NA,NA,89,3
"Nick Cross","DB","IND",11,5.99,1.16,0.121,5.21,7.33,0.232,0.101,0.583,112,123,105,6,"2",24,NA,NA,77,3
"Chargers","DST","LAC",12,5.65,1.35,0.226,4.43,7.77,0.226,-0.142,0.837,113,143,96,2,"2",NA,NA,NA,96,NA
"Robert Spillane","LB","NE",14,6.72,2.18,0.0316,5.46,9.26,0.226,0.534,0.196,114,92,121,7,"1",30,NA,NA,77,7
"Quay Walker","LB","GB",5,6.69,2.04,0.0356,5.6,9.07,0.194,0.679,0,115,85,130,8,"1",26,NA,NA,66,3
"Kendrick Bourne","WR","SF",14,7.58,1.98,0.163,5.11,10.3,0.166,-0.956,0.992,116,229,88,34,"9",30,NA,NA,97,8
"Justice Hill","RB","BAL",7,5.67,0.906,0.165,4.63,7.32,0.165,0.196,0.0426,117,112,127,34,"15",28,NA,NA,40,6
"Bobby Wagner","LB","WAS",12,6.66,2.8,0.158,5.11,9.92,0.158,0.184,0.852,118,116,94,9,"1",35,NA,NA,98,13
"Jaquan Brisker","DB","CHI",5,5.87,1.3,0.0514,4.83,7.33,0.112,-0.284,0.583,119,156,107,7,"2",27,NA,NA,90,3
"Will Anderson","DL","HOU",6,4.58,0.561,0.0095,4.11,5.18,0.0996,0.292,0.103,120,109,125,6,"2",24,NA,NA,18,2
"Myles Garrett","DL","CLE",9,4.58,0.589,0.0788,4.02,5.09,0.0901,0.198,0.0133,121,111,129,7,"2",30,NA,NA,26,8
"Brandon Jones","DB","DEN",12,5.81,0.639,0.0409,5.45,6.56,0.0603,0.34,-0.187,122,106,138,8,"2",28,NA,NA,45,5
"Jake Elliott","K","PHI",9,8.06,1.18,0.0273,6.4,9.18,0.052,0.481,-0.558,123,94,164,6,"1",31,NA,NA,25,8
"Harold Fannin","TE","CLE",9,6.94,0.475,0.0488,6.38,7.59,0.0488,0.361,-0.348,124,104,148,12,"3",21,NA,NA,9,0
"Brandon McManus","K","GB",5,8.03,1.07,0.0247,6.72,9.32,0.0247,0.808,-0.414,125,77,154,7,"1",34,NA,NA,14,11
"Marcus Jones","DB","NE",14,5.77,0.283,0.0195,5.6,5.99,0.0195,0.491,-0.754,126,93,183,9,"2",27,NA,NA,20,3
"Tuli Tuipulotu","DL","LAC",12,4.5,0.732,0.0024,3.82,5.18,0.0113,0,0.106,127,130,124,8,"2",23,NA,NA,42,2
"Danielle Hunter","DL","HOU",6,4.49,0.515,0.00895,4.11,5.07,0.00895,0.289,0,128,110,130,9,"2",31,NA,NA,16,10
"Jauan Jennings","WR","SF",14,7.42,1.34,0.00382,6.4,10,0.00382,0.332,0.67,129,107,101,35,"9",28,NA,NA,66,5
"C.J. Stroud","QB","HOU",6,16.3,1.78,0.0944,14.5,18.3,0,-0.364,-0.882,130,162,194,13,"5",24,NA,NA,69,2
"Kyle Monangai","RB","CHI",5,5.51,1.15,0.0725,4.43,7.74,0,0,0.457,130,130,112,35,"15",23,NA,NA,59,0
"Troy Franklin","WR","DEN",12,7.42,0.974,0.00628,6.25,8.42,0,0.182,-0.92,130,118,205,36,"9",23,NA,NA,37,1
"Hunter Henry","TE","NE",14,6.89,1.13,0.0194,5.24,7.75,0,-0.782,-0.188,130,212,139,13,"3",31,NA,NA,71,9
"Cameron Dicker","K","LAC",12,8,1.81,0.132,5.44,9.59,0,-0.477,-0.153,130,174,135,8,"1",26,NA,NA,64,3
"Eagles","DST","PHI",9,5.42,0.921,0.0155,4.1,6.38,0,-0.465,-0.552,130,173,163,3,"3",NA,NA,NA,68,NA
"Trey Hendrickson","DL","CIN",10,4.49,0.679,0.53,4.01,5.26,0,0.189,0.189,130,115,122,10,"3",31,NA,NA,37,8
"Tyrel Dodson","LB","MIA",12,6.5,2.39,0.0765,4.68,9.18,0,-0.244,0.11,130,151,123,10,"1",27,NA,NA,86,6
"Kevin Byard","DB","CHI",5,5.75,0.691,0.0175,5.31,6.56,0,0.194,-0.189,130,113,140,10,"2",32,NA,NA,52,9
"Darnell Mooney","WR","ATL",5,7.41,0.477,0.065,6.62,7.98,-0.00628,0.552,-1.36,131,91,242,37,"9",28,NA,NA,3,5
"Texans","DST","HOU",6,5.41,1.14,0.125,4.14,6.93,-0.0155,-0.429,0,132,169,130,4,"4",NA,NA,NA,88,NA
"Josh Metellus","DB","MIN",6,5.74,0.765,0.081,5.11,6.56,-0.0175,0,-0.181,133,130,136,11,"2",28,NA,NA,55,5
"T.J. Hockenson","TE","MIN",6,6.87,0.573,0.00849,6.2,7.73,-0.0194,0.184,-0.202,134,117,143,14,"3",28,NA,NA,17,6
"Theo Johnson","TE","NYG",14,6.87,0.801,0.0945,6.01,8.16,-0.0279,-0.013,0.229,135,132,120,15,"3",25,NA,NA,40,1
"Keon Coleman","WR","BUF",7,7.34,0.988,0.438,6.06,8.38,-0.0712,0,-0.954,136,130,211,38,"9",22,NA,NA,41,1
"RJ Harvey","RB","DEN",12,5.44,0.753,0.278,4.6,6.54,-0.0725,0.168,-0.738,137,119,181,36,"15",25,NA,NA,23,0
"Alex Singleton","LB","DEN",12,6.42,2.27,0.129,4.92,9.06,-0.0765,0,-0.00613,138,130,131,11,"1",32,NA,NA,84,10
"Joe Flacco","QB","CIN",10,16.2,2.01,0.0635,14.6,20.2,-0.0944,-0.265,1.04,139,155,86,14,"5",41,NA,NA,77,17
"DaRon Bland","DB","DAL",10,5.66,0.603,0.0253,5.07,6.09,-0.0985,-0.0441,-0.652,140,136,171,12,"2",26,NA,NA,40,3
"Zach Ertz","TE","WAS",12,6.77,0.977,0.0435,5.34,7.6,-0.122,-0.681,-0.34,141,197,147,16,"4",35,NA,NA,49,12
"Jamel Dean","DB","TB",9,5.63,0.212,0.101,5.5,5.79,-0.124,0.39,-0.952,142,100,210,13,"2",29,NA,NA,15,6
"Chase McLaughlin","K","TB",9,7.87,1.93,0.0236,5.27,10.1,-0.132,-0.643,0.38,143,194,116,9,"1",30,NA,NA,82,6
"Bengals","DST","CIN",10,5.28,0.337,0.033,4.91,5.69,-0.141,0.344,-1.24,144,105,231,5,"5",NA,NA,NA,12,NA
"Chris Boswell","K","PIT",5,7.85,1.32,0.125,6.06,9.49,-0.155,0.145,-0.245,145,121,144,10,"1",35,NA,NA,32,11
"Justin Fields","QB","NYJ",9,16.2,1.09,0.0178,14.9,17.9,-0.158,0.0885,-1.22,146,125,229,15,"5",27,NA,NA,26,4
"Evan Engram","TE","DEN",12,6.73,0.692,0.201,5.99,7.93,-0.166,-0.0312,0,147,134,130,17,"4",31,NA,NA,26,8
"Buccaneers","DST","TB",9,5.25,0.632,0.102,4.18,5.69,-0.174,-0.392,-1.24,148,164,232,6,"6",NA,NA,NA,40,NA
"Aaron Rodgers","QB","PIT",5,16.2,1.68,0.317,13.9,19,-0.176,-0.913,-0.197,149,224,141,16,"6",42,NA,NA,57,20
"Nick Bolton","LB","KC",10,6.29,2.45,0.136,4.72,9.15,-0.205,-0.202,0.0809,150,146,126,12,"1",26,NA,NA,88,4
"Zyon McCollum","DB","TB",9,5.53,1.1,0.0384,4.67,6.75,-0.225,-0.447,0,151,170,130,14,"2",27,NA,NA,72,3
"Derwin James","DB","LAC",12,5.49,1.56,0.104,4.56,7.3,-0.263,-0.555,0.557,152,182,108,15,"3",29,NA,NA,95,7
"Vikings","DST","MIN",6,5.15,0.584,0.0238,4.57,5.96,-0.275,0,-0.969,153,130,214,7,"6",NA,NA,NA,32,NA
"Wil Lutz","K","DEN",12,7.72,1.46,0.0673,5.91,9.54,-0.28,0,-0.199,154,130,142,11,"1",31,NA,NA,39,9
"Falcons","DST","ATL",5,5.12,0.953,0.0353,4.06,6.68,-0.299,-0.512,-0.254,155,179,145,8,"7",NA,NA,NA,72,NA
"Chiefs","DST","KC",10,5.09,0.885,0.0311,3.63,6.06,-0.334,-0.941,-0.872,156,225,192,9,"7",NA,NA,NA,60,NA
"Zaire Franklin","LB","IND",11,6.16,1.92,0.137,4.55,8.3,-0.341,-0.377,-0.768,157,163,185,13,"2",29,NA,NA,54,7
"Riley Patterson","K","MIA",12,7.66,1.65,0.0226,4.94,9.08,-0.347,-0.975,-0.658,158,230,172,12,"1",26,NA,NA,54,4
"TreVeyon Henderson","RB","NE",14,5.16,0.836,0.111,3.85,6.03,-0.351,-0.578,-1.25,159,184,235,37,"15",23,NA,NA,31,0
"Browns","DST","CLE",9,5.06,0.771,0.191,4.24,6.37,-0.366,-0.326,-0.559,160,161,165,10,"8",NA,NA,NA,52,NA
"Mason Taylor","TE","NYJ",9,6.53,0.625,0.0431,5.77,7.18,-0.367,-0.249,-0.756,161,152,184,18,"4",22,NA,NA,20,0
"Xavier Watts","DB","ATL",5,5.39,0.141,0.0338,5.3,5.5,-0.367,0.189,-1.25,162,114,234,16,"3",24,NA,NA,10,0
"Will Reichard","K","MIN",6,7.63,1.74,0.0191,5.42,10.3,-0.37,-0.499,0.513,163,176,109,13,"1",25,NA,NA,57,1
"Kaimi Fairbairn","K","HOU",6,7.61,1.77,0.0232,5.19,9.77,-0.389,-0.722,0.0289,164,206,128,14,"1",32,NA,NA,61,9
"Jalen Pitre","DB","HOU",6,5.35,0.333,0.0684,5.06,5.69,-0.401,-0.0554,-1.06,165,137,219,17,"3",26,NA,NA,23,3
"Juwan Johnson","TE","NO",11,6.48,0.466,0.311,5.94,6.97,-0.41,-0.0802,-0.961,166,138,213,19,"4",29,NA,NA,6,5
"Tyler Loop","K","BAL",7,7.59,1.58,0.114,5.27,8.82,-0.412,-0.642,-0.922,167,193,206,15,"1",24,NA,NA,50,0
"Sean Tucker","RB","TB",9,5.05,0.945,0.384,4.17,6.77,-0.462,-0.257,-0.509,168,153,160,38,"16",24,NA,NA,46,2
"Kyle Hamilton","DB","BAL",7,5.28,0.923,0.0961,4.61,6.35,-0.469,-0.498,-0.4,169,175,152,18,"3",25,NA,NA,67,3
"Edgerrin Cooper","LB","GB",5,6.02,1.95,0.0292,4.72,8.28,-0.478,-0.202,-0.786,170,147,187,14,"2",24,NA,NA,59,1
"Marcus Mariota","QB","WAS",12,15.8,1.06,0.111,14.7,17.2,-0.492,-0.183,-1.98,171,145,299,17,"6",32,NA,NA,23,10
"Daiyan Henley","LB","LAC",12,5.99,1.88,0.0477,4.91,8.18,-0.508,-0.0156,-0.887,172,133,199,15,"2",26,NA,NA,52,2
"Kayshon Boutte","WR","NE",14,6.91,1.34,0.0767,5.06,8.4,-0.51,-1.01,-0.939,173,234,207,39,"9",24,NA,NA,65,2
"Cairo Santos","K","CHI",5,7.48,1.09,0.0121,6.22,8.93,-0.526,0.307,-0.813,174,108,190,16,"1",34,NA,NA,18,11
"Micah Parsons","DL","GB",5,3.96,0.848,0.209,3.5,4.94,-0.53,-0.316,-0.129,175,160,133,11,"3",26,NA,NA,53,4
"Blake Grupe","K","NO",11,7.47,1.32,0.0138,5.62,9,-0.538,-0.295,-0.739,176,157,182,17,"2",27,NA,NA,29,2
"Evan McPherson","K","CIN",10,7.45,1.97,0.25,5.18,9.55,-0.552,-0.734,-0.184,177,207,137,18,"2",26,NA,NA,86,4
"Demario Davis","LB","NO",11,5.94,1.93,0.0693,4.71,8.18,-0.555,-0.212,-0.883,178,149,196,16,"2",37,NA,NA,57,13
"Broncos","DST","DEN",12,4.87,0.854,0.163,3.83,6.04,-0.557,-0.735,-0.894,179,208,200,11,"9",NA,NA,NA,56,NA
"Chamarri Conner","DB","KC",10,5.19,1.66,0.0858,4.02,7.1,-0.565,-1.09,0.355,180,240,117,19,"3",25,NA,NA,98,2
"Tez Johnson","WR","TB",9,6.83,1.5,0.158,4.63,8.45,-0.586,-1.43,-0.887,181,284,198,40,"9",23,NA,NA,75,0
"Tyler Huntley","QB","BAL",7,15.7,1.31,0.752,14.9,17.6,-0.603,0,-1.55,182,130,257,18,"6",28,NA,NA,31,5
"Azeez Al-Shaair","LB","HOU",6,5.87,2.14,0.0316,4.61,8.37,-0.625,-0.315,-0.701,183,159,175,17,"2",28,NA,NA,73,6
"Camryn Bynum","DB","IND",11,5.1,1.34,0.028,3.75,6.45,-0.651,-1.36,-0.299,184,275,146,20,"3",27,NA,NA,92,4
"Lavonte David","LB","TB",9,5.84,2,0.0335,4.75,8.17,-0.656,-0.17,-0.896,185,144,202,18,"2",36,NA,NA,64,13
"Mike Sainristil","DB","WAS",12,5.07,0.674,0.0447,4.65,5.86,-0.679,-0.458,-0.887,186,172,197,21,"3",25,NA,NA,48,1
"Bobby Okereke","LB","NYG",14,5.81,2.1,0.0555,4.14,8.18,-0.69,-0.78,-0.883,187,211,195,19,"2",29,NA,NA,71,6
"Patriots","DST","NE",14,4.7,1.8,0.0162,2.11,6.27,-0.719,-2.46,-0.66,188,403,173,12,"9",NA,NA,NA,99,NA
"Mark Andrews","TE","BAL",7,6.17,1.05,0.482,4.66,7.55,-0.722,-1.36,-0.387,189,276,151,20,"5",30,NA,NA,63,7
"Minkah Fitzpatrick","DB","MIA",12,5.03,0.212,0.00429,4.9,5.19,-0.724,-0.21,-1.55,190,148,258,22,"3",29,NA,NA,15,7
"Justin Reid","DB","NO",11,5.03,0.688,0.0154,4.46,5.77,-0.728,-0.651,-0.977,191,195,215,23,"3",29,NA,NA,50,7
"Bears","DST","CHI",5,4.69,0.745,0.0475,3.62,5.65,-0.736,-0.954,-1.28,192,228,238,13,"10",NA,NA,NA,48,NA
"Jalyx Hunt","DL","PHI",9,3.75,0.791,0.243,3.07,4.57,-0.738,-0.753,-0.505,193,210,158,12,"4",25,NA,NA,49,1
"Marvin Mims","WR","DEN",12,6.67,0.771,0.0978,5.8,7.65,-0.744,-0.265,-1.69,195,154,265,41,"9",24,NA,NA,20,2
"Nahshon Wright","DB","CHI",5,5.01,0.636,0.0567,4.52,5.39,-0.744,-0.593,-1.35,194,186,241,24,"3",27,NA,NA,43,4
"Patrick Queen","LB","PIT",5,5.75,2.23,0.0987,4.51,8.36,-0.745,-0.417,-0.711,196,168,176,20,"2",26,NA,NA,80,5
"Bills","DST","BUF",7,4.64,0.964,0.0543,3.1,5.49,-0.783,-1.47,-1.44,197,288,250,14,"11",NA,NA,NA,76,NA
"Tyson Campbell","DB","CLE",9,4.95,0.566,0.0363,4.52,5.29,-0.8,-0.595,-1.45,198,187,251,25,"4",26,NA,NA,37,4
"Ryan Fitzgerald","K","CAR",14,7.2,0.94,0.0399,5.82,7.89,-0.802,-0.0947,-1.85,199,139,274,19,"2",25,NA,NA,4,0
"Jets","DST","NYJ",9,4.59,0.891,0.159,3.74,6.16,-0.837,-0.828,-0.777,202,216,186,15,"12",NA,NA,NA,64,NA
"Byron Murphy","DB","MIN",6,4.92,0.825,0.000695,4.12,5.59,-0.837,-0.989,-1.16,200,231,227,26,"4",28,NA,NA,58,6
"Kamari Lassiter","DB","HOU",6,4.92,0.354,0.00318,4.7,5.19,-0.837,-0.408,-1.56,201,167,259,27,"4",23,NA,NA,25,1
"Derek Stingley Jr.","DB","HOU",6,4.91,0.141,0.0102,4.8,5,-0.84,-0.308,-1.75,203,158,267,28,"4",24,NA,NA,8,3
"Josh Downs","WR","IND",11,6.57,1.4,0.0662,3.91,8.05,-0.842,-2.15,-1.28,205,361,236,42,"10",24,NA,NA,72,2
"Eddy Pineiro","K","SF",14,7.16,1.47,0.291,5.37,9.33,-0.842,-0.547,-0.413,204,181,153,20,"2",30,NA,NA,43,7
"Blake Cashman","LB","MIN",6,5.65,2.83,0.00277,3.73,8.93,-0.844,-1.19,-0.138,206,250,134,21,"2",30,NA,NA,99,6
"Tyrone Tracy","RB","NYG",14,4.66,1.29,0.0388,3.86,7.28,-0.846,-0.568,0,207,183,130,39,"16",26,NA,NA,71,1
"Terrel Bernard","LB","BUF",7,5.65,2.07,0.0456,4.41,8.07,-0.847,-0.511,-0.998,208,178,216,22,"2",27,NA,NA,68,3
"Malachi Moore","DB","NYJ",9,4.9,0.495,0.00881,4.61,5.29,-0.851,-0.506,-1.46,209,177,252,29,"4",24,NA,NA,33,0
"Alontae Taylor","DB","NO",11,4.89,0.656,0.0155,4.5,5.66,-0.859,-0.609,-1.09,210,190,221,30,"4",27,NA,NA,47,3
"Trevon Moehrig","DB","CAR",14,4.88,1.13,0.0125,4.01,6.14,-0.875,-1.1,-0.604,211,242,167,31,"4",26,NA,NA,73,4
"Isaiah Davis","RB","NYJ",9,4.62,0.908,0.171,3.72,6.33,-0.885,-0.705,-0.947,212,200,209,40,"16",24,NA,NA,41,1
"Daxton Hill","DB","CIN",10,4.87,1.17,0.0225,4.11,6.23,-0.887,-1,-0.518,213,233,161,32,"4",25,NA,NA,80,3
"Kaden Elliss","LB","ATL",5,5.61,1.41,0.0438,4.53,7.22,-0.892,-0.398,-1.85,214,166,275,23,"2",30,NA,NA,36,6
"Malik Washington","WR","MIA",12,6.51,1.39,0.0473,4.32,8.6,-0.908,-1.74,-0.732,215,318,179,43,"10",25,NA,NA,70,1
"Keisean Nixon","DB","GB",5,4.84,0.987,0.00378,4.02,5.95,-0.91,-1.09,-0.798,216,239,188,33,"4",28,NA,NA,68,6
"Isaiah Rodgers","DB","MIN",6,4.84,0.424,0.00702,4.51,5.09,-0.914,-0.6,-1.65,217,188,263,34,"4",28,NA,NA,27,5
"Jonas Sanker","DB","NO",11,4.83,0.707,0.00285,4.41,5.38,-0.921,-0.704,-1.37,218,198,243,35,"4",24,NA,NA,53,0
"Antoine Winfield","DB","TB",9,4.83,1.28,0.0704,3.82,6.24,-0.924,-1.29,-0.508,219,260,159,36,"4",27,NA,NA,87,5
"Carson Schwesinger","LB","CLE",9,5.56,2.14,0.0626,4.31,8.06,-0.936,-0.613,-1,220,192,217,24,"2",23,NA,NA,75,0
"Xavier Hutchinson","WR","HOU",6,6.46,1.78,0.095,5.18,9.96,-0.956,-0.881,0.627,221,221,102,44,"10",25,NA,NA,87,2
"Cameron Heyward","DL","PIT",5,3.5,1.56,0.0122,2.43,4.57,-0.982,-1.39,-0.502,222,278,157,13,"4",37,NA,NA,98,14
"Khalil Mack","DL","LAC",12,3.49,0.636,0.0887,3.11,3.98,-0.994,-0.71,-1.09,223,201,222,14,"4",35,NA,NA,30,11
"Kool-Aid McKinstry","DB","NO",11,4.76,0.424,0.0715,4.51,5.09,-0.994,-0.607,-1.66,224,189,264,37,"4",23,NA,NA,27,1
"Giants","DST","NYG",14,4.43,0.593,0.0532,3.62,4.98,-0.997,-0.952,-1.95,225,227,296,16,"12",NA,NA,NA,36,NA
"Barrett Carter","LB","CIN",10,5.5,NA,0.107,NA,NA,-0.999,NA,NA,226,NA,NA,25,"2",23,NA,NA,NA,0
"Alec Pierce","WR","IND",11,6.36,1.83,0.00332,4.61,8.91,-1.05,-1.45,-0.423,228,286,156,45,"10",26,NA,NA,92,3
"Xavier Legette","WR","CAR",14,6.36,1.08,0.172,5.11,7.91,-1.05,-0.952,-1.43,229,226,249,46,"10",25,NA,NA,49,1
"Steelers","DST","PIT",5,4.37,0.403,0.163,3.83,4.82,-1.05,-0.743,-2.11,227,209,316,17,"13",NA,NA,NA,20,NA
"British Brooks","RB","HOU",6,4.45,1.97,0.432,3.24,5.95,-1.06,-1.19,-1.33,230,251,240,41,"16",26,NA,NA,96,1
"Tyler Nubin","DB","NYG",14,4.69,1.16,0.00314,3.91,6.03,-1.07,-1.2,-0.714,231,254,177,38,"4",24,NA,NA,78,1
"Grant Delpit","DB","CLE",9,4.69,1.29,0.0585,3.63,6.13,-1.07,-1.48,-0.615,232,289,169,39,"4",27,NA,NA,88,5
"AShawn Robinson","DL","CAR",14,3.4,1.13,0.0623,2.62,4.18,-1.08,-1.2,-0.894,233,252,201,15,"4",31,NA,NA,84,9
"SirVocea Dennis","LB","TB",9,5.39,2.71,0.108,3.05,8.19,-1.11,-1.87,-0.874,234,331,193,26,"2",26,NA,NA,96,2
"Andres Borregales","K","NE",14,6.87,0.986,0.333,5.91,8.31,-1.13,-0.00519,-1.42,236,131,248,21,"2",23,NA,NA,7,0
"Trent McDuffie","DB","KC",10,4.63,0.283,0.0268,4.41,4.8,-1.13,-0.704,-1.95,235,199,295,40,"4",25,NA,NA,18,3
"DeForest Buckner","DL","IND",11,3.34,1.44,0.104,2.41,5.01,-1.14,-1.41,-0.0597,237,281,132,16,"4",32,NA,NA,96,9
"Calen Bullock","DB","HOU",6,4.6,0,0.0134,4.6,4.6,-1.15,-0.512,-2.15,238,180,321,41,"4",23,NA,NA,1,1
"Michael Jackson","DB","CAR",14,4.59,0.141,0.00101,4.5,4.7,-1.17,-0.611,-2.05,239,191,308,42,"4",29,NA,NA,10,6
"Michael Jackson","DB","CAR",14,4.59,0.141,0.00101,4.5,4.7,-1.17,-0.611,-2.05,239,191,308,42,"4",29,NA,NA,10,6
"Cooper DeJean","DB","PHI",9,4.59,0.905,0.0292,4.1,5.64,-1.17,-1.01,-1.11,240,235,223,43,"4",23,NA,NA,62,1
"Chigoziem Okonkwo","TE","TEN",10,5.69,0.456,0.119,4.9,6.17,-1.2,-1.12,-1.76,242,245,269,21,"5",26,NA,NA,3,3
"Harrison Smith","DB","MIN",6,4.56,0.866,0.0311,3.96,5.55,-1.2,-1.15,-1.2,241,247,228,44,"4",37,NA,NA,60,13
"Packers","DST","GB",5,4.21,0.567,0.152,3.28,4.9,-1.21,-1.29,-2.03,243,259,306,18,"14",NA,NA,NA,28,NA
"Dee Winters","LB","SF",14,5.28,1.84,0.0556,3.83,7.31,-1.21,-1.1,-1.76,244,241,268,27,"2",25,NA,NA,46,2
"Jayden Higgins","WR","HOU",6,6.19,0.624,0.133,5.38,6.88,-1.23,-0.679,-2.45,245,196,344,47,"10",23,NA,NA,4,0
"Xavier McKinney","DB","GB",5,4.53,1.56,0.052,3.15,6.22,-1.23,-1.97,-0.523,246,340,162,45,"4",26,NA,NA,93,5
"T.J. Watt","DL","PIT",5,3.24,0.946,0.0327,2.7,4.34,-1.25,-1.11,-0.734,247,243,180,17,"4",31,NA,NA,65,8
"Cody Barton","LB","TEN",10,5.23,1.69,0.118,4.12,7.2,-1.27,-0.807,-1.87,248,213,277,28,"3",29,NA,NA,43,6
"Jonathan Allen","DL","MIN",6,3.2,1.41,0.0994,2.23,4.17,-1.28,-1.59,-0.9,250,298,203,18,"5",31,NA,NA,95,8
"Christian Gonzalez","DB","NE",14,4.47,0.283,0.0166,4.3,4.69,-1.28,-0.809,-2.05,249,214,310,46,"4",23,NA,NA,20,2
"Nate Wiggins","DB","BAL",7,4.46,0.0707,0.0166,4.4,4.5,-1.3,-0.71,-2.25,251,202,326,47,"4",22,NA,NA,7,1
"Cordale Flott","DB","NYG",14,4.44,0.424,0.021,4.11,4.69,-1.31,-1,-2.05,252,232,309,48,"5",24,NA,NA,27,3
"Jonnu Smith","TE","PIT",5,5.57,1.03,0.0181,4.65,7.08,-1.32,-1.37,-0.854,253,277,191,22,"5",30,NA,NA,60,8
"Amani Hooker","DB","TEN",10,4.42,1.05,0.00461,3.47,5.46,-1.33,-1.64,-1.28,254,309,237,49,"5",27,NA,NA,70,6
"Noah Fant","TE","CIN",10,5.55,1.13,0.288,4.1,6.86,-1.34,-1.91,-1.07,256,337,220,23,"6",28,NA,NA,74,6
"Reed Blankenship","DB","PHI",9,4.41,0.804,0.0145,3.91,5.35,-1.34,-1.21,-1.4,255,256,246,50,"5",27,NA,NA,57,3
"DJ Turner","DB","CIN",10,4.4,0,0.063,4.4,4.4,-1.35,-0.712,-2.35,257,203,333,51,"5",25,NA,NA,1,2
"Carson Wentz","QB","MIN",6,15,0.774,0.0209,14.3,16,-1.36,-0.585,-3.14,258,185,408,19,"6",33,NA,NA,6,9
"Darius Slayton","WR","NYG",14,6.06,0.95,0.0164,4.62,7.16,-1.36,-1.44,-2.17,259,285,324,48,"10",29,NA,NA,34,6
"Dolphins","DST","MIA",12,4.06,0.461,0.000823,3.27,4.57,-1.36,-1.29,-2.36,260,262,335,19,"14",NA,NA,NA,24,NA
"49ers","DST","SF",14,4.06,1.09,0.06,2.01,4.7,-1.37,-2.55,-2.23,261,424,325,20,"14",NA,NA,NA,84,NA
"Kirk Cousins","QB","ATL",5,15,2,0.149,12.8,17.6,-1.38,-2.09,-1.53,263,354,256,20,"6",37,NA,NA,74,13
"Chimere Dike","WR","TEN",10,6.04,0.625,0.121,5.22,6.67,-1.38,-0.846,-2.67,262,217,357,49,"10",24,NA,NA,6,0
"Derrick Brown","DL","CAR",14,3.1,1.7,0.00255,1.93,4.27,-1.38,-1.88,-0.805,264,332,189,19,"5",28,NA,NA,99,5
"Nik Bonitto","DL","DEN",12,3.1,0.574,0.194,2.52,3.68,-1.38,-1.29,-1.4,265,261,245,20,"5",26,NA,NA,23,3
"Demetrius Knight","LB","CIN",10,5.11,1.7,0.0912,4.06,7.09,-1.39,-0.865,-1.97,266,220,298,29,"3",25,NA,NA,45,0
"Evan Williams","DB","GB",5,4.34,0.919,0.037,3.63,4.89,-1.42,-1.48,-1.86,267,290,276,52,"5",24,NA,NA,63,1
"Cowboys","DST","DAL",10,4,0.276,0.0845,3.71,4.46,-1.43,-0.858,-2.47,268,218,347,21,"15",NA,NA,NA,4,NA
"M.J. Stewart","DB","HOU",6,4.3,0,0.0161,4.3,4.3,-1.45,-0.812,-2.45,269,215,343,53,"5",30,NA,NA,1,7
"Nick Folk","K","NYJ",9,6.54,1.56,0.161,4.83,8.5,-1.47,-1.08,-1.24,270,238,233,22,"2",41,NA,NA,46,18
"Renardo Green","DB","SF",14,4.28,1.26,0.0438,3.14,5.64,-1.47,-1.97,-1.11,271,341,224,54,"5",25,NA,NA,82,1
"Cedric Gray","LB","TEN",10,5.02,1.27,0.149,4.04,5.78,-1.48,-0.886,-3.28,272,222,430,30,"3",23,NA,NA,30,1
"Brashard Smith","RB","KC",10,4.02,1.01,0.0433,3,5.59,-1.49,-1.43,-1.69,273,283,266,42,"17",23,NA,NA,50,0
"Jaylin Noel","WR","HOU",6,5.92,1.33,0.0652,3.67,7.74,-1.5,-2.39,-1.6,274,391,261,50,"10",23,NA,NA,62,0
"Saints","DST","NO",11,3.91,0.347,0.0409,3.42,4.28,-1.51,-1.15,-2.65,275,246,354,22,"16",NA,NA,NA,16,NA
"Tarheeb Still","DB","LAC",12,4.24,0.424,0.0299,3.91,4.49,-1.51,-1.2,-2.25,276,253,327,55,"5",23,NA,NA,32,1
"Spencer Rattler","QB","NO",11,14.8,1.46,0.721,14,17.8,-1.53,-0.859,-1.37,277,219,244,21,"7",25,NA,NA,34,1
"Samaje Perine","RB","CIN",10,3.98,1.37,0.106,2.45,6.24,-1.53,-1.98,-1.04,278,342,218,43,"17",30,NA,NA,76,8
"Andru Phillips","DB","NYG",14,4.21,0.636,0.0102,3.72,4.59,-1.54,-1.39,-2.15,279,279,322,56,"5",24,NA,NA,42,1
"Commanders","DST","WAS",12,3.87,0.254,0.267,3.52,4.21,-1.55,-1.05,-2.73,280,236,361,23,"17",NA,NA,NA,1,NA
"Geno Stone","DB","CIN",10,4.2,0,0.0341,4.2,4.2,-1.55,-0.912,-2.55,281,223,348,57,"5",27,NA,NA,1,5
"Marquise Brown","WR","KC",10,5.85,1.51,0.00915,3.98,7.82,-1.56,-2.08,-1.52,282,352,255,51,"10",28,NA,NA,76,6
"Calvin Austin III","WR","PIT",5,5.84,0.797,0.193,5.02,6.94,-1.57,-1.05,-2.4,283,237,341,52,"10",27,NA,NA,25,3
"Carl Granderson","DL","NO",11,2.91,1.05,0.239,2.3,4.13,-1.58,-1.51,-0.94,284,295,208,21,"6",29,NA,NA,81,6
"Christian Benford","DB","BUF",7,4.17,0.921,0.0124,3.65,5.24,-1.59,-1.46,-1.51,285,287,254,58,"5",25,NA,NA,65,3
"Kenny Moore","DB","IND",11,4.15,0.566,0.00702,3.72,4.49,-1.6,-1.4,-2.25,286,280,328,59,"5",30,NA,NA,37,8
"Dee Alford","DB","ATL",5,4.15,0.566,0.0401,3.81,4.58,-1.61,-1.31,-2.16,287,264,323,60,"5",28,NA,NA,35,4
"David Njoku","TE","CLE",9,5.26,2.24,0.343,1.69,7.55,-1.63,-4.33,-0.384,290,638,150,24,"6",29,NA,NA,99,8
"Lucas Havrisik","K","GB",5,6.38,1.9,0.326,4.71,8.41,-1.63,-1.2,-1.33,289,255,239,23,"2",26,NA,NA,79,3
"Frankie Luvu","LB","WAS",12,4.87,1.97,0.0585,3.71,7.17,-1.63,-1.21,-1.89,288,258,282,31,"3",29,NA,NA,62,7
"Jeremy McNichols","RB","WAS",12,3.87,0.634,0.0658,3.31,4.86,-1.64,-1.12,-2.42,291,244,342,44,"17",30,NA,NA,17,8
"Christian Rozeboom","LB","CAR",14,4.81,1.87,0.0253,3.61,6.99,-1.69,-1.31,-2.08,295,269,312,32,"3",29,NA,NA,50,5
"Jerome Ford","RB","CLE",9,3.81,0.841,0.164,3.09,5.32,-1.7,-1.34,-1.96,297,273,297,45,"17",26,NA,NA,33,3
"Kenneth Murray","LB","DAL",10,4.79,1.97,0.219,3.15,6.99,-1.71,-1.78,-2.07,298,320,311,33,"3",27,NA,NA,61,5
"Jahan Dotson","WR","PHI",9,5.65,1.62,0.0848,3.82,8.42,-1.76,-2.24,-0.918,299,378,204,53,"10",26,NA,NA,80,3
"Panthers","DST","CAR",14,3.61,0.289,0.0491,3.22,3.97,-1.82,-1.34,-2.96,305,274,383,24,"18",NA,NA,NA,8,NA
"Jermaine Johnson","DL","NYJ",9,2.67,1.24,0.0318,2,4.12,-1.82,-1.82,-0.955,304,329,212,22,"6",27,NA,NA,93,3
"Sterling Shepard","WR","TB",9,5.57,0.65,0.111,4.74,6.19,-1.85,-1.32,-3.14,308,271,410,54,"11",33,NA,NA,10,9
"Laiatu Latu","DL","IND",11,2.64,0.676,0.0823,2.02,3.28,-1.85,-1.8,-1.79,309,324,270,23,"6",25,NA,NA,35,1
"Devin Neal","RB","NO",11,3.64,0.436,0.476,3.11,4.41,-1.87,-1.32,-2.87,314,272,375,46,"17",22,NA,NA,4,0
"Ravens","DST","BAL",7,3.56,1.21,0.334,2.07,5,-1.87,-2.5,-1.93,312,410,293,25,"19",NA,NA,NA,92,NA
"Grover Stewart","DL","IND",11,2.55,0.607,0.0162,2.2,3.26,-1.93,-1.61,-1.81,318,305,272,24,"6",32,NA,NA,28,8
"Pete Werner","LB","NO",11,4.57,0.967,0.00563,3.63,5.29,-1.93,-1.3,-3.78,317,263,475,34,"3",26,NA,NA,23,4
"Trevin Wallace","LB","CAR",14,4.56,2.23,0.19,3.22,7.16,-1.94,-1.71,-1.91,319,316,287,35,"3",23,NA,NA,79,1
"Matt Gay","K","WAS",12,6.05,2.9,0.02,0.594,9.13,-1.95,-5.32,-0.606,323,709,168,24,"2",32,NA,NA,93,6
"Quinnen Williams","DL","NYJ",9,2.54,1.19,0.0119,1.9,3.92,-1.95,-1.92,-1.15,320,338,225,25,"6",28,NA,NA,86,6
"Arian Smith","WR","NYJ",9,5.46,2.09,0.37,3.81,9.34,-1.96,-2.25,0,324,379,130,55,"11",24,NA,NA,99,0
"B.J. Hill","DL","CIN",10,2.53,0.64,0.0115,1.96,3.18,-1.96,-1.85,-1.9,325,330,284,26,"6",31,NA,NA,32,7
"Colston Loveland","TE","CHI",5,4.92,0.793,0.0591,4.06,5.99,-1.97,-1.96,-1.95,327,339,294,25,"6",22,NA,NA,37,0
"Joey Slye","K","TEN",10,6.03,1.82,0.32,3.88,8.51,-1.97,-2.04,-1.23,328,351,230,25,"3",30,NA,NA,68,6
"D.J. Wonnum","DL","CAR",14,2.51,0.562,0.0106,2.15,3.17,-1.97,-1.66,-1.91,326,310,285,27,"6",28,NA,NA,19,5
"Bradley Chubb","DL","MIA",12,2.5,0.487,0.00119,2.2,3.07,-1.98,-1.61,-2,330,306,303,28,"6",29,NA,NA,12,7
"Jalen Carter","DL","PHI",9,2.5,0.99,0.00426,1.82,3.18,-1.98,-2,-1.89,331,344,281,29,"6",25,NA,NA,77,2
"Zach Sieler","DL","MIA",12,2.5,1.22,0.0453,1.8,3.92,-1.99,-2.01,-1.15,332,348,226,30,"6",30,NA,NA,91,7
"Pat Freiermuth","TE","PIT",5,4.86,1.51,0.602,3.03,7.24,-2.03,-2.99,-0.695,334,491,174,26,"7",27,NA,NA,94,4
"Zach Allen","DL","DEN",12,2.45,1.2,0.0505,1.62,3.28,-2.03,-2.19,-1.8,335,363,271,31,"6",28,NA,NA,88,6
"Jaelan Phillips","DL","MIA",12,2.4,0.99,0.00776,1.72,3.08,-2.08,-2.1,-1.99,339,355,300,32,"6",26,NA,NA,74,4
"Gregory Rousseau","DL","BUF",7,2.39,0.656,0.000185,2,3.16,-2.09,-1.81,-1.91,340,328,289,33,"6",26,NA,NA,33,4
"Alex Highsmith","DL","PIT",5,2.39,0.582,0.0322,2,3.07,-2.09,-1.81,-2.01,341,327,304,34,"6",28,NA,NA,25,5
"Jonathon Cooper","DL","DEN",12,2.36,0.768,0.00971,1.63,3.17,-2.12,-2.19,-1.91,343,362,286,35,"6",28,NA,NA,46,4
"Christian Barmore","DL","NE",14,2.35,1.06,0.0162,1.62,3.08,-2.13,-2.2,-1.99,347,365,301,36,"6",26,NA,NA,82,4
"Jihaad Campbell","LB","PHI",9,4.37,0.283,0.00318,4.2,4.59,-2.13,-0.721,-4.47,345,205,537,36,"3",22,NA,NA,7,0
"Payton Wilson","LB","PIT",5,4.37,0.212,0.0229,4.21,4.5,-2.13,-0.718,-4.57,346,204,543,37,"3",26,NA,NA,2,1
"Kwity Paye","DL","IND",11,2.34,0.715,0.0339,1.71,3.07,-2.15,-2.1,-2,348,356,302,37,"6",27,NA,NA,40,4
"Shemar James","LB","DAL",10,4.35,1.56,0.0696,3.15,5.28,-2.15,-1.78,-3.79,349,321,477,38,"3",21,NA,NA,41,0
"Milton Williams","DL","NE",14,2.3,0.99,0.0564,1.62,2.98,-2.18,-2.2,-2.09,352,366,313,38,"7",27,NA,NA,74,4
"Titans","DST","TEN",10,3.22,0.662,0,2.1,3.96,-2.2,-2.47,-2.97,353,404,385,26,"19",NA,NA,NA,44,NA
"Drue Tranquill","LB","KC",10,4.28,1.5,0.177,3.22,6.01,-2.22,-1.7,-3.06,356,313,400,39,"4",30,NA,NA,39,6
"Montez Sweat","DL","CHI",5,2.25,0.79,0.0123,1.71,3.15,-2.24,-2.11,-1.92,359,358,290,39,"7",29,NA,NA,47,6
"Michael Penix Jr.","QB","ATL",5,14.1,4.21,0.0585,11.7,18.7,-2.25,-3.18,-0.423,361,515,155,22,"7",26,NA,NA,97,1
"Will McDonald","DL","NYJ",9,2.23,0.471,0.025,1.9,2.77,-2.25,-1.91,-2.3,362,336,331,40,"7",26,NA,NA,11,2
"Abdul Carter","DL","NYG",14,2.21,0.99,0.00845,1.61,2.97,-2.28,-2.21,-2.1,364,368,314,41,"7",22,NA,NA,72,0
"Andre Szmyt","K","CLE",9,5.71,0.996,0.223,4.76,6.96,-2.29,-1.16,-2.78,367,248,369,26,"3",27,NA,NA,11,2
"Dallas Turner","DL","MIN",6,2.2,NA,0.0749,NA,NA,-2.29,NA,NA,366,NA,NA,42,"7",23,NA,NA,NA,1
"Andy Dalton","QB","CAR",14,14,1.63,0.31,12,16.1,-2.3,-2.85,-3.1,368,472,404,23,"7",38,NA,NA,51,14
"Rashod Bateman","WR","BAL",7,5.09,1.05,0.313,3.86,6.95,-2.33,-2.21,-2.38,369,367,340,56,"11",26,NA,NA,45,4
"Ollie Gordon","RB","MIA",12,3.17,0.831,0.0364,2.17,4.44,-2.34,-2.26,-2.84,370,380,371,47,"17",22,NA,NA,30,0
"Ed Oliver","DL","BUF",7,2.13,0.874,0.0302,1.61,3.14,-2.36,-2.21,-1.93,371,373,291,43,"7",28,NA,NA,56,6
"Emanuel Wilson","RB","GB",5,3.13,0.938,0.0206,1.45,4.05,-2.38,-2.98,-3.23,374,490,421,48,"17",27,NA,NA,44,2
"Dexter Lawrence","DL","NYG",14,2.09,0.903,0.0304,1.51,3.14,-2.39,-2.31,-1.93,376,384,292,44,"7",28,NA,NA,58,6
"Ty Johnson","RB","BUF",7,3.11,1.23,0.136,1.81,4.97,-2.4,-2.62,-2.31,378,436,332,49,"18",28,NA,NA,64,6
"Quincy Williams","LB","NYJ",9,4.1,2.69,0.0339,2.13,7.15,-2.4,-2.79,-1.91,377,460,288,40,"4",29,NA,NA,95,6
"Dre'Mont Jones","DL","TEN",10,2.06,0.847,0.000185,1.51,3.05,-2.42,-2.31,-2.03,379,385,305,45,"7",56,NA,NA,51,6
"Rashan Gary","DL","GB",5,2.06,0.761,0.00452,1.61,2.95,-2.42,-2.21,-2.12,380,374,318,46,"7",28,NA,NA,44,6
"Mykel Williams","DL","SF",14,2.06,0.424,0.0599,1.81,2.39,-2.43,-2.01,-2.69,381,347,358,47,"7",21,NA,NA,9,0
"Germaine Pratt","LB","IND",11,4.07,1.85,0.0994,2.45,6.11,-2.43,-2.47,-2.96,382,407,384,41,"4",29,NA,NA,48,6
"Roy Robertson-Harris","DL","NYG",14,2,NA,0.0299,NA,NA,-2.49,NA,NA,386,NA,NA,48,"7",32,NA,NA,NA,9
"Anfernee Jennings","DL","NE",14,2,NA,0,NA,NA,-2.49,NA,NA,386,NA,NA,48,"7",29,NA,NA,NA,5
"K'Lavon Chaisson","DL","NE",14,1.97,0.212,0.0146,1.81,2.1,-2.51,-2.01,-2.98,388,346,386,49,"7",26,NA,NA,5,5
"Graham Gano","K","NYG",14,5.49,0.88,1.59,4.76,6.8,-2.52,-1.16,-2.94,389,249,380,27,"4",39,NA,NA,1,16
"Joey Bosa","DL","BUF",7,1.96,0.931,0.112,1.41,3.04,-2.53,-2.41,-2.03,390,397,307,50,"7",30,NA,NA,60,9
"Henry To'oTo'o","LB","HOU",6,3.97,1.01,0.0609,3.31,5.14,-2.53,-1.62,-3.93,391,308,487,42,"4",25,NA,NA,27,2
"Jaydon Blue","RB","DAL",10,2.97,1.18,0.0518,1.18,4.42,-2.54,-3.25,-2.86,393,525,373,50,"18",22,NA,NA,61,0
"Zavier Scott","RB","MIN",6,2.92,1.28,0.0182,1.69,4.22,-2.59,-2.74,-3.06,395,455,401,51,"18",26,NA,NA,69,2
"Nakobe Dean","LB","PHI",9,3.91,0.757,0.109,3.17,4.49,-2.59,-1.75,-4.58,396,319,546,43,"4",25,NA,NA,20,3
"Ameer Abdullah","RB","IND",11,2.9,1.23,0.219,1.85,4.2,-2.61,-2.58,-3.08,398,426,402,52,"18",32,NA,NA,63,10
"Mac Jones","QB","SF",14,13.7,0.727,0.109,12.8,14.5,-2.62,-2.08,-4.7,399,353,551,24,"7",27,NA,NA,3,4
"Ja'Tavion Sanders","TE","CAR",14,4.26,0.504,0.159,3.81,5.05,-2.63,-2.21,-2.88,400,371,376,27,"7",23,NA,NA,11,1
"Olamide Zaccheaus","WR","CHI",5,4.77,0.705,0.00286,3.77,5.44,-2.64,-2.3,-3.9,402,382,485,57,"11",28,NA,NA,15,6
"Van Jefferson","WR","TEN",10,4.77,1.12,0.097,3.11,5.94,-2.64,-2.95,-3.39,403,488,440,58,"11",29,NA,NA,51,5
"Vita Vea","DL","TB",9,1.84,0.987,0.0411,1.02,2.95,-2.64,-2.79,-2.13,401,459,319,51,"7",31,NA,NA,67,7
"Kyle Van Noy","DL","BAL",7,1.8,0.316,0.00277,1.51,2.09,-2.68,-2.31,-2.98,404,386,389,52,"7",35,NA,NA,7,11
"Cameron Jordan","DL","NO",11,1.8,NA,0.00489,NA,NA,-2.69,NA,NA,406,NA,NA,53,"7",36,NA,NA,NA,14
"Jordan Davis","DL","PHI",9,1.8,0,0,1.8,1.8,-2.69,-2.02,-3.27,406,349,426,53,"7",26,NA,NA,1,3
"Osa Odighizuwa","DL","DAL",10,1.8,0.99,0.044,1.11,2.94,-2.69,-2.7,-2.13,407,443,320,54,"8",27,NA,NA,79,4
"E.J. Speed","LB","HOU",6,3.8,0.495,0.0968,3.41,4.09,-2.7,-1.51,-4.97,409,293,569,44,"4",30,NA,NA,14,6
"Dillon Gabriel","QB","CLE",9,13.6,1.59,0.507,11.2,16,-2.72,-3.64,-3.14,411,561,409,25,"8",25,NA,NA,43,0
"Javon Hargrave","DL","MIN",6,1.75,0.495,0.00458,1.41,2.09,-2.73,-2.41,-2.98,412,394,391,55,"8",33,NA,NA,14,9
"Allen Lazard","WR","NYJ",9,4.67,0.764,0.128,3.7,5.56,-2.74,-2.36,-3.78,415,389,476,59,"12",30,NA,NA,18,7
"Joseph Ossai","DL","CIN",10,1.75,0.566,0.0134,1.41,2.18,-2.74,-2.41,-2.89,413,395,378,56,"8",26,NA,NA,21,4
"Bud Dupree","DL","LAC",12,1.73,0.707,0.0134,1.31,2.28,-2.75,-2.51,-2.79,416,415,370,57,"8",33,NA,NA,39,10
"Sam Williams","DL","DAL",10,1.72,0.849,0.00636,1.21,2.37,-2.77,-2.61,-2.7,419,430,360,58,"8",27,NA,NA,54,3
"Jalen Redmond","DL","MIN",6,1.71,0.141,0.0134,1.6,1.8,-2.77,-2.21,-3.27,420,375,427,59,"8",27,NA,NA,2,3
"Deone Walker","DL","BUF",7,1.71,0.141,0,1.6,1.8,-2.77,-2.21,-3.27,420,375,427,59,"8",22,NA,NA,2,0
"Isaiah Likely","TE","BAL",7,4.1,1.35,0.0815,2.57,6.05,-2.79,-3.45,-1.89,423,541,280,28,"7",26,NA,NA,86,3
"Mike Green","DL","BAL",7,1.7,NA,0.027,NA,NA,-2.79,NA,NA,422,NA,NA,60,"8",22,NA,NA,NA,0
"Teddye Buchanan","LB","BAL",7,3.7,NA,0.00636,NA,NA,-2.8,NA,NA,424,NA,NA,45,"4",23,NA,NA,NA,0
"Francisco Mauigoa","LB","NYJ",9,3.69,0.99,0.00318,2.93,4.29,-2.81,-1.99,-4.78,425,343,556,46,"4",23,NA,NA,25,0
"JD Bertrand","LB","ATL",5,3.69,1.48,0.000334,2.54,4.58,-2.81,-2.38,-4.48,426,390,538,47,"4",26,NA,NA,38,1
"Logan Wilson","LB","CIN",10,3.69,0.347,0.000328,3.41,4.08,-2.81,-1.52,-4.99,427,296,570,48,"4",29,NA,NA,9,5
"Devin Bush","LB","CLE",9,3.69,0.636,0.0197,3.31,4.18,-2.81,-1.62,-4.89,428,307,564,49,"4",27,NA,NA,18,6
"Brian Robinson","RB","SF",14,2.68,0.739,0.0778,1.56,3.57,-2.83,-2.87,-3.71,431,473,469,53,"18",27,NA,NA,21,3
"Troy Dye","LB","LAC",12,3.67,0.212,0.0701,3.51,3.8,-2.83,-1.42,-5.27,432,282,592,50,"4",29,NA,NA,4,5
"Christian Watson","WR","GB",5,4.55,1.38,0.0453,2.53,6.45,-2.87,-3.53,-2.89,436,548,377,60,"12",27,NA,NA,69,3
"Tanner Conner","TE","MIA",12,4.02,0.863,0.209,3.28,5.19,-2.87,-2.74,-2.75,438,456,363,29,"8",28,NA,NA,43,3
"Ray Davis","RB","BUF",7,2.61,1.35,0.27,1.02,4.66,-2.9,-3.41,-2.62,444,537,352,54,"18",26,NA,NA,74,1
"Segun Olubi","LB","IND",11,3.6,NA,0.25,NA,NA,-2.9,NA,NA,443,NA,NA,51,"4",26,NA,NA,NA,3
"Jalen McMillan","WR","TB",9,4.5,0,0.245,4.5,4.5,-2.92,-1.56,-4.84,446,297,559,61,"12",24,NA,NA,1,1
"Gunnar Helm","TE","TEN",10,3.81,0.729,0.0233,2.74,4.62,-3.08,-3.28,-3.32,466,526,433,30,"8",23,NA,NA,29,0
"Daniel Bellinger","TE","NYG",14,3.79,1.2,0.48,2.78,5.56,-3.11,-3.24,-2.37,474,524,339,31,"8",25,NA,NA,80,3
"Eric Wilson","LB","MIN",6,3.35,1.06,0.126,2.53,3.99,-3.15,-2.39,-5.08,481,392,579,52,"4",31,NA,NA,29,8
"Isaiah Bond","WR","CLE",9,4.25,0.787,0.0945,3.09,4.88,-3.16,-2.97,-4.46,486,489,534,62,"12",22,NA,NA,23,0
"Chris Rodriguez","RB","WAS",12,2.34,1.57,0.0163,1.1,5.45,-3.17,-3.33,-1.83,487,533,273,55,"18",26,NA,NA,87,2
"Tyler Badie","RB","DEN",12,2.32,0.482,0.175,1.77,2.85,-3.19,-2.66,-4.43,491,440,531,56,"19",27,NA,NA,9,3
"Cam Ward","QB","TEN",10,13.1,1.67,0.025,11.4,16,-3.23,-3.46,-3.2,496,543,420,26,"8",23,NA,NA,54,0
"Tua Tagovailoa","QB","MIA",12,13.1,1.73,4.66,11.6,16,-3.26,-3.22,-3.2,500,521,419,27,"9",28,NA,NA,63,5
"Demario Douglas","WR","NE",14,4.16,0.909,0.0634,3.41,5.68,-3.26,-2.65,-3.65,499,438,462,63,"12",25,NA,NA,28,2
"Ivan Pace","LB","MIN",6,3.22,1.38,0.0274,2.03,4.65,-3.27,-2.9,-4.42,503,476,530,53,"4",25,NA,NA,34,2
"Justin Strnad","LB","DEN",12,3.2,0.495,0.0803,2.81,3.49,-3.3,-2.11,-5.57,507,357,610,54,"5",29,NA,NA,16,5
"Andrei Iosivas","WR","CIN",10,4.1,0.646,0.0509,3.22,4.93,-3.32,-2.84,-4.4,508,471,528,64,"12",26,NA,NA,8,2
"Kyle Juszczyk","RB","SF",14,2.15,0.878,0.0092,1.31,3.3,-3.36,-3.12,-3.98,512,514,495,57,"19",35,NA,NA,36,12
"Dylan Sampson","RB","CLE",9,2.14,0.571,0.278,1.69,3.05,-3.37,-2.74,-4.23,516,457,512,58,"19",21,NA,NA,10,0
"KaVontae Turpin","WR","DAL",10,4.05,0.666,0.142,3.26,4.91,-3.37,-2.8,-4.42,515,462,529,65,"12",29,NA,NA,13,3
"Christian Elliss","LB","NE",14,3.12,0.354,0.1,2.9,3.39,-3.38,-2.02,-5.68,517,350,615,55,"5",27,NA,NA,11,4
"Dorian Williams","LB","BUF",7,3.02,0.354,0.0191,2.8,3.29,-3.48,-2.12,-5.78,528,360,625,56,"5",24,NA,NA,11,2
"Tatum Bethune","LB","SF",14,3,2.62,0.0707,0.978,4.57,-3.5,-3.95,-4.5,532,597,540,57,"5",25,NA,NA,91,1
"Jalen Coker","WR","CAR",14,3.9,0.396,0.021,3.38,4.61,-3.51,-2.69,-4.73,533,441,552,66,"12",24,NA,NA,1,1
"Nick Westbrook-Ikhine","WR","MIA",12,3.88,1.13,0.075,2.27,5.45,-3.53,-3.79,-3.88,535,577,483,67,"12",29,NA,NA,52,5
"Darius Muasau","LB","NYG",14,2.93,0.283,0.207,2.71,3.1,-3.57,-2.22,-5.97,542,376,642,58,"5",25,NA,NA,5,1
"Jake Tonges","TE","SF",14,3.31,1.51,0.0221,1.57,5.31,-3.59,-4.45,-2.63,544,647,353,32,"8",26,NA,NA,91,3
"Luther Burden","WR","CHI",5,3.81,1.01,0.0798,2.61,5.3,-3.61,-3.46,-4.04,545,542,496,68,"12",22,NA,NA,42,0
"Darnell Washington","TE","PIT",5,3.28,0.227,0.49,2.91,3.45,-3.61,-3.11,-4.49,546,507,539,33,"9",24,NA,NA,1,2
"Nyheim Hines","RB","LAC",12,1.86,1.24,0.0506,0.423,2.7,-3.65,-4.01,-4.58,548,601,547,59,"19",29,NA,NA,66,7
"DeAndre Hopkins","WR","BAL",7,3.73,0.926,0.0774,2.83,5.42,-3.69,-3.23,-3.91,553,522,486,69,"13",33,NA,NA,30,12
"Jaret Patterson","RB","LAC",12,1.81,0.029,0.118,1.79,1.83,-3.7,-2.64,-5.45,554,437,601,60,"19",26,NA,NA,1,4
"Jalen Nailor","WR","MIN",6,3.65,0.944,0.388,2.36,4.72,-3.76,-3.7,-4.62,561,566,549,70,"13",27,NA,NA,32,3
"Cole Holcomb","LB","PIT",5,2.72,0.849,0.00636,2.21,3.37,-3.78,-2.71,-5.69,562,452,616,59,"5",29,NA,NA,21,6
"Leo Chenal","LB","KC",10,2.71,0.141,0.0146,2.6,2.8,-3.79,-2.32,-6.27,564,388,662,60,"5",25,NA,NA,1,3
"Will Shipley","RB","PHI",9,1.69,0.607,0.000181,0.912,2.39,-3.82,-3.52,-4.89,568,544,565,61,"19",23,NA,NA,14,1
"Trayveon Williams","RB","LAC",12,1.69,NA,0.0074,NA,NA,-3.82,NA,NA,569,NA,NA,62,"19",28,NA,NA,NA,6
"MarShawn Lloyd","RB","GB",5,1.68,0.0546,0.0709,1.61,1.72,-3.83,-2.82,-5.56,570,470,609,63,"19",25,NA,NA,1,1
"Chris Brooks","RB","GB",5,1.61,0.581,0.0543,1.2,2.5,-3.9,-3.23,-4.78,578,523,557,64,"19",26,NA,NA,11,2
"Dameon Pierce","RB","HOU",6,1.56,0.694,0.109,1.08,2.04,-3.95,-3.35,-5.24,581,534,589,65,"19",26,NA,NA,19,3
"Cam Akers","RB","MIN",6,1.45,1.5,0.121,0.548,2.61,-4.06,-3.88,-4.67,586,587,550,66,"19",26,NA,NA,83,5
"Taysom Hill","TE","NO",11,2.79,1.06,0.0726,1.84,4.32,-4.1,-4.18,-3.62,588,619,459,34,"9",35,NA,NA,66,8
"Matthew Wright","K","TEN",10,3.9,NA,0.0672,NA,NA,-4.1,NA,NA,589,NA,NA,28,"4",30,NA,NA,NA,6
"Mack Hollins","WR","NE",14,3.26,0.957,0.119,2.51,5.08,-4.15,-3.56,-4.26,591,550,516,71,"13",32,NA,NA,35,8
"Tanner Hudson","TE","CIN",10,2.72,0.563,0.0237,2.17,3.47,-4.17,-3.85,-4.47,595,584,536,35,"9",31,NA,NA,14,7
"Jake Moody","K","CHI",5,3.83,3.05,1.7,1.29,7.62,-4.17,-4.62,-2.12,594,664,317,29,"5",26,NA,NA,96,2
"Isaac Guerendo","RB","SF",14,1.33,0.622,0.0226,0.401,2.15,-4.18,-4.03,-5.12,596,604,581,67,"19",25,NA,NA,16,1
"Dawson Knox","TE","BUF",7,2.7,0.648,0.0243,1.91,3.48,-4.19,-4.11,-4.46,598,613,533,36,"9",29,NA,NA,23,6
"Jaleel McLaughlin","RB","DEN",12,1.3,0.585,0.0574,0.675,2.18,-4.2,-3.75,-5.1,601,574,580,68,"20",25,NA,NA,13,2
"Kaleb Johnson","RB","PIT",5,1.25,0.934,0.0278,0.579,2.92,-4.26,-3.85,-4.36,607,585,525,69,"20",22,NA,NA,43,0
"Curtis Samuel","WR","BUF",7,3.14,1.24,0.000505,2.02,4.98,-4.27,-4.05,-4.35,608,605,524,72,"13",29,NA,NA,56,8
"Julius Chestnut","RB","TEN",10,1.22,0.849,0.0564,0.326,2.29,-4.29,-4.1,-4.99,610,612,571,70,"20",25,NA,NA,34,3
"Elijah Mitchell","RB","KC",10,1.16,0.144,0.00103,1.01,1.33,-4.35,-3.42,-5.95,615,540,640,71,"20",28,NA,NA,3,4
"Tyler Goodson","RB","IND",11,1.16,0.797,0.001,0.334,2.34,-4.35,-4.1,-4.94,616,608,566,72,"20",25,NA,NA,29,3
"Jason Sanders","K","MIA",12,2.13,3.44,0,0.0263,7.14,-5.87,-5.89,-2.6,774,735,351,30,"5",30,NA,NA,99,7
"Bryce Young","QB","CAR",14,8.41,2.94,2.43,6.73,11.7,-7.92,-8.12,-7.5,823,737,705,28,"10",29,NA,NA,86,2
"Bryce Young","QB","CAR",14,8.41,2.94,2.43,6.73,11.7,-7.92,-8.12,-7.5,823,737,705,28,"10",29,NA,NA,86,2
"Cooper Rush","QB","BAL",7,5.99,7.58,3.07,0.899,11.3,-10.3,-14,-7.9,824,739,715,29,"11",32,NA,NA,99,8
"Jake Browning","QB","CIN",10,2.92,4.16,0.719,0.633,7.84,-13.4,-14.2,-11.3,825,746,737,30,"12",30,NA,NA,94,6
"Quinn Ewers","QB","MIA",12,2.2,NA,0.254,NA,NA,-14.1,NA,NA,826,NA,NA,31,"12",23,NA,NA,NA,0
"Tanner McKee","QB","PHI",9,1.95,1.73,0.00607,0.784,3.15,-14.4,-14.1,-16,827,741,740,32,"12",26,NA,NA,66,2
"Shedeur Sanders","QB","CLE",9,1.94,1.73,0.111,0.95,3.85,-14.4,-13.9,-15.3,828,738,738,33,"12",24,NA,NA,60,0
"Davis Mills","QB","HOU",6,1.83,1.48,0.593,0.836,2.85,-14.5,-14,-16.3,829,740,741,34,"13",27,NA,NA,37,4
"Russell Wilson","QB","NYG",14,1.24,1.22,0.00322,0.624,3.3,-15.1,-14.2,-15.9,830,749,739,35,"13",37,NA,NA,29,13
"Mason Rudolph","QB","PIT",5,1.23,0.956,0.0661,0.734,2.59,-15.1,-14.1,-16.6,831,742,743,36,"13",30,NA,NA,11,7
